# Blender 5.2.0 LTS
# www.blender.org
mtllib ThickCard.mtl
o Card
v 0.023314 -0.000117 -0.033985
v 0.023314 -0.000117 -0.006620
v 0.022715 -0.000117 -0.006045
v -0.022645 -0.000117 -0.006045
v -0.023294 -0.000117 -0.006669
v -0.023294 -0.000117 -0.033902
v -0.022669 -0.000117 -0.034503
v 0.022769 -0.000117 -0.034509
v 0.023314 -0.000212 -0.033985
v 0.023314 -0.000212 -0.006620
v 0.022715 -0.000212 -0.006045
v -0.022645 -0.000212 -0.006045
v -0.023294 -0.000212 -0.006669
v -0.023294 -0.000212 -0.033902
v -0.022669 -0.000212 -0.034503
v 0.022769 -0.000212 -0.034509
v 0.023314 -0.000212 -0.033985
v 0.023324 -0.000211 -0.033990
v 0.023333 -0.000206 -0.033993
v 0.023340 -0.000199 -0.033996
v 0.023344 -0.000191 -0.033998
v 0.023346 -0.000181 -0.033999
v 0.023346 -0.000149 -0.033999
v 0.023344 -0.000139 -0.033998
v 0.023340 -0.000130 -0.033996
v 0.023333 -0.000123 -0.033993
v 0.023324 -0.000119 -0.033990
v 0.023314 -0.000117 -0.033985
v 0.023314 -0.000212 -0.006620
v 0.023324 -0.000211 -0.006616
v 0.023333 -0.000206 -0.006612
v 0.023340 -0.000199 -0.006609
v 0.023344 -0.000191 -0.006607
v 0.023346 -0.000181 -0.006607
v 0.023346 -0.000149 -0.006607
v 0.023344 -0.000139 -0.006607
v 0.023340 -0.000130 -0.006609
v 0.023333 -0.000123 -0.006612
v 0.023324 -0.000119 -0.006616
v 0.023314 -0.000117 -0.006620
v 0.022715 -0.000212 -0.006045
v 0.022719 -0.000211 -0.006036
v 0.022723 -0.000206 -0.006027
v 0.022726 -0.000199 -0.006020
v 0.022728 -0.000191 -0.006015
v 0.022728 -0.000181 -0.006014
v 0.022728 -0.000149 -0.006014
v 0.022728 -0.000139 -0.006015
v 0.022726 -0.000130 -0.006020
v 0.022723 -0.000123 -0.006027
v 0.022719 -0.000119 -0.006036
v 0.022715 -0.000117 -0.006045
v -0.022645 -0.000212 -0.006045
v -0.022649 -0.000211 -0.006036
v -0.022652 -0.000206 -0.006027
v -0.022655 -0.000199 -0.006020
v -0.022657 -0.000191 -0.006015
v -0.022658 -0.000181 -0.006014
v -0.022658 -0.000149 -0.006014
v -0.022657 -0.000139 -0.006015
v -0.022655 -0.000130 -0.006020
v -0.022652 -0.000123 -0.006027
v -0.022649 -0.000119 -0.006036
v -0.022645 -0.000117 -0.006045
v -0.023294 -0.000212 -0.006669
v -0.023304 -0.000211 -0.006665
v -0.023313 -0.000206 -0.006661
v -0.023320 -0.000199 -0.006658
v -0.023325 -0.000191 -0.006656
v -0.023326 -0.000181 -0.006656
v -0.023326 -0.000149 -0.006656
v -0.023325 -0.000139 -0.006656
v -0.023320 -0.000130 -0.006658
v -0.023313 -0.000123 -0.006661
v -0.023304 -0.000119 -0.006665
v -0.023294 -0.000117 -0.006669
v -0.023294 -0.000212 -0.033902
v -0.023304 -0.000211 -0.033906
v -0.023313 -0.000206 -0.033910
v -0.023320 -0.000199 -0.033913
v -0.023325 -0.000191 -0.033915
v -0.023326 -0.000181 -0.033916
v -0.023326 -0.000149 -0.033916
v -0.023325 -0.000139 -0.033915
v -0.023320 -0.000130 -0.033913
v -0.023313 -0.000123 -0.033910
v -0.023304 -0.000119 -0.033906
v -0.023294 -0.000117 -0.033902
v -0.022669 -0.000212 -0.034503
v -0.022673 -0.000211 -0.034513
v -0.022676 -0.000206 -0.034522
v -0.022679 -0.000199 -0.034529
v -0.022681 -0.000191 -0.034533
v -0.022681 -0.000181 -0.034535
v -0.022681 -0.000149 -0.034535
v -0.022681 -0.000139 -0.034533
v -0.022679 -0.000130 -0.034529
v -0.022676 -0.000123 -0.034522
v -0.022673 -0.000119 -0.034513
v -0.022669 -0.000117 -0.034503
v 0.022769 -0.000212 -0.034509
v 0.022773 -0.000211 -0.034518
v 0.022777 -0.000206 -0.034527
v 0.022779 -0.000199 -0.034534
v 0.022781 -0.000191 -0.034539
v 0.022782 -0.000181 -0.034540
v 0.022782 -0.000149 -0.034540
v 0.022781 -0.000139 -0.034539
v 0.022779 -0.000130 -0.034534
v 0.022777 -0.000123 -0.034527
v 0.022773 -0.000119 -0.034518
v 0.022769 -0.000117 -0.034509
v 0.031728 -0.000131 -0.043873
v 0.031728 -0.000131 -0.038454
v 0.031303 -0.000131 -0.038046
v 0.031303 -0.000131 0.039987
v 0.031750 -0.000131 0.040417
v 0.031750 -0.000131 0.044077
v 0.030275 -0.000131 0.045494
v 0.026833 -0.000131 0.045494
v 0.026344 -0.000131 0.045025
v -0.026260 -0.000131 0.045025
v -0.026766 -0.000131 0.045510
v -0.030136 -0.000131 0.045510
v -0.031725 -0.000131 0.043985
v -0.031725 -0.000131 0.040627
v -0.031256 -0.000131 0.040177
v -0.031256 -0.000131 -0.038042
v -0.031659 -0.000131 -0.038428
v -0.031659 -0.000131 -0.043785
v -0.029848 -0.000131 -0.045524
v 0.029971 -0.000131 -0.045561
v 0.031728 -0.000829 -0.043873
v 0.031728 -0.000829 -0.038454
v 0.031303 -0.000829 -0.038046
v 0.031303 -0.000829 0.039987
v 0.031750 -0.000829 0.040417
v 0.031750 -0.000829 0.044077
v 0.030275 -0.000829 0.045494
v 0.026833 -0.000829 0.045494
v 0.026344 -0.000829 0.045025
v -0.026260 -0.000829 0.045025
v -0.026766 -0.000829 0.045510
v -0.030136 -0.000829 0.045510
v -0.031725 -0.000829 0.043985
v -0.031725 -0.000829 0.040627
v -0.031256 -0.000829 0.040177
v -0.031256 -0.000829 -0.038042
v -0.031659 -0.000829 -0.038428
v -0.031659 -0.000829 -0.043785
v -0.029848 -0.000829 -0.045524
v 0.029971 -0.000829 -0.045561
v 0.031728 -0.000829 -0.043873
v 0.031737 -0.000827 -0.043877
v 0.031746 -0.000822 -0.043881
v 0.031753 -0.000815 -0.043884
v 0.031758 -0.000807 -0.043886
v 0.031759 -0.000797 -0.043886
v 0.031759 -0.000163 -0.043886
v 0.031758 -0.000153 -0.043886
v 0.031753 -0.000144 -0.043884
v 0.031746 -0.000137 -0.043881
v 0.031737 -0.000133 -0.043877
v 0.031728 -0.000131 -0.043873
v 0.031728 -0.000829 -0.038454
v 0.031737 -0.000827 -0.038450
v 0.031746 -0.000822 -0.038446
v 0.031753 -0.000815 -0.038443
v 0.031758 -0.000807 -0.038441
v 0.031759 -0.000797 -0.038440
v 0.031759 -0.000163 -0.038440
v 0.031758 -0.000153 -0.038441
v 0.031753 -0.000144 -0.038443
v 0.031746 -0.000137 -0.038446
v 0.031737 -0.000133 -0.038450
v 0.031728 -0.000131 -0.038454
v 0.031303 -0.000829 -0.038046
v 0.031312 -0.000827 -0.038042
v 0.031321 -0.000822 -0.038038
v 0.031328 -0.000815 -0.038035
v 0.031333 -0.000807 -0.038033
v 0.031334 -0.000797 -0.038032
v 0.031334 -0.000163 -0.038032
v 0.031333 -0.000153 -0.038033
v 0.031328 -0.000144 -0.038035
v 0.031321 -0.000137 -0.038038
v 0.031312 -0.000133 -0.038042
v 0.031303 -0.000131 -0.038046
v 0.031303 -0.000829 0.039987
v 0.031312 -0.000827 0.039983
v 0.031321 -0.000822 0.039979
v 0.031328 -0.000815 0.039976
v 0.031333 -0.000807 0.039974
v 0.031334 -0.000797 0.039973
v 0.031334 -0.000163 0.039973
v 0.031333 -0.000153 0.039974
v 0.031328 -0.000144 0.039976
v 0.031321 -0.000137 0.039979
v 0.031312 -0.000133 0.039983
v 0.031303 -0.000131 0.039987
v 0.031750 -0.000829 0.040417
v 0.031760 -0.000827 0.040412
v 0.031769 -0.000822 0.040409
v 0.031776 -0.000815 0.040406
v 0.031780 -0.000807 0.040404
v 0.031782 -0.000797 0.040403
v 0.031782 -0.000163 0.040403
v 0.031780 -0.000153 0.040404
v 0.031776 -0.000144 0.040406
v 0.031769 -0.000137 0.040409
v 0.031760 -0.000133 0.040412
v 0.031750 -0.000131 0.040417
v 0.031750 -0.000829 0.044077
v 0.031760 -0.000827 0.044081
v 0.031769 -0.000822 0.044085
v 0.031776 -0.000815 0.044088
v 0.031780 -0.000807 0.044090
v 0.031782 -0.000797 0.044091
v 0.031782 -0.000163 0.044091
v 0.031780 -0.000153 0.044090
v 0.031776 -0.000144 0.044088
v 0.031769 -0.000137 0.044085
v 0.031760 -0.000133 0.044081
v 0.031750 -0.000131 0.044077
v 0.030275 -0.000829 0.045494
v 0.030279 -0.000827 0.045503
v 0.030283 -0.000822 0.045512
v 0.030285 -0.000815 0.045519
v 0.030287 -0.000807 0.045524
v 0.030288 -0.000797 0.045525
v 0.030288 -0.000163 0.045525
v 0.030287 -0.000153 0.045524
v 0.030285 -0.000144 0.045519
v 0.030283 -0.000137 0.045512
v 0.030279 -0.000133 0.045503
v 0.030275 -0.000131 0.045494
v 0.026833 -0.000829 0.045494
v 0.026829 -0.000827 0.045503
v 0.026825 -0.000822 0.045512
v 0.026822 -0.000815 0.045519
v 0.026821 -0.000807 0.045524
v 0.026820 -0.000797 0.045525
v 0.026820 -0.000163 0.045525
v 0.026821 -0.000153 0.045524
v 0.026822 -0.000144 0.045519
v 0.026825 -0.000137 0.045512
v 0.026829 -0.000133 0.045503
v 0.026833 -0.000131 0.045494
v 0.026344 -0.000829 0.045025
v 0.026340 -0.000827 0.045034
v 0.026337 -0.000822 0.045043
v 0.026334 -0.000815 0.045050
v 0.026332 -0.000807 0.045055
v 0.026331 -0.000797 0.045056
v 0.026331 -0.000163 0.045056
v 0.026332 -0.000153 0.045055
v 0.026334 -0.000144 0.045050
v 0.026337 -0.000137 0.045043
v 0.026340 -0.000133 0.045034
v 0.026344 -0.000131 0.045025
v -0.026260 -0.000829 0.045025
v -0.026256 -0.000827 0.045034
v -0.026253 -0.000822 0.045043
v -0.026250 -0.000815 0.045050
v -0.026248 -0.000807 0.045055
v -0.026248 -0.000797 0.045056
v -0.026248 -0.000163 0.045056
v -0.026248 -0.000153 0.045055
v -0.026250 -0.000144 0.045050
v -0.026253 -0.000137 0.045043
v -0.026256 -0.000133 0.045034
v -0.026260 -0.000131 0.045025
v -0.026766 -0.000829 0.045510
v -0.026762 -0.000827 0.045520
v -0.026759 -0.000822 0.045529
v -0.026756 -0.000815 0.045536
v -0.026754 -0.000807 0.045540
v -0.026753 -0.000797 0.045542
v -0.026753 -0.000163 0.045542
v -0.026754 -0.000153 0.045540
v -0.026756 -0.000144 0.045536
v -0.026759 -0.000137 0.045529
v -0.026762 -0.000133 0.045520
v -0.026766 -0.000131 0.045510
v -0.030136 -0.000829 0.045510
v -0.030140 -0.000827 0.045520
v -0.030144 -0.000822 0.045529
v -0.030146 -0.000815 0.045536
v -0.030148 -0.000807 0.045540
v -0.030149 -0.000797 0.045542
v -0.030149 -0.000163 0.045542
v -0.030148 -0.000153 0.045540
v -0.030146 -0.000144 0.045536
v -0.030144 -0.000137 0.045529
v -0.030140 -0.000133 0.045520
v -0.030136 -0.000131 0.045510
v -0.031725 -0.000829 0.043985
v -0.031735 -0.000827 0.043989
v -0.031743 -0.000822 0.043993
v -0.031750 -0.000815 0.043995
v -0.031755 -0.000807 0.043997
v -0.031756 -0.000797 0.043998
v -0.031756 -0.000163 0.043998
v -0.031755 -0.000153 0.043997
v -0.031750 -0.000144 0.043995
v -0.031743 -0.000137 0.043993
v -0.031735 -0.000133 0.043989
v -0.031725 -0.000131 0.043985
v -0.031725 -0.000829 0.040627
v -0.031735 -0.000827 0.040623
v -0.031743 -0.000822 0.040619
v -0.031750 -0.000815 0.040616
v -0.031755 -0.000807 0.040614
v -0.031756 -0.000797 0.040613
v -0.031756 -0.000163 0.040613
v -0.031755 -0.000153 0.040614
v -0.031750 -0.000144 0.040616
v -0.031743 -0.000137 0.040619
v -0.031735 -0.000133 0.040623
v -0.031725 -0.000131 0.040627
v -0.031256 -0.000829 0.040177
v -0.031266 -0.000827 0.040173
v -0.031275 -0.000822 0.040169
v -0.031282 -0.000815 0.040166
v -0.031286 -0.000807 0.040164
v -0.031288 -0.000797 0.040163
v -0.031288 -0.000163 0.040163
v -0.031286 -0.000153 0.040164
v -0.031282 -0.000144 0.040166
v -0.031275 -0.000137 0.040169
v -0.031266 -0.000133 0.040173
v -0.031256 -0.000131 0.040177
v -0.031256 -0.000829 -0.038042
v -0.031266 -0.000827 -0.038037
v -0.031275 -0.000822 -0.038034
v -0.031282 -0.000815 -0.038031
v -0.031286 -0.000807 -0.038029
v -0.031288 -0.000797 -0.038028
v -0.031288 -0.000163 -0.038028
v -0.031286 -0.000153 -0.038029
v -0.031282 -0.000144 -0.038031
v -0.031275 -0.000137 -0.038034
v -0.031266 -0.000133 -0.038037
v -0.031256 -0.000131 -0.038042
v -0.031659 -0.000829 -0.038428
v -0.031668 -0.000827 -0.038424
v -0.031677 -0.000822 -0.038420
v -0.031684 -0.000815 -0.038417
v -0.031689 -0.000807 -0.038415
v -0.031690 -0.000797 -0.038415
v -0.031690 -0.000163 -0.038415
v -0.031689 -0.000153 -0.038415
v -0.031684 -0.000144 -0.038417
v -0.031677 -0.000137 -0.038420
v -0.031668 -0.000133 -0.038424
v -0.031659 -0.000131 -0.038428
v -0.031659 -0.000829 -0.043785
v -0.031668 -0.000827 -0.043789
v -0.031677 -0.000822 -0.043793
v -0.031684 -0.000815 -0.043796
v -0.031689 -0.000807 -0.043798
v -0.031690 -0.000797 -0.043799
v -0.031690 -0.000163 -0.043799
v -0.031689 -0.000153 -0.043798
v -0.031684 -0.000144 -0.043796
v -0.031677 -0.000137 -0.043793
v -0.031668 -0.000133 -0.043789
v -0.031659 -0.000131 -0.043785
v -0.029848 -0.000829 -0.045524
v -0.029852 -0.000827 -0.045534
v -0.029856 -0.000822 -0.045543
v -0.029858 -0.000815 -0.045550
v -0.029860 -0.000807 -0.045554
v -0.029861 -0.000797 -0.045556
v -0.029861 -0.000163 -0.045556
v -0.029860 -0.000153 -0.045554
v -0.029858 -0.000144 -0.045550
v -0.029856 -0.000137 -0.045543
v -0.029852 -0.000133 -0.045534
v -0.029848 -0.000131 -0.045524
v 0.029971 -0.000829 -0.045561
v 0.029975 -0.000827 -0.045570
v 0.029978 -0.000822 -0.045579
v 0.029981 -0.000815 -0.045586
v 0.029983 -0.000807 -0.045591
v 0.029983 -0.000797 -0.045592
v 0.029983 -0.000163 -0.045592
v 0.029983 -0.000153 -0.045591
v 0.029981 -0.000144 -0.045586
v 0.029978 -0.000137 -0.045579
v 0.029975 -0.000133 -0.045570
v 0.029971 -0.000131 -0.045561
v -0.024741 0.000160 0.040199
v -0.021595 0.000160 0.043822
v -0.026479 0.000160 0.043822
v -0.029851 0.000160 0.040335
v -0.029851 0.000160 0.032778
v -0.027693 0.000160 0.029949
v -0.027693 0.000160 0.016684
v -0.030070 0.000160 0.013619
v -0.030070 0.000160 -0.008369
v -0.027241 0.000160 -0.011620
v -0.027241 0.000160 -0.023967
v -0.029231 0.000160 -0.026672
v -0.029231 0.000160 -0.038535
v -0.024431 0.000160 -0.043145
v -0.023985 0.000160 -0.043145
v -0.025784 0.000160 -0.041417
v -0.021892 0.000160 -0.037480
v -0.025716 0.000160 -0.037480
v -0.026924 0.000160 -0.036320
v -0.026924 0.000160 -0.004411
v -0.025603 0.000160 -0.003142
v -0.023701 0.000160 -0.003142
v -0.023701 0.000160 -0.002115
v -0.027461 0.000160 -0.000663
v -0.027461 0.000160 0.006186
v -0.023766 0.000160 0.007576
v -0.023766 0.000160 0.009276
v -0.024741 0.000160 0.010213
v -0.024741 -0.000220 0.040199
v -0.021595 -0.000220 0.043822
v -0.026479 -0.000220 0.043822
v -0.029851 -0.000220 0.040335
v -0.029851 -0.000220 0.032778
v -0.027693 -0.000220 0.029949
v -0.027693 -0.000220 0.016684
v -0.030070 -0.000220 0.013619
v -0.030070 -0.000220 -0.008369
v -0.027241 -0.000220 -0.011620
v -0.027241 -0.000220 -0.023967
v -0.029231 -0.000220 -0.026672
v -0.029231 -0.000220 -0.038535
v -0.024431 -0.000220 -0.043145
v -0.023985 -0.000220 -0.043145
v -0.025784 -0.000220 -0.041417
v -0.021892 -0.000220 -0.037480
v -0.025716 -0.000220 -0.037480
v -0.026924 -0.000220 -0.036320
v -0.026924 -0.000220 -0.004411
v -0.025603 -0.000220 -0.003142
v -0.023701 -0.000220 -0.003142
v -0.023701 -0.000220 -0.002115
v -0.027461 -0.000220 -0.000663
v -0.027461 -0.000220 0.006186
v -0.023766 -0.000220 0.007576
v -0.023766 -0.000220 0.009276
v -0.024741 -0.000220 0.010213
v -0.024741 -0.000220 0.040199
v -0.024731 -0.000219 0.040195
v -0.024722 -0.000214 0.040192
v -0.024715 -0.000207 0.040189
v -0.024711 -0.000198 0.040188
v -0.024709 -0.000188 0.040187
v -0.024709 0.000129 0.040187
v -0.024711 0.000138 0.040188
v -0.024715 0.000147 0.040189
v -0.024722 0.000154 0.040192
v -0.024731 0.000159 0.040195
v -0.024741 0.000160 0.040199
v -0.021595 -0.000220 0.043822
v -0.021574 -0.000219 0.043832
v -0.021554 -0.000214 0.043841
v -0.021539 -0.000207 0.043848
v -0.021529 -0.000198 0.043852
v -0.021525 -0.000188 0.043854
v -0.021525 0.000129 0.043854
v -0.021529 0.000138 0.043852
v -0.021539 0.000147 0.043848
v -0.021554 0.000154 0.043841
v -0.021574 0.000159 0.043832
v -0.021595 0.000160 0.043822
v -0.026479 -0.000220 0.043822
v -0.026483 -0.000219 0.043832
v -0.026487 -0.000214 0.043841
v -0.026490 -0.000207 0.043848
v -0.026491 -0.000198 0.043852
v -0.026492 -0.000188 0.043854
v -0.026492 0.000129 0.043854
v -0.026491 0.000138 0.043852
v -0.026490 0.000147 0.043848
v -0.026487 0.000154 0.043841
v -0.026483 0.000159 0.043832
v -0.026479 0.000160 0.043822
v -0.029851 -0.000220 0.040335
v -0.029861 -0.000219 0.040339
v -0.029869 -0.000214 0.040343
v -0.029876 -0.000207 0.040346
v -0.029881 -0.000198 0.040348
v -0.029882 -0.000188 0.040348
v -0.029882 0.000129 0.040348
v -0.029881 0.000138 0.040348
v -0.029876 0.000147 0.040346
v -0.029869 0.000154 0.040343
v -0.029861 0.000159 0.040339
v -0.029851 0.000160 0.040335
v -0.029851 -0.000220 0.032778
v -0.029861 -0.000219 0.032775
v -0.029869 -0.000214 0.032772
v -0.029876 -0.000207 0.032770
v -0.029881 -0.000198 0.032768
v -0.029882 -0.000188 0.032768
v -0.029882 0.000129 0.032768
v -0.029881 0.000138 0.032768
v -0.029876 0.000147 0.032770
v -0.029869 0.000154 0.032772
v -0.029861 0.000159 0.032775
v -0.029851 0.000160 0.032778
v -0.027693 -0.000220 0.029949
v -0.027703 -0.000219 0.029946
v -0.027712 -0.000214 0.029943
v -0.027719 -0.000207 0.029941
v -0.027723 -0.000198 0.029939
v -0.027725 -0.000188 0.029939
v -0.027725 0.000129 0.029939
v -0.027723 0.000138 0.029939
v -0.027719 0.000147 0.029941
v -0.027712 0.000154 0.029943
v -0.027703 0.000159 0.029946
v -0.027693 0.000160 0.029949
v -0.027693 -0.000220 0.016684
v -0.027703 -0.000219 0.016688
v -0.027712 -0.000214 0.016691
v -0.027719 -0.000207 0.016693
v -0.027723 -0.000198 0.016695
v -0.027725 -0.000188 0.016695
v -0.027725 0.000129 0.016695
v -0.027723 0.000138 0.016695
v -0.027719 0.000147 0.016693
v -0.027712 0.000154 0.016691
v -0.027703 0.000159 0.016688
v -0.027693 0.000160 0.016684
v -0.030070 -0.000220 0.013619
v -0.030080 -0.000219 0.013623
v -0.030089 -0.000214 0.013626
v -0.030096 -0.000207 0.013628
v -0.030101 -0.000198 0.013630
v -0.030102 -0.000188 0.013630
v -0.030102 0.000129 0.013630
v -0.030101 0.000138 0.013630
v -0.030096 0.000147 0.013628
v -0.030089 0.000154 0.013626
v -0.030080 0.000159 0.013623
v -0.030070 0.000160 0.013619
v -0.030070 -0.000220 -0.008369
v -0.030080 -0.000219 -0.008373
v -0.030089 -0.000214 -0.008376
v -0.030096 -0.000207 -0.008379
v -0.030101 -0.000198 -0.008380
v -0.030102 -0.000188 -0.008381
v -0.030102 0.000129 -0.008381
v -0.030101 0.000138 -0.008380
v -0.030096 0.000147 -0.008379
v -0.030089 0.000154 -0.008376
v -0.030080 0.000159 -0.008373
v -0.030070 0.000160 -0.008369
v -0.027241 -0.000220 -0.011620
v -0.027251 -0.000219 -0.011624
v -0.027260 -0.000214 -0.011627
v -0.027267 -0.000207 -0.011630
v -0.027271 -0.000198 -0.011632
v -0.027273 -0.000188 -0.011632
v -0.027273 0.000129 -0.011632
v -0.027271 0.000138 -0.011632
v -0.027267 0.000147 -0.011630
v -0.027260 0.000154 -0.011627
v -0.027251 0.000159 -0.011624
v -0.027241 0.000160 -0.011620
v -0.027241 -0.000220 -0.023967
v -0.027251 -0.000219 -0.023964
v -0.027260 -0.000214 -0.023961
v -0.027267 -0.000207 -0.023959
v -0.027271 -0.000198 -0.023957
v -0.027273 -0.000188 -0.023957
v -0.027273 0.000129 -0.023957
v -0.027271 0.000138 -0.023957
v -0.027267 0.000147 -0.023959
v -0.027260 0.000154 -0.023961
v -0.027251 0.000159 -0.023964
v -0.027241 0.000160 -0.023967
v -0.029231 -0.000220 -0.026672
v -0.029240 -0.000219 -0.026669
v -0.029249 -0.000214 -0.026666
v -0.029256 -0.000207 -0.026664
v -0.029261 -0.000198 -0.026662
v -0.029262 -0.000188 -0.026662
v -0.029262 0.000129 -0.026662
v -0.029261 0.000138 -0.026662
v -0.029256 0.000147 -0.026664
v -0.029249 0.000154 -0.026666
v -0.029240 0.000159 -0.026669
v -0.029231 0.000160 -0.026672
v -0.029231 -0.000220 -0.038535
v -0.029240 -0.000219 -0.038539
v -0.029249 -0.000214 -0.038543
v -0.029256 -0.000207 -0.038546
v -0.029261 -0.000198 -0.038548
v -0.029262 -0.000188 -0.038548
v -0.029262 0.000129 -0.038548
v -0.029261 0.000138 -0.038548
v -0.029256 0.000147 -0.038546
v -0.029249 0.000154 -0.038543
v -0.029240 0.000159 -0.038539
v -0.029231 0.000160 -0.038535
v -0.024431 -0.000220 -0.043145
v -0.024435 -0.000219 -0.043155
v -0.024438 -0.000214 -0.043163
v -0.024441 -0.000207 -0.043170
v -0.024443 -0.000198 -0.043175
v -0.024444 -0.000188 -0.043176
v -0.024444 0.000129 -0.043176
v -0.024443 0.000138 -0.043175
v -0.024441 0.000147 -0.043170
v -0.024438 0.000154 -0.043163
v -0.024435 0.000159 -0.043155
v -0.024431 0.000160 -0.043145
v -0.023985 -0.000220 -0.043145
v -0.023961 -0.000219 -0.043155
v -0.023939 -0.000214 -0.043163
v -0.023921 -0.000207 -0.043170
v -0.023910 -0.000198 -0.043175
v -0.023906 -0.000188 -0.043176
v -0.023906 0.000129 -0.043176
v -0.023910 0.000138 -0.043175
v -0.023921 0.000147 -0.043170
v -0.023939 0.000154 -0.043163
v -0.023961 0.000159 -0.043155
v -0.023985 0.000160 -0.043145
v -0.025784 -0.000220 -0.041417
v -0.025770 -0.000219 -0.041417
v -0.025758 -0.000214 -0.041417
v -0.025748 -0.000207 -0.041416
v -0.025741 -0.000198 -0.041416
v -0.025739 -0.000188 -0.041416
v -0.025739 0.000129 -0.041416
v -0.025741 0.000138 -0.041416
v -0.025748 0.000147 -0.041416
v -0.025758 0.000154 -0.041417
v -0.025770 0.000159 -0.041417
v -0.025784 0.000160 -0.041417
v -0.021892 -0.000220 -0.037480
v -0.021869 -0.000219 -0.037470
v -0.021848 -0.000214 -0.037462
v -0.021831 -0.000207 -0.037455
v -0.021820 -0.000198 -0.037450
v -0.021816 -0.000188 -0.037448
v -0.021816 0.000129 -0.037448
v -0.021820 0.000138 -0.037450
v -0.021831 0.000147 -0.037455
v -0.021848 0.000154 -0.037462
v -0.021869 0.000159 -0.037470
v -0.021892 0.000160 -0.037480
v -0.025716 -0.000220 -0.037480
v -0.025712 -0.000219 -0.037470
v -0.025709 -0.000214 -0.037462
v -0.025706 -0.000207 -0.037455
v -0.025704 -0.000198 -0.037450
v -0.025704 -0.000188 -0.037448
v -0.025704 0.000129 -0.037448
v -0.025704 0.000138 -0.037450
v -0.025706 0.000147 -0.037455
v -0.025709 0.000154 -0.037462
v -0.025712 0.000159 -0.037470
v -0.025716 0.000160 -0.037480
v -0.026924 -0.000220 -0.036320
v -0.026915 -0.000219 -0.036316
v -0.026906 -0.000214 -0.036312
v -0.026899 -0.000207 -0.036309
v -0.026894 -0.000198 -0.036307
v -0.026893 -0.000188 -0.036306
v -0.026893 0.000129 -0.036306
v -0.026894 0.000138 -0.036307
v -0.026899 0.000147 -0.036309
v -0.026906 0.000154 -0.036312
v -0.026915 0.000159 -0.036316
v -0.026924 0.000160 -0.036320
v -0.026924 -0.000220 -0.004411
v -0.026915 -0.000219 -0.004415
v -0.026906 -0.000214 -0.004419
v -0.026899 -0.000207 -0.004422
v -0.026894 -0.000198 -0.004424
v -0.026893 -0.000188 -0.004424
v -0.026893 0.000129 -0.004424
v -0.026894 0.000138 -0.004424
v -0.026899 0.000147 -0.004422
v -0.026906 0.000154 -0.004419
v -0.026915 0.000159 -0.004415
v -0.026924 0.000160 -0.004411
v -0.025603 -0.000220 -0.003142
v -0.025599 -0.000219 -0.003152
v -0.025596 -0.000214 -0.003161
v -0.025593 -0.000207 -0.003168
v -0.025591 -0.000198 -0.003172
v -0.025591 -0.000188 -0.003174
v -0.025591 0.000129 -0.003174
v -0.025591 0.000138 -0.003172
v -0.025593 0.000147 -0.003168
v -0.025596 0.000154 -0.003161
v -0.025599 0.000159 -0.003152
v -0.025603 0.000160 -0.003142
v -0.023701 -0.000220 -0.003142
v -0.023691 -0.000219 -0.003152
v -0.023682 -0.000214 -0.003161
v -0.023675 -0.000207 -0.003168
v -0.023671 -0.000198 -0.003172
v -0.023669 -0.000188 -0.003174
v -0.023669 0.000129 -0.003174
v -0.023671 0.000138 -0.003172
v -0.023675 0.000147 -0.003168
v -0.023682 0.000154 -0.003161
v -0.023691 0.000159 -0.003152
v -0.023701 0.000160 -0.003142
v -0.023701 -0.000220 -0.002115
v -0.023691 -0.000219 -0.002108
v -0.023682 -0.000214 -0.002102
v -0.023675 -0.000207 -0.002098
v -0.023671 -0.000198 -0.002094
v -0.023669 -0.000188 -0.002093
v -0.023669 0.000129 -0.002093
v -0.023671 0.000138 -0.002094
v -0.023675 0.000147 -0.002098
v -0.023682 0.000154 -0.002102
v -0.023691 0.000159 -0.002108
v -0.023701 0.000160 -0.002115
v -0.027461 -0.000220 -0.000663
v -0.027451 -0.000219 -0.000657
v -0.027442 -0.000214 -0.000650
v -0.027435 -0.000207 -0.000646
v -0.027430 -0.000198 -0.000643
v -0.027429 -0.000188 -0.000642
v -0.027429 0.000129 -0.000642
v -0.027430 0.000138 -0.000643
v -0.027435 0.000147 -0.000646
v -0.027442 0.000154 -0.000650
v -0.027451 0.000159 -0.000657
v -0.027461 0.000160 -0.000663
v -0.027461 -0.000220 0.006186
v -0.027451 -0.000219 0.006180
v -0.027442 -0.000214 0.006173
v -0.027435 -0.000207 0.006169
v -0.027430 -0.000198 0.006166
v -0.027429 -0.000188 0.006164
v -0.027429 0.000129 0.006164
v -0.027430 0.000138 0.006166
v -0.027435 0.000147 0.006169
v -0.027442 0.000154 0.006173
v -0.027451 0.000159 0.006180
v -0.027461 0.000160 0.006186
v -0.023766 -0.000220 0.007576
v -0.023756 -0.000219 0.007569
v -0.023747 -0.000214 0.007563
v -0.023740 -0.000207 0.007558
v -0.023735 -0.000198 0.007555
v -0.023734 -0.000188 0.007554
v -0.023734 0.000129 0.007554
v -0.023735 0.000138 0.007555
v -0.023740 0.000147 0.007558
v -0.023747 0.000154 0.007563
v -0.023756 0.000159 0.007569
v -0.023766 0.000160 0.007576
v -0.023766 -0.000220 0.009276
v -0.023756 -0.000219 0.009280
v -0.023747 -0.000214 0.009284
v -0.023740 -0.000207 0.009287
v -0.023735 -0.000198 0.009289
v -0.023734 -0.000188 0.009290
v -0.023734 0.000129 0.009290
v -0.023735 0.000138 0.009289
v -0.023740 0.000147 0.009287
v -0.023747 0.000154 0.009284
v -0.023756 0.000159 0.009280
v -0.023766 0.000160 0.009276
v -0.024741 -0.000220 0.010213
v -0.024731 -0.000219 0.010217
v -0.024722 -0.000214 0.010221
v -0.024715 -0.000207 0.010224
v -0.024711 -0.000198 0.010226
v -0.024709 -0.000188 0.010227
v -0.024709 0.000129 0.010227
v -0.024711 0.000138 0.010226
v -0.024715 0.000147 0.010224
v -0.024722 0.000154 0.010221
v -0.024731 0.000159 0.010217
v -0.024741 0.000160 0.010213
v 0.027601 0.000571 0.006179
v 0.023983 0.000571 0.007530
v -0.023833 0.000571 0.007530
v -0.027488 0.000571 0.006179
v -0.027488 0.000571 -0.000647
v -0.023632 0.000571 -0.002104
v 0.023745 0.000571 -0.002192
v 0.027601 0.000571 -0.000735
v -0.024591 0.000571 0.000261
v -0.024591 0.000571 0.005218
v -0.023276 0.000571 0.005948
v 0.023405 0.000571 0.005948
v 0.024653 0.000571 0.005256
v 0.024653 0.000571 0.000168
v 0.023451 0.000571 -0.000498
v -0.023417 0.000571 -0.000390
v -0.026027 0.000571 0.004846
v -0.026027 0.000571 0.000702
v -0.026065 0.000571 0.000441
v -0.026840 0.000571 0.000441
v -0.026840 0.000571 0.004846
v 0.026039 0.000571 0.004936
v 0.026868 0.000571 0.004936
v 0.026868 0.000571 0.000466
v 0.026039 0.000571 0.000476
v 0.027601 -0.000231 0.006179
v 0.023983 -0.000231 0.007530
v -0.023833 -0.000231 0.007530
v -0.027488 -0.000231 0.006179
v -0.027488 -0.000231 -0.000647
v -0.023632 -0.000231 -0.002104
v 0.023745 -0.000231 -0.002192
v 0.027601 -0.000231 -0.000735
v -0.024591 -0.000231 0.000261
v -0.024591 -0.000231 0.005218
v -0.023276 -0.000231 0.005948
v 0.023405 -0.000231 0.005948
v 0.024653 -0.000231 0.005256
v 0.024653 -0.000231 0.000168
v 0.023451 -0.000231 -0.000498
v -0.023417 -0.000231 -0.000390
v -0.026027 -0.000231 0.004846
v -0.026027 -0.000231 0.000702
v -0.026065 -0.000231 0.000441
v -0.026840 -0.000231 0.000441
v -0.026840 -0.000231 0.004846
v 0.026039 -0.000231 0.004936
v 0.026868 -0.000231 0.004936
v 0.026868 -0.000231 0.000466
v 0.026039 -0.000231 0.000476
v 0.027601 -0.000231 0.006179
v 0.027611 -0.000230 0.006186
v 0.027619 -0.000225 0.006192
v 0.027626 -0.000218 0.006197
v 0.027631 -0.000209 0.006200
v 0.027632 -0.000200 0.006201
v 0.027632 0.000540 0.006201
v 0.027631 0.000550 0.006200
v 0.027626 0.000558 0.006197
v 0.027619 0.000565 0.006192
v 0.027611 0.000570 0.006186
v 0.027601 0.000571 0.006179
v 0.023983 -0.000231 0.007530
v 0.023985 -0.000230 0.007540
v 0.023986 -0.000225 0.007549
v 0.023988 -0.000218 0.007556
v 0.023988 -0.000209 0.007561
v 0.023989 -0.000200 0.007562
v 0.023989 0.000540 0.007562
v 0.023988 0.000550 0.007561
v 0.023988 0.000558 0.007556
v 0.023986 0.000565 0.007549
v 0.023985 0.000570 0.007540
v 0.023983 0.000571 0.007530
v -0.023833 -0.000231 0.007530
v -0.023835 -0.000230 0.007540
v -0.023837 -0.000225 0.007549
v -0.023838 -0.000218 0.007556
v -0.023839 -0.000209 0.007561
v -0.023839 -0.000200 0.007562
v -0.023839 0.000540 0.007562
v -0.023839 0.000550 0.007561
v -0.023838 0.000558 0.007556
v -0.023837 0.000565 0.007549
v -0.023835 0.000570 0.007540
v -0.023833 0.000571 0.007530
v -0.027488 -0.000231 0.006179
v -0.027498 -0.000230 0.006186
v -0.027506 -0.000225 0.006192
v -0.027513 -0.000218 0.006197
v -0.027518 -0.000209 0.006200
v -0.027519 -0.000200 0.006201
v -0.027519 0.000540 0.006201
v -0.027518 0.000550 0.006200
v -0.027513 0.000558 0.006197
v -0.027506 0.000565 0.006192
v -0.027498 0.000570 0.006186
v -0.027488 0.000571 0.006179
v -0.027488 -0.000231 -0.000647
v -0.027498 -0.000230 -0.000654
v -0.027506 -0.000225 -0.000660
v -0.027513 -0.000218 -0.000665
v -0.027518 -0.000209 -0.000668
v -0.027519 -0.000200 -0.000669
v -0.027519 0.000540 -0.000669
v -0.027518 0.000550 -0.000668
v -0.027513 0.000558 -0.000665
v -0.027506 0.000565 -0.000660
v -0.027498 0.000570 -0.000654
v -0.027488 0.000571 -0.000647
v -0.023632 -0.000231 -0.002104
v -0.023634 -0.000230 -0.002114
v -0.023636 -0.000225 -0.002122
v -0.023637 -0.000218 -0.002129
v -0.023638 -0.000209 -0.002134
v -0.023638 -0.000200 -0.002136
v -0.023638 0.000540 -0.002136
v -0.023638 0.000550 -0.002134
v -0.023637 0.000558 -0.002129
v -0.023636 0.000565 -0.002122
v -0.023634 0.000570 -0.002114
v -0.023632 0.000571 -0.002104
v 0.023745 -0.000231 -0.002192
v 0.023747 -0.000230 -0.002201
v 0.023749 -0.000225 -0.002210
v 0.023750 -0.000218 -0.002217
v 0.023751 -0.000209 -0.002222
v 0.023751 -0.000200 -0.002223
v 0.023751 0.000540 -0.002223
v 0.023751 0.000550 -0.002222
v 0.023750 0.000558 -0.002217
v 0.023749 0.000565 -0.002210
v 0.023747 0.000570 -0.002201
v 0.023745 0.000571 -0.002192
v 0.027601 -0.000231 -0.000735
v 0.027611 -0.000230 -0.000742
v 0.027619 -0.000225 -0.000748
v 0.027626 -0.000218 -0.000753
v 0.027631 -0.000209 -0.000756
v 0.027632 -0.000200 -0.000757
v 0.027632 0.000540 -0.000757
v 0.027631 0.000550 -0.000756
v 0.027626 0.000558 -0.000753
v 0.027619 0.000565 -0.000748
v 0.027611 0.000570 -0.000742
v 0.027601 0.000571 -0.000735
v -0.024591 -0.000231 0.000261
v -0.024581 -0.000230 0.000267
v -0.024572 -0.000225 0.000272
v -0.024565 -0.000218 0.000276
v -0.024560 -0.000209 0.000279
v -0.024559 -0.000200 0.000280
v -0.024559 0.000540 0.000280
v -0.024560 0.000550 0.000279
v -0.024565 0.000558 0.000276
v -0.024572 0.000565 0.000272
v -0.024581 0.000570 0.000267
v -0.024591 0.000571 0.000261
v -0.024591 -0.000231 0.005218
v -0.024581 -0.000230 0.005213
v -0.024572 -0.000225 0.005207
v -0.024565 -0.000218 0.005203
v -0.024560 -0.000209 0.005201
v -0.024559 -0.000200 0.005200
v -0.024559 0.000540 0.005200
v -0.024560 0.000550 0.005201
v -0.024565 0.000558 0.005203
v -0.024572 0.000565 0.005207
v -0.024581 0.000570 0.005213
v -0.024591 0.000571 0.005218
v -0.023276 -0.000231 0.005948
v -0.023273 -0.000230 0.005938
v -0.023271 -0.000225 0.005929
v -0.023269 -0.000218 0.005922
v -0.023268 -0.000209 0.005918
v -0.023267 -0.000200 0.005916
v -0.023267 0.000540 0.005916
v -0.023268 0.000550 0.005918
v -0.023269 0.000558 0.005922
v -0.023271 0.000565 0.005929
v -0.023273 0.000570 0.005938
v -0.023276 0.000571 0.005948
v 0.023405 -0.000231 0.005948
v 0.023403 -0.000230 0.005938
v 0.023400 -0.000225 0.005929
v 0.023399 -0.000218 0.005922
v 0.023397 -0.000209 0.005918
v 0.023397 -0.000200 0.005916
v 0.023397 0.000540 0.005916
v 0.023397 0.000550 0.005918
v 0.023399 0.000558 0.005922
v 0.023400 0.000565 0.005929
v 0.023403 0.000570 0.005938
v 0.023405 0.000571 0.005948
v 0.024653 -0.000231 0.005256
v 0.024644 -0.000230 0.005250
v 0.024635 -0.000225 0.005245
v 0.024628 -0.000218 0.005241
v 0.024623 -0.000209 0.005238
v 0.024622 -0.000200 0.005237
v 0.024622 0.000540 0.005237
v 0.024623 0.000550 0.005238
v 0.024628 0.000558 0.005241
v 0.024635 0.000565 0.005245
v 0.024644 0.000570 0.005250
v 0.024653 0.000571 0.005256
v 0.024653 -0.000231 0.000168
v 0.024644 -0.000230 0.000174
v 0.024635 -0.000225 0.000179
v 0.024628 -0.000218 0.000183
v 0.024623 -0.000209 0.000186
v 0.024622 -0.000200 0.000187
v 0.024622 0.000540 0.000187
v 0.024623 0.000550 0.000186
v 0.024628 0.000558 0.000183
v 0.024635 0.000565 0.000179
v 0.024644 0.000570 0.000174
v 0.024653 0.000571 0.000168
v 0.023451 -0.000231 -0.000498
v 0.023449 -0.000230 -0.000488
v 0.023447 -0.000225 -0.000479
v 0.023445 -0.000218 -0.000472
v 0.023444 -0.000209 -0.000468
v 0.023443 -0.000200 -0.000466
v 0.023443 0.000540 -0.000466
v 0.023444 0.000550 -0.000468
v 0.023445 0.000558 -0.000472
v 0.023447 0.000565 -0.000479
v 0.023449 0.000570 -0.000488
v 0.023451 0.000571 -0.000498
v -0.023417 -0.000231 -0.000390
v -0.023414 -0.000230 -0.000380
v -0.023412 -0.000225 -0.000371
v -0.023410 -0.000218 -0.000364
v -0.023409 -0.000209 -0.000360
v -0.023408 -0.000200 -0.000358
v -0.023408 0.000540 -0.000358
v -0.023409 0.000550 -0.000360
v -0.023410 0.000558 -0.000364
v -0.023412 0.000565 -0.000371
v -0.023414 0.000570 -0.000380
v -0.023417 0.000571 -0.000390
v -0.026027 -0.000231 0.004846
v -0.026036 -0.000230 0.004836
v -0.026045 -0.000225 0.004827
v -0.026052 -0.000218 0.004820
v -0.026057 -0.000209 0.004816
v -0.026058 -0.000200 0.004814
v -0.026058 0.000540 0.004814
v -0.026057 0.000550 0.004816
v -0.026052 0.000558 0.004820
v -0.026045 0.000565 0.004827
v -0.026036 0.000570 0.004836
v -0.026027 0.000571 0.004846
v -0.026027 -0.000231 0.000702
v -0.026036 -0.000230 0.000703
v -0.026045 -0.000225 0.000703
v -0.026052 -0.000218 0.000704
v -0.026057 -0.000209 0.000704
v -0.026058 -0.000200 0.000704
v -0.026058 0.000540 0.000704
v -0.026057 0.000550 0.000704
v -0.026052 0.000558 0.000704
v -0.026045 0.000565 0.000703
v -0.026036 0.000570 0.000703
v -0.026027 0.000571 0.000702
v -0.026065 -0.000231 0.000441
v -0.026074 -0.000230 0.000451
v -0.026081 -0.000225 0.000460
v -0.026088 -0.000218 0.000467
v -0.026091 -0.000209 0.000471
v -0.026093 -0.000200 0.000473
v -0.026093 0.000540 0.000473
v -0.026091 0.000550 0.000471
v -0.026088 0.000558 0.000467
v -0.026081 0.000565 0.000460
v -0.026074 0.000570 0.000451
v -0.026065 0.000571 0.000441
v -0.026840 -0.000231 0.000441
v -0.026830 -0.000230 0.000451
v -0.026822 -0.000225 0.000460
v -0.026815 -0.000218 0.000467
v -0.026810 -0.000209 0.000471
v -0.026809 -0.000200 0.000473
v -0.026809 0.000540 0.000473
v -0.026810 0.000550 0.000471
v -0.026815 0.000558 0.000467
v -0.026822 0.000565 0.000460
v -0.026830 0.000570 0.000451
v -0.026840 0.000571 0.000441
v -0.026840 -0.000231 0.004846
v -0.026830 -0.000230 0.004836
v -0.026822 -0.000225 0.004827
v -0.026815 -0.000218 0.004820
v -0.026810 -0.000209 0.004816
v -0.026809 -0.000200 0.004814
v -0.026809 0.000540 0.004814
v -0.026810 0.000550 0.004816
v -0.026815 0.000558 0.004820
v -0.026822 0.000565 0.004827
v -0.026830 0.000570 0.004836
v -0.026840 0.000571 0.004846
v 0.026039 -0.000231 0.004936
v 0.026048 -0.000230 0.004926
v 0.026057 -0.000225 0.004917
v 0.026064 -0.000218 0.004910
v 0.026069 -0.000209 0.004906
v 0.026070 -0.000200 0.004904
v 0.026070 0.000540 0.004904
v 0.026069 0.000550 0.004906
v 0.026064 0.000558 0.004910
v 0.026057 0.000565 0.004917
v 0.026048 0.000570 0.004926
v 0.026039 0.000571 0.004936
v 0.026868 -0.000231 0.004936
v 0.026858 -0.000230 0.004926
v 0.026849 -0.000225 0.004917
v 0.026842 -0.000218 0.004910
v 0.026837 -0.000209 0.004906
v 0.026836 -0.000200 0.004904
v 0.026836 0.000540 0.004904
v 0.026837 0.000550 0.004906
v 0.026842 0.000558 0.004910
v 0.026849 0.000565 0.004917
v 0.026858 0.000570 0.004926
v 0.026868 0.000571 0.004936
v 0.026868 -0.000231 0.000466
v 0.026858 -0.000230 0.000476
v 0.026849 -0.000225 0.000485
v 0.026842 -0.000218 0.000492
v 0.026837 -0.000209 0.000496
v 0.026836 -0.000200 0.000498
v 0.026836 0.000540 0.000498
v 0.026837 0.000550 0.000496
v 0.026842 0.000558 0.000492
v 0.026849 0.000565 0.000485
v 0.026858 0.000570 0.000476
v 0.026868 0.000571 0.000466
v 0.026039 -0.000231 0.000476
v 0.026048 -0.000230 0.000486
v 0.026057 -0.000225 0.000494
v 0.026064 -0.000218 0.000501
v 0.026069 -0.000209 0.000506
v 0.026070 -0.000200 0.000507
v 0.026070 0.000540 0.000507
v 0.026069 0.000550 0.000506
v 0.026064 0.000558 0.000501
v 0.026057 0.000565 0.000494
v 0.026048 0.000570 0.000486
v 0.026039 0.000571 0.000476
v 0.025865 0.000571 -0.041413
v 0.021955 0.000571 -0.037464
v -0.021842 0.000571 -0.037464
v -0.025697 0.000571 -0.041430
v -0.022207 0.000571 -0.045063
v 0.022101 0.000571 -0.045028
v -0.021061 0.000571 -0.038908
v 0.021263 0.000571 -0.038936
v 0.023750 0.000571 -0.041325
v 0.021396 0.000571 -0.043586
v -0.021169 0.000571 -0.043586
v -0.023550 0.000571 -0.041299
v 0.025865 -0.000231 -0.041413
v 0.021955 -0.000231 -0.037464
v -0.021842 -0.000231 -0.037464
v -0.025697 -0.000231 -0.041430
v -0.022207 -0.000231 -0.045063
v 0.022101 -0.000231 -0.045028
v -0.021061 -0.000231 -0.038908
v 0.021263 -0.000231 -0.038936
v 0.023750 -0.000231 -0.041325
v 0.021396 -0.000231 -0.043586
v -0.021169 -0.000231 -0.043586
v -0.023550 -0.000231 -0.041299
v 0.025865 -0.000231 -0.041413
v 0.025879 -0.000230 -0.041413
v 0.025891 -0.000225 -0.041413
v 0.025901 -0.000218 -0.041413
v 0.025908 -0.000209 -0.041413
v 0.025910 -0.000200 -0.041413
v 0.025910 0.000540 -0.041413
v 0.025908 0.000550 -0.041413
v 0.025901 0.000558 -0.041413
v 0.025891 0.000565 -0.041413
v 0.025879 0.000570 -0.041413
v 0.025865 0.000571 -0.041413
v 0.021955 -0.000231 -0.037464
v 0.021959 -0.000230 -0.037455
v 0.021963 -0.000225 -0.037446
v 0.021966 -0.000218 -0.037439
v 0.021967 -0.000209 -0.037434
v 0.021968 -0.000200 -0.037433
v 0.021968 0.000540 -0.037433
v 0.021967 0.000550 -0.037434
v 0.021966 0.000558 -0.037439
v 0.021963 0.000565 -0.037446
v 0.021959 0.000570 -0.037455
v 0.021955 0.000571 -0.037464
v -0.021842 -0.000231 -0.037464
v -0.021846 -0.000230 -0.037455
v -0.021850 -0.000225 -0.037446
v -0.021853 -0.000218 -0.037439
v -0.021855 -0.000209 -0.037434
v -0.021855 -0.000200 -0.037433
v -0.021855 0.000540 -0.037433
v -0.021855 0.000550 -0.037434
v -0.021853 0.000558 -0.037439
v -0.021850 0.000565 -0.037446
v -0.021846 0.000570 -0.037455
v -0.021842 0.000571 -0.037464
v -0.025697 -0.000231 -0.041430
v -0.025711 -0.000230 -0.041430
v -0.025723 -0.000225 -0.041430
v -0.025733 -0.000218 -0.041430
v -0.025739 -0.000209 -0.041430
v -0.025741 -0.000200 -0.041430
v -0.025741 0.000540 -0.041430
v -0.025739 0.000550 -0.041430
v -0.025733 0.000558 -0.041430
v -0.025723 0.000565 -0.041430
v -0.025711 0.000570 -0.041430
v -0.025697 0.000571 -0.041430
v -0.022207 -0.000231 -0.045063
v -0.022211 -0.000230 -0.045073
v -0.022215 -0.000225 -0.045082
v -0.022218 -0.000218 -0.045089
v -0.022220 -0.000209 -0.045093
v -0.022221 -0.000200 -0.045095
v -0.022221 0.000540 -0.045095
v -0.022220 0.000550 -0.045093
v -0.022218 0.000558 -0.045089
v -0.022215 0.000565 -0.045082
v -0.022211 0.000570 -0.045073
v -0.022207 0.000571 -0.045063
v 0.022101 -0.000231 -0.045028
v 0.022105 -0.000230 -0.045038
v 0.022109 -0.000225 -0.045047
v 0.022111 -0.000218 -0.045054
v 0.022113 -0.000209 -0.045058
v 0.022114 -0.000200 -0.045060
v 0.022114 0.000540 -0.045060
v 0.022113 0.000550 -0.045058
v 0.022111 0.000558 -0.045054
v 0.022109 0.000565 -0.045047
v 0.022105 0.000570 -0.045038
v 0.022101 0.000571 -0.045028
v -0.021061 -0.000231 -0.038908
v -0.021057 -0.000230 -0.038918
v -0.021053 -0.000225 -0.038926
v -0.021050 -0.000218 -0.038933
v -0.021049 -0.000209 -0.038938
v -0.021048 -0.000200 -0.038939
v -0.021048 0.000540 -0.038939
v -0.021049 0.000550 -0.038938
v -0.021050 0.000558 -0.038933
v -0.021053 0.000565 -0.038926
v -0.021057 0.000570 -0.038918
v -0.021061 0.000571 -0.038908
v 0.021263 -0.000231 -0.038936
v 0.021259 -0.000230 -0.038946
v 0.021255 -0.000225 -0.038955
v 0.021252 -0.000218 -0.038962
v 0.021251 -0.000209 -0.038966
v 0.021250 -0.000200 -0.038968
v 0.021250 0.000540 -0.038968
v 0.021251 0.000550 -0.038966
v 0.021252 0.000558 -0.038962
v 0.021255 0.000565 -0.038955
v 0.021259 0.000570 -0.038946
v 0.021263 0.000571 -0.038936
v 0.023750 -0.000231 -0.041325
v 0.023736 -0.000230 -0.041325
v 0.023723 -0.000225 -0.041325
v 0.023713 -0.000218 -0.041325
v 0.023706 -0.000209 -0.041325
v 0.023704 -0.000200 -0.041325
v 0.023704 0.000540 -0.041325
v 0.023706 0.000550 -0.041325
v 0.023713 0.000558 -0.041325
v 0.023723 0.000565 -0.041325
v 0.023736 0.000570 -0.041325
v 0.023750 0.000571 -0.041325
v 0.021396 -0.000231 -0.043586
v 0.021392 -0.000230 -0.043576
v 0.021388 -0.000225 -0.043567
v 0.021386 -0.000218 -0.043560
v 0.021384 -0.000209 -0.043555
v 0.021383 -0.000200 -0.043554
v 0.021383 0.000540 -0.043554
v 0.021384 0.000550 -0.043555
v 0.021386 0.000558 -0.043560
v 0.021388 0.000565 -0.043567
v 0.021392 0.000570 -0.043576
v 0.021396 0.000571 -0.043586
v -0.021169 -0.000231 -0.043586
v -0.021165 -0.000230 -0.043576
v -0.021162 -0.000225 -0.043567
v -0.021159 -0.000218 -0.043560
v -0.021157 -0.000209 -0.043555
v -0.021156 -0.000200 -0.043554
v -0.021156 0.000540 -0.043554
v -0.021157 0.000550 -0.043555
v -0.021159 0.000558 -0.043560
v -0.021162 0.000565 -0.043567
v -0.021165 0.000570 -0.043576
v -0.021169 0.000571 -0.043586
v -0.023550 -0.000231 -0.041299
v -0.023536 -0.000230 -0.041299
v -0.023523 -0.000225 -0.041299
v -0.023513 -0.000218 -0.041299
v -0.023507 -0.000209 -0.041299
v -0.023504 -0.000200 -0.041299
v -0.023504 0.000540 -0.041299
v -0.023507 0.000550 -0.041299
v -0.023513 0.000558 -0.041299
v -0.023523 0.000565 -0.041299
v -0.023536 0.000570 -0.041299
v -0.023550 0.000571 -0.041299
v -0.008540 0.000571 -0.036264
v 0.008396 0.000571 -0.036264
v 0.009576 0.000571 -0.037398
v 0.025677 0.000571 -0.037398
v 0.026877 0.000571 -0.036245
v 0.026877 0.000571 -0.029727
v 0.025514 0.000571 -0.028418
v 0.025514 0.000571 -0.012199
v 0.026972 0.000571 -0.010799
v 0.026972 0.000571 -0.004402
v 0.025728 0.000571 -0.003207
v 0.008970 0.000571 -0.003207
v 0.008105 0.000571 -0.004038
v -0.007905 0.000571 -0.004038
v -0.008906 0.000571 -0.003077
v -0.025589 0.000571 -0.003077
v -0.026914 0.000571 -0.004350
v -0.026914 0.000571 -0.010740
v -0.025428 0.000571 -0.012168
v -0.025428 0.000571 -0.028247
v -0.026848 0.000571 -0.029611
v -0.026848 0.000571 -0.036245
v -0.025642 0.000571 -0.037403
v -0.009695 0.000571 -0.037373
v -0.023294 0.000571 -0.033902
v -0.023294 0.000571 -0.006669
v -0.022645 0.000571 -0.006045
v 0.022715 0.000571 -0.006045
v 0.023314 0.000571 -0.006620
v 0.023314 0.000571 -0.033985
v 0.022769 0.000571 -0.034509
v -0.022669 0.000571 -0.034503
v -0.008540 -0.000231 -0.036264
v 0.008396 -0.000231 -0.036264
v 0.009576 -0.000231 -0.037398
v 0.025677 -0.000231 -0.037398
v 0.026877 -0.000231 -0.036245
v 0.026877 -0.000231 -0.029727
v 0.025514 -0.000231 -0.028418
v 0.025514 -0.000231 -0.012199
v 0.026972 -0.000231 -0.010799
v 0.026972 -0.000231 -0.004402
v 0.025728 -0.000231 -0.003207
v 0.008970 -0.000231 -0.003207
v 0.008105 -0.000231 -0.004038
v -0.007905 -0.000231 -0.004038
v -0.008906 -0.000231 -0.003077
v -0.025589 -0.000231 -0.003077
v -0.026914 -0.000231 -0.004350
v -0.026914 -0.000231 -0.010740
v -0.025428 -0.000231 -0.012168
v -0.025428 -0.000231 -0.028247
v -0.026848 -0.000231 -0.029611
v -0.026848 -0.000231 -0.036245
v -0.025642 -0.000231 -0.037403
v -0.009695 -0.000231 -0.037373
v -0.023294 -0.000231 -0.033902
v -0.023294 -0.000231 -0.006669
v -0.022645 -0.000231 -0.006045
v 0.022715 -0.000231 -0.006045
v 0.023314 -0.000231 -0.006620
v 0.023314 -0.000231 -0.033985
v 0.022769 -0.000231 -0.034509
v -0.022669 -0.000231 -0.034503
v -0.008540 -0.000231 -0.036264
v -0.008536 -0.000230 -0.036274
v -0.008533 -0.000225 -0.036283
v -0.008530 -0.000218 -0.036290
v -0.008528 -0.000209 -0.036294
v -0.008527 -0.000200 -0.036296
v -0.008527 0.000540 -0.036296
v -0.008528 0.000550 -0.036294
v -0.008530 0.000558 -0.036290
v -0.008533 0.000565 -0.036283
v -0.008536 0.000570 -0.036274
v -0.008540 0.000571 -0.036264
v 0.008396 -0.000231 -0.036264
v 0.008392 -0.000230 -0.036274
v 0.008388 -0.000225 -0.036283
v 0.008385 -0.000218 -0.036290
v 0.008384 -0.000209 -0.036294
v 0.008383 -0.000200 -0.036296
v 0.008383 0.000540 -0.036296
v 0.008384 0.000550 -0.036294
v 0.008385 0.000558 -0.036290
v 0.008388 0.000565 -0.036283
v 0.008392 0.000570 -0.036274
v 0.008396 0.000571 -0.036264
v 0.009576 -0.000231 -0.037398
v 0.009572 -0.000230 -0.037407
v 0.009568 -0.000225 -0.037416
v 0.009566 -0.000218 -0.037423
v 0.009564 -0.000209 -0.037428
v 0.009563 -0.000200 -0.037429
v 0.009563 0.000540 -0.037429
v 0.009564 0.000550 -0.037428
v 0.009566 0.000558 -0.037423
v 0.009568 0.000565 -0.037416
v 0.009572 0.000570 -0.037407
v 0.009576 0.000571 -0.037398
v 0.025677 -0.000231 -0.037398
v 0.025680 -0.000230 -0.037407
v 0.025684 -0.000225 -0.037416
v 0.025687 -0.000218 -0.037423
v 0.025689 -0.000209 -0.037428
v 0.025689 -0.000200 -0.037429
v 0.025689 0.000540 -0.037429
v 0.025689 0.000550 -0.037428
v 0.025687 0.000558 -0.037423
v 0.025684 0.000565 -0.037416
v 0.025680 0.000570 -0.037407
v 0.025677 0.000571 -0.037398
v 0.026877 -0.000231 -0.036245
v 0.026887 -0.000230 -0.036249
v 0.026896 -0.000225 -0.036253
v 0.026903 -0.000218 -0.036256
v 0.026907 -0.000209 -0.036258
v 0.026909 -0.000200 -0.036258
v 0.026909 0.000540 -0.036258
v 0.026907 0.000550 -0.036258
v 0.026903 0.000558 -0.036256
v 0.026896 0.000565 -0.036253
v 0.026887 0.000570 -0.036249
v 0.026877 0.000571 -0.036245
v 0.026877 -0.000231 -0.029727
v 0.026887 -0.000230 -0.029723
v 0.026896 -0.000225 -0.029719
v 0.026903 -0.000218 -0.029716
v 0.026907 -0.000209 -0.029714
v 0.026909 -0.000200 -0.029714
v 0.026909 0.000540 -0.029714
v 0.026907 0.000550 -0.029714
v 0.026903 0.000558 -0.029716
v 0.026896 0.000565 -0.029719
v 0.026887 0.000570 -0.029723
v 0.026877 0.000571 -0.029727
v 0.025514 -0.000231 -0.028418
v 0.025524 -0.000230 -0.028414
v 0.025532 -0.000225 -0.028410
v 0.025539 -0.000218 -0.028407
v 0.025544 -0.000209 -0.028405
v 0.025545 -0.000200 -0.028405
v 0.025545 0.000540 -0.028405
v 0.025544 0.000550 -0.028405
v 0.025539 0.000558 -0.028407
v 0.025532 0.000565 -0.028410
v 0.025524 0.000570 -0.028414
v 0.025514 0.000571 -0.028418
v 0.025514 -0.000231 -0.012199
v 0.025524 -0.000230 -0.012203
v 0.025532 -0.000225 -0.012207
v 0.025539 -0.000218 -0.012210
v 0.025544 -0.000209 -0.012212
v 0.025545 -0.000200 -0.012213
v 0.025545 0.000540 -0.012213
v 0.025544 0.000550 -0.012212
v 0.025539 0.000558 -0.012210
v 0.025532 0.000565 -0.012207
v 0.025524 0.000570 -0.012203
v 0.025514 0.000571 -0.012199
v 0.026972 -0.000231 -0.010799
v 0.026981 -0.000230 -0.010803
v 0.026990 -0.000225 -0.010807
v 0.026997 -0.000218 -0.010810
v 0.027002 -0.000209 -0.010812
v 0.027003 -0.000200 -0.010813
v 0.027003 0.000540 -0.010813
v 0.027002 0.000550 -0.010812
v 0.026997 0.000558 -0.010810
v 0.026990 0.000565 -0.010807
v 0.026981 0.000570 -0.010803
v 0.026972 0.000571 -0.010799
v 0.026972 -0.000231 -0.004402
v 0.026981 -0.000230 -0.004397
v 0.026990 -0.000225 -0.004394
v 0.026997 -0.000218 -0.004391
v 0.027002 -0.000209 -0.004389
v 0.027003 -0.000200 -0.004388
v 0.027003 0.000540 -0.004388
v 0.027002 0.000550 -0.004389
v 0.026997 0.000558 -0.004391
v 0.026990 0.000565 -0.004394
v 0.026981 0.000570 -0.004397
v 0.026972 0.000571 -0.004402
v 0.025728 -0.000231 -0.003207
v 0.025732 -0.000230 -0.003197
v 0.025735 -0.000225 -0.003189
v 0.025738 -0.000218 -0.003182
v 0.025740 -0.000209 -0.003177
v 0.025741 -0.000200 -0.003176
v 0.025741 0.000540 -0.003176
v 0.025740 0.000550 -0.003177
v 0.025738 0.000558 -0.003182
v 0.025735 0.000565 -0.003189
v 0.025732 0.000570 -0.003197
v 0.025728 0.000571 -0.003207
v 0.008970 -0.000231 -0.003207
v 0.008966 -0.000230 -0.003197
v 0.008963 -0.000225 -0.003189
v 0.008960 -0.000218 -0.003182
v 0.008958 -0.000209 -0.003177
v 0.008957 -0.000200 -0.003176
v 0.008957 0.000540 -0.003176
v 0.008958 0.000550 -0.003177
v 0.008960 0.000558 -0.003182
v 0.008963 0.000565 -0.003189
v 0.008966 0.000570 -0.003197
v 0.008970 0.000571 -0.003207
v 0.008105 -0.000231 -0.004038
v 0.008101 -0.000230 -0.004028
v 0.008098 -0.000225 -0.004019
v 0.008095 -0.000218 -0.004012
v 0.008093 -0.000209 -0.004008
v 0.008092 -0.000200 -0.004006
v 0.008092 0.000540 -0.004006
v 0.008093 0.000550 -0.004008
v 0.008095 0.000558 -0.004012
v 0.008098 0.000565 -0.004019
v 0.008101 0.000570 -0.004028
v 0.008105 0.000571 -0.004038
v -0.007905 -0.000231 -0.004038
v -0.007901 -0.000230 -0.004028
v -0.007897 -0.000225 -0.004019
v -0.007894 -0.000218 -0.004012
v -0.007893 -0.000209 -0.004008
v -0.007892 -0.000200 -0.004006
v -0.007892 0.000540 -0.004006
v -0.007893 0.000550 -0.004008
v -0.007894 0.000558 -0.004012
v -0.007897 0.000565 -0.004019
v -0.007901 0.000570 -0.004028
v -0.007905 0.000571 -0.004038
v -0.008906 -0.000231 -0.003077
v -0.008902 -0.000230 -0.003067
v -0.008898 -0.000225 -0.003058
v -0.008895 -0.000218 -0.003051
v -0.008894 -0.000209 -0.003047
v -0.008893 -0.000200 -0.003045
v -0.008893 0.000540 -0.003045
v -0.008894 0.000550 -0.003047
v -0.008895 0.000558 -0.003051
v -0.008898 0.000565 -0.003058
v -0.008902 0.000570 -0.003067
v -0.008906 0.000571 -0.003077
v -0.025589 -0.000231 -0.003077
v -0.025593 -0.000230 -0.003067
v -0.025596 -0.000225 -0.003058
v -0.025599 -0.000218 -0.003051
v -0.025601 -0.000209 -0.003047
v -0.025601 -0.000200 -0.003045
v -0.025601 0.000540 -0.003045
v -0.025601 0.000550 -0.003047
v -0.025599 0.000558 -0.003051
v -0.025596 0.000565 -0.003058
v -0.025593 0.000570 -0.003067
v -0.025589 0.000571 -0.003077
v -0.026914 -0.000231 -0.004350
v -0.026924 -0.000230 -0.004346
v -0.026933 -0.000225 -0.004342
v -0.026940 -0.000218 -0.004339
v -0.026945 -0.000209 -0.004337
v -0.026946 -0.000200 -0.004337
v -0.026946 0.000540 -0.004337
v -0.026945 0.000550 -0.004337
v -0.026940 0.000558 -0.004339
v -0.026933 0.000565 -0.004342
v -0.026924 0.000570 -0.004346
v -0.026914 0.000571 -0.004350
v -0.026914 -0.000231 -0.010740
v -0.026924 -0.000230 -0.010744
v -0.026933 -0.000225 -0.010748
v -0.026940 -0.000218 -0.010751
v -0.026945 -0.000209 -0.010753
v -0.026946 -0.000200 -0.010753
v -0.026946 0.000540 -0.010753
v -0.026945 0.000550 -0.010753
v -0.026940 0.000558 -0.010751
v -0.026933 0.000565 -0.010748
v -0.026924 0.000570 -0.010744
v -0.026914 0.000571 -0.010740
v -0.025428 -0.000231 -0.012168
v -0.025437 -0.000230 -0.012172
v -0.025446 -0.000225 -0.012176
v -0.025453 -0.000218 -0.012179
v -0.025458 -0.000209 -0.012181
v -0.025459 -0.000200 -0.012181
v -0.025459 0.000540 -0.012181
v -0.025458 0.000550 -0.012181
v -0.025453 0.000558 -0.012179
v -0.025446 0.000565 -0.012176
v -0.025437 0.000570 -0.012172
v -0.025428 0.000571 -0.012168
v -0.025428 -0.000231 -0.028247
v -0.025437 -0.000230 -0.028243
v -0.025446 -0.000225 -0.028239
v -0.025453 -0.000218 -0.028236
v -0.025458 -0.000209 -0.028234
v -0.025459 -0.000200 -0.028233
v -0.025459 0.000540 -0.028233
v -0.025458 0.000550 -0.028234
v -0.025453 0.000558 -0.028236
v -0.025446 0.000565 -0.028239
v -0.025437 0.000570 -0.028243
v -0.025428 0.000571 -0.028247
v -0.026848 -0.000231 -0.029611
v -0.026858 -0.000230 -0.029607
v -0.026867 -0.000225 -0.029603
v -0.026874 -0.000218 -0.029600
v -0.026878 -0.000209 -0.029599
v -0.026880 -0.000200 -0.029598
v -0.026880 0.000540 -0.029598
v -0.026878 0.000550 -0.029599
v -0.026874 0.000558 -0.029600
v -0.026867 0.000565 -0.029603
v -0.026858 0.000570 -0.029607
v -0.026848 0.000571 -0.029611
v -0.026848 -0.000231 -0.036245
v -0.026858 -0.000230 -0.036249
v -0.026867 -0.000225 -0.036253
v -0.026874 -0.000218 -0.036256
v -0.026878 -0.000209 -0.036258
v -0.026880 -0.000200 -0.036258
v -0.026880 0.000540 -0.036258
v -0.026878 0.000550 -0.036258
v -0.026874 0.000558 -0.036256
v -0.026867 0.000565 -0.036253
v -0.026858 0.000570 -0.036249
v -0.026848 0.000571 -0.036245
v -0.025642 -0.000231 -0.037403
v -0.025646 -0.000230 -0.037413
v -0.025650 -0.000225 -0.037422
v -0.025653 -0.000218 -0.037429
v -0.025654 -0.000209 -0.037433
v -0.025655 -0.000200 -0.037435
v -0.025655 0.000540 -0.037435
v -0.025654 0.000550 -0.037433
v -0.025653 0.000558 -0.037429
v -0.025650 0.000565 -0.037422
v -0.025646 0.000570 -0.037413
v -0.025642 0.000571 -0.037403
v -0.009695 -0.000231 -0.037373
v -0.009691 -0.000230 -0.037383
v -0.009687 -0.000225 -0.037392
v -0.009684 -0.000218 -0.037399
v -0.009683 -0.000209 -0.037404
v -0.009682 -0.000200 -0.037405
v -0.009682 0.000540 -0.037405
v -0.009683 0.000550 -0.037404
v -0.009684 0.000558 -0.037399
v -0.009687 0.000565 -0.037392
v -0.009691 0.000570 -0.037383
v -0.009695 0.000571 -0.037373
v -0.023294 -0.000231 -0.033902
v -0.023285 -0.000230 -0.033898
v -0.023276 -0.000225 -0.033894
v -0.023269 -0.000218 -0.033891
v -0.023264 -0.000209 -0.033889
v -0.023263 -0.000200 -0.033889
v -0.023263 0.000540 -0.033889
v -0.023264 0.000550 -0.033889
v -0.023269 0.000558 -0.033891
v -0.023276 0.000565 -0.033894
v -0.023285 0.000570 -0.033898
v -0.023294 0.000571 -0.033902
v -0.023294 -0.000231 -0.006669
v -0.023285 -0.000230 -0.006673
v -0.023276 -0.000225 -0.006677
v -0.023269 -0.000218 -0.006680
v -0.023264 -0.000209 -0.006682
v -0.023263 -0.000200 -0.006683
v -0.023263 0.000540 -0.006683
v -0.023264 0.000550 -0.006682
v -0.023269 0.000558 -0.006680
v -0.023276 0.000565 -0.006677
v -0.023285 0.000570 -0.006673
v -0.023294 0.000571 -0.006669
v -0.022645 -0.000231 -0.006045
v -0.022641 -0.000230 -0.006055
v -0.022638 -0.000225 -0.006064
v -0.022635 -0.000218 -0.006071
v -0.022633 -0.000209 -0.006075
v -0.022632 -0.000200 -0.006077
v -0.022632 0.000540 -0.006077
v -0.022633 0.000550 -0.006075
v -0.022635 0.000558 -0.006071
v -0.022638 0.000565 -0.006064
v -0.022641 0.000570 -0.006055
v -0.022645 0.000571 -0.006045
v 0.022715 -0.000231 -0.006045
v 0.022711 -0.000230 -0.006055
v 0.022708 -0.000225 -0.006064
v 0.022705 -0.000218 -0.006071
v 0.022703 -0.000209 -0.006075
v 0.022703 -0.000200 -0.006077
v 0.022703 0.000540 -0.006077
v 0.022703 0.000550 -0.006075
v 0.022705 0.000558 -0.006071
v 0.022708 0.000565 -0.006064
v 0.022711 0.000570 -0.006055
v 0.022715 0.000571 -0.006045
v 0.023314 -0.000231 -0.006620
v 0.023304 -0.000230 -0.006625
v 0.023295 -0.000225 -0.006628
v 0.023288 -0.000218 -0.006631
v 0.023284 -0.000209 -0.006633
v 0.023282 -0.000200 -0.006634
v 0.023282 0.000540 -0.006634
v 0.023284 0.000550 -0.006633
v 0.023288 0.000558 -0.006631
v 0.023295 0.000565 -0.006628
v 0.023304 0.000570 -0.006625
v 0.023314 0.000571 -0.006620
v 0.023314 -0.000231 -0.033985
v 0.023304 -0.000230 -0.033981
v 0.023295 -0.000225 -0.033977
v 0.023288 -0.000218 -0.033974
v 0.023284 -0.000209 -0.033973
v 0.023282 -0.000200 -0.033972
v 0.023282 0.000540 -0.033972
v 0.023284 0.000550 -0.033973
v 0.023288 0.000558 -0.033974
v 0.023295 0.000565 -0.033977
v 0.023304 0.000570 -0.033981
v 0.023314 0.000571 -0.033985
v 0.022769 -0.000231 -0.034509
v 0.022765 -0.000230 -0.034499
v 0.022762 -0.000225 -0.034490
v 0.022759 -0.000218 -0.034483
v 0.022757 -0.000209 -0.034478
v 0.022756 -0.000200 -0.034477
v 0.022756 0.000540 -0.034477
v 0.022757 0.000550 -0.034478
v 0.022759 0.000558 -0.034483
v 0.022762 0.000565 -0.034490
v 0.022765 0.000570 -0.034499
v 0.022769 0.000571 -0.034509
v -0.022669 -0.000231 -0.034503
v -0.022665 -0.000230 -0.034493
v -0.022661 -0.000225 -0.034484
v -0.022658 -0.000218 -0.034477
v -0.022657 -0.000209 -0.034473
v -0.022656 -0.000200 -0.034471
v -0.022656 0.000540 -0.034471
v -0.022657 0.000550 -0.034473
v -0.022658 0.000558 -0.034477
v -0.022661 0.000565 -0.034484
v -0.022665 0.000570 -0.034493
v -0.022669 0.000571 -0.034503
v 0.024750 0.000571 0.040294
v 0.020402 0.000571 0.045102
v -0.020398 0.000571 0.045102
v -0.024738 0.000571 0.040259
v -0.024738 0.000571 0.010259
v -0.023797 0.000571 0.009355
v 0.023780 0.000571 0.009251
v 0.024750 0.000571 0.010182
v -0.022966 0.000571 0.029221
v 0.022832 0.000571 0.029221
v 0.022832 0.000571 0.011338
v 0.022320 0.000571 0.010847
v -0.022335 0.000571 0.010830
v -0.022966 0.000571 0.011435
v 0.003724 0.000571 0.041515
v 0.004051 0.000571 0.041696
v 0.020739 0.000571 0.041696
v 0.022811 0.000571 0.039706
v 0.022811 0.000571 0.032120
v 0.022339 0.000571 0.031668
v 0.003963 0.000571 0.031637
v 0.003724 0.000571 0.032033
v -0.022851 0.000571 0.039740
v -0.020808 0.000571 0.041702
v -0.003998 0.000571 0.041702
v -0.003726 0.000571 0.041440
v -0.003726 0.000571 0.040741
v -0.003726 0.000571 0.038993
v -0.003726 0.000571 0.036721
v -0.003726 0.000571 0.034449
v -0.003726 0.000571 0.032701
v -0.003726 0.000571 0.032002
v -0.003761 0.000571 0.031984
v -0.003847 0.000571 0.031937
v -0.003961 0.000571 0.031875
v -0.004077 0.000571 0.031812
v -0.004169 0.000571 0.031760
v -0.004213 0.000571 0.031732
v -0.005558 0.000571 0.031722
v -0.008902 0.000571 0.031713
v -0.013246 0.000571 0.031705
v -0.017588 0.000571 0.031700
v -0.020927 0.000571 0.031696
v -0.022262 0.000571 0.031695
v -0.022306 0.000571 0.031737
v -0.022415 0.000571 0.031842
v -0.022557 0.000571 0.031978
v -0.022699 0.000571 0.032114
v -0.022808 0.000571 0.032219
v -0.022851 0.000571 0.032261
v 0.024750 -0.000231 0.040294
v 0.020402 -0.000231 0.045102
v -0.020398 -0.000231 0.045102
v -0.024738 -0.000231 0.040259
v -0.024738 -0.000231 0.010259
v -0.023797 -0.000231 0.009355
v 0.023780 -0.000231 0.009251
v 0.024750 -0.000231 0.010182
v -0.022966 -0.000231 0.029221
v 0.022832 -0.000231 0.029221
v 0.022832 -0.000231 0.011338
v 0.022320 -0.000231 0.010847
v -0.022335 -0.000231 0.010830
v -0.022966 -0.000231 0.011435
v 0.003724 -0.000231 0.041515
v 0.004051 -0.000231 0.041696
v 0.020739 -0.000231 0.041696
v 0.022811 -0.000231 0.039706
v 0.022811 -0.000231 0.032120
v 0.022339 -0.000231 0.031668
v 0.003963 -0.000231 0.031637
v 0.003724 -0.000231 0.032033
v -0.022851 -0.000231 0.039740
v -0.020808 -0.000231 0.041702
v -0.003998 -0.000231 0.041702
v -0.003726 -0.000231 0.041440
v -0.003726 -0.000231 0.040741
v -0.003726 -0.000231 0.038993
v -0.003726 -0.000231 0.036721
v -0.003726 -0.000231 0.034449
v -0.003726 -0.000231 0.032701
v -0.003726 -0.000231 0.032002
v -0.003761 -0.000231 0.031984
v -0.003847 -0.000231 0.031937
v -0.003961 -0.000231 0.031875
v -0.004077 -0.000231 0.031812
v -0.004169 -0.000231 0.031760
v -0.004213 -0.000231 0.031732
v -0.005558 -0.000231 0.031722
v -0.008902 -0.000231 0.031713
v -0.013246 -0.000231 0.031705
v -0.017588 -0.000231 0.031700
v -0.020927 -0.000231 0.031696
v -0.022262 -0.000231 0.031695
v -0.022306 -0.000231 0.031737
v -0.022415 -0.000231 0.031842
v -0.022557 -0.000231 0.031978
v -0.022699 -0.000231 0.032114
v -0.022808 -0.000231 0.032219
v -0.022851 -0.000231 0.032261
v 0.024750 -0.000231 0.040294
v 0.024760 -0.000230 0.040298
v 0.024769 -0.000225 0.040301
v 0.024776 -0.000218 0.040304
v 0.024781 -0.000209 0.040305
v 0.024782 -0.000200 0.040306
v 0.024782 0.000540 0.040306
v 0.024781 0.000550 0.040305
v 0.024776 0.000558 0.040304
v 0.024769 0.000565 0.040301
v 0.024760 0.000570 0.040298
v 0.024750 0.000571 0.040294
v 0.020402 -0.000231 0.045102
v 0.020406 -0.000230 0.045112
v 0.020410 -0.000225 0.045121
v 0.020413 -0.000218 0.045128
v 0.020415 -0.000209 0.045132
v 0.020416 -0.000200 0.045134
v 0.020416 0.000540 0.045134
v 0.020415 0.000550 0.045132
v 0.020413 0.000558 0.045128
v 0.020410 0.000565 0.045121
v 0.020406 0.000570 0.045112
v 0.020402 0.000571 0.045102
v -0.020398 -0.000231 0.045102
v -0.020403 -0.000230 0.045112
v -0.020407 -0.000225 0.045121
v -0.020410 -0.000218 0.045128
v -0.020412 -0.000209 0.045132
v -0.020413 -0.000200 0.045134
v -0.020413 0.000540 0.045134
v -0.020412 0.000550 0.045132
v -0.020410 0.000558 0.045128
v -0.020407 0.000565 0.045121
v -0.020403 0.000570 0.045112
v -0.020398 0.000571 0.045102
v -0.024738 -0.000231 0.040259
v -0.024748 -0.000230 0.040262
v -0.024757 -0.000225 0.040266
v -0.024764 -0.000218 0.040268
v -0.024768 -0.000209 0.040270
v -0.024770 -0.000200 0.040271
v -0.024770 0.000540 0.040271
v -0.024768 0.000550 0.040270
v -0.024764 0.000558 0.040268
v -0.024757 0.000565 0.040266
v -0.024748 0.000570 0.040262
v -0.024738 0.000571 0.040259
v -0.024738 -0.000231 0.010259
v -0.024748 -0.000230 0.010255
v -0.024757 -0.000225 0.010251
v -0.024764 -0.000218 0.010248
v -0.024768 -0.000209 0.010246
v -0.024770 -0.000200 0.010246
v -0.024770 0.000540 0.010246
v -0.024768 0.000550 0.010246
v -0.024764 0.000558 0.010248
v -0.024757 0.000565 0.010251
v -0.024748 0.000570 0.010255
v -0.024738 0.000571 0.010259
v -0.023797 -0.000231 0.009355
v -0.023801 -0.000230 0.009346
v -0.023804 -0.000225 0.009337
v -0.023807 -0.000218 0.009330
v -0.023809 -0.000209 0.009325
v -0.023810 -0.000200 0.009324
v -0.023810 0.000540 0.009324
v -0.023809 0.000550 0.009325
v -0.023807 0.000558 0.009330
v -0.023804 0.000565 0.009337
v -0.023801 0.000570 0.009346
v -0.023797 0.000571 0.009355
v 0.023780 -0.000231 0.009251
v 0.023784 -0.000230 0.009241
v 0.023788 -0.000225 0.009232
v 0.023791 -0.000218 0.009225
v 0.023792 -0.000209 0.009221
v 0.023793 -0.000200 0.009219
v 0.023793 0.000540 0.009219
v 0.023792 0.000550 0.009221
v 0.023791 0.000558 0.009225
v 0.023788 0.000565 0.009232
v 0.023784 0.000570 0.009241
v 0.023780 0.000571 0.009251
v 0.024750 -0.000231 0.010182
v 0.024760 -0.000230 0.010178
v 0.024769 -0.000225 0.010174
v 0.024776 -0.000218 0.010171
v 0.024781 -0.000209 0.010169
v 0.024782 -0.000200 0.010168
v 0.024782 0.000540 0.010168
v 0.024781 0.000550 0.010169
v 0.024776 0.000558 0.010171
v 0.024769 0.000565 0.010174
v 0.024760 0.000570 0.010178
v 0.024750 0.000571 0.010182
v -0.022966 -0.000231 0.029221
v -0.022956 -0.000230 0.029211
v -0.022947 -0.000225 0.029202
v -0.022940 -0.000218 0.029195
v -0.022935 -0.000209 0.029190
v -0.022934 -0.000200 0.029189
v -0.022934 0.000540 0.029189
v -0.022935 0.000550 0.029190
v -0.022940 0.000558 0.029195
v -0.022947 0.000565 0.029202
v -0.022956 0.000570 0.029211
v -0.022966 0.000571 0.029221
v 0.022832 -0.000231 0.029221
v 0.022822 -0.000230 0.029211
v 0.022813 -0.000225 0.029202
v 0.022806 -0.000218 0.029195
v 0.022802 -0.000209 0.029190
v 0.022800 -0.000200 0.029189
v 0.022800 0.000540 0.029189
v 0.022802 0.000550 0.029190
v 0.022806 0.000558 0.029195
v 0.022813 0.000565 0.029202
v 0.022822 0.000570 0.029211
v 0.022832 0.000571 0.029221
v 0.022832 -0.000231 0.011338
v 0.022822 -0.000230 0.011343
v 0.022813 -0.000225 0.011346
v 0.022806 -0.000218 0.011349
v 0.022802 -0.000209 0.011351
v 0.022800 -0.000200 0.011352
v 0.022800 0.000540 0.011352
v 0.022802 0.000550 0.011351
v 0.022806 0.000558 0.011349
v 0.022813 0.000565 0.011346
v 0.022822 0.000570 0.011343
v 0.022832 0.000571 0.011338
v 0.022320 -0.000231 0.010847
v 0.022316 -0.000230 0.010857
v 0.022313 -0.000225 0.010866
v 0.022310 -0.000218 0.010873
v 0.022308 -0.000209 0.010877
v 0.022308 -0.000200 0.010879
v 0.022308 0.000540 0.010879
v 0.022308 0.000550 0.010877
v 0.022310 0.000558 0.010873
v 0.022313 0.000565 0.010866
v 0.022316 0.000570 0.010857
v 0.022320 0.000571 0.010847
v -0.022335 -0.000231 0.010830
v -0.022331 -0.000230 0.010839
v -0.022328 -0.000225 0.010848
v -0.022325 -0.000218 0.010855
v -0.022323 -0.000209 0.010860
v -0.022322 -0.000200 0.010861
v -0.022322 0.000540 0.010861
v -0.022323 0.000550 0.010860
v -0.022325 0.000558 0.010855
v -0.022328 0.000565 0.010848
v -0.022331 0.000570 0.010839
v -0.022335 0.000571 0.010830
v -0.022966 -0.000231 0.011435
v -0.022956 -0.000230 0.011439
v -0.022947 -0.000225 0.011443
v -0.022940 -0.000218 0.011446
v -0.022935 -0.000209 0.011448
v -0.022934 -0.000200 0.011448
v -0.022934 0.000540 0.011448
v -0.022935 0.000550 0.011448
v -0.022940 0.000558 0.011446
v -0.022947 0.000565 0.011443
v -0.022956 0.000570 0.011439
v -0.022966 0.000571 0.011435
v 0.003724 -0.000231 0.041515
v 0.003734 -0.000230 0.041509
v 0.003743 -0.000225 0.041504
v 0.003750 -0.000218 0.041500
v 0.003755 -0.000209 0.041497
v 0.003756 -0.000200 0.041496
v 0.003756 0.000540 0.041496
v 0.003755 0.000550 0.041497
v 0.003750 0.000558 0.041500
v 0.003743 0.000565 0.041504
v 0.003734 0.000570 0.041509
v 0.003724 0.000571 0.041515
v 0.004051 -0.000231 0.041696
v 0.004054 -0.000230 0.041686
v 0.004056 -0.000225 0.041677
v 0.004058 -0.000218 0.041670
v 0.004059 -0.000209 0.041666
v 0.004059 -0.000200 0.041664
v 0.004059 0.000540 0.041664
v 0.004059 0.000550 0.041666
v 0.004058 0.000558 0.041670
v 0.004056 0.000565 0.041677
v 0.004054 0.000570 0.041686
v 0.004051 0.000571 0.041696
v 0.020739 -0.000231 0.041696
v 0.020735 -0.000230 0.041686
v 0.020731 -0.000225 0.041677
v 0.020728 -0.000218 0.041670
v 0.020727 -0.000209 0.041666
v 0.020726 -0.000200 0.041664
v 0.020726 0.000540 0.041664
v 0.020727 0.000550 0.041666
v 0.020728 0.000558 0.041670
v 0.020731 0.000565 0.041677
v 0.020735 0.000570 0.041686
v 0.020739 0.000571 0.041696
v 0.022811 -0.000231 0.039706
v 0.022801 -0.000230 0.039702
v 0.022792 -0.000225 0.039698
v 0.022785 -0.000218 0.039695
v 0.022781 -0.000209 0.039693
v 0.022779 -0.000200 0.039692
v 0.022779 0.000540 0.039692
v 0.022781 0.000550 0.039693
v 0.022785 0.000558 0.039695
v 0.022792 0.000565 0.039698
v 0.022801 0.000570 0.039702
v 0.022811 0.000571 0.039706
v 0.022811 -0.000231 0.032120
v 0.022801 -0.000230 0.032125
v 0.022792 -0.000225 0.032128
v 0.022785 -0.000218 0.032131
v 0.022781 -0.000209 0.032133
v 0.022779 -0.000200 0.032134
v 0.022779 0.000540 0.032134
v 0.022781 0.000550 0.032133
v 0.022785 0.000558 0.032131
v 0.022792 0.000565 0.032128
v 0.022801 0.000570 0.032125
v 0.022811 0.000571 0.032120
v 0.022339 -0.000231 0.031668
v 0.022335 -0.000230 0.031678
v 0.022332 -0.000225 0.031687
v 0.022329 -0.000218 0.031694
v 0.022327 -0.000209 0.031698
v 0.022326 -0.000200 0.031700
v 0.022326 0.000540 0.031700
v 0.022327 0.000550 0.031698
v 0.022329 0.000558 0.031694
v 0.022332 0.000565 0.031687
v 0.022335 0.000570 0.031678
v 0.022339 0.000571 0.031668
v 0.003963 -0.000231 0.031637
v 0.003968 -0.000230 0.031647
v 0.003973 -0.000225 0.031656
v 0.003977 -0.000218 0.031663
v 0.003980 -0.000209 0.031668
v 0.003980 -0.000200 0.031669
v 0.003980 0.000540 0.031669
v 0.003980 0.000550 0.031668
v 0.003977 0.000558 0.031663
v 0.003973 0.000565 0.031656
v 0.003968 0.000570 0.031647
v 0.003963 0.000571 0.031637
v 0.003724 -0.000231 0.032033
v 0.003734 -0.000230 0.032035
v 0.003743 -0.000225 0.032038
v 0.003750 -0.000218 0.032040
v 0.003755 -0.000209 0.032041
v 0.003756 -0.000200 0.032042
v 0.003756 0.000540 0.032042
v 0.003755 0.000550 0.032041
v 0.003750 0.000558 0.032040
v 0.003743 0.000565 0.032038
v 0.003734 0.000570 0.032035
v 0.003724 0.000571 0.032033
v -0.022851 -0.000231 0.039740
v -0.022842 -0.000230 0.039736
v -0.022833 -0.000225 0.039732
v -0.022826 -0.000218 0.039729
v -0.022821 -0.000209 0.039727
v -0.022820 -0.000200 0.039726
v -0.022820 0.000540 0.039726
v -0.022821 0.000550 0.039727
v -0.022826 0.000558 0.039729
v -0.022833 0.000565 0.039732
v -0.022842 0.000570 0.039736
v -0.022851 0.000571 0.039740
v -0.020808 -0.000231 0.041702
v -0.020804 -0.000230 0.041692
v -0.020801 -0.000225 0.041683
v -0.020798 -0.000218 0.041676
v -0.020796 -0.000209 0.041672
v -0.020796 -0.000200 0.041670
v -0.020796 0.000540 0.041670
v -0.020796 0.000550 0.041672
v -0.020798 0.000558 0.041676
v -0.020801 0.000565 0.041683
v -0.020804 0.000570 0.041692
v -0.020808 0.000571 0.041702
v -0.003998 -0.000231 0.041702
v -0.004002 -0.000230 0.041692
v -0.004006 -0.000225 0.041683
v -0.004008 -0.000218 0.041676
v -0.004010 -0.000209 0.041672
v -0.004011 -0.000200 0.041670
v -0.004011 0.000540 0.041670
v -0.004010 0.000550 0.041672
v -0.004008 0.000558 0.041676
v -0.004006 0.000565 0.041683
v -0.004002 0.000570 0.041692
v -0.003998 0.000571 0.041702
v -0.003726 -0.000231 0.041440
v -0.003736 -0.000230 0.041436
v -0.003745 -0.000225 0.041433
v -0.003752 -0.000218 0.041430
v -0.003756 -0.000209 0.041428
v -0.003758 -0.000200 0.041427
v -0.003758 0.000540 0.041427
v -0.003756 0.000550 0.041428
v -0.003752 0.000558 0.041430
v -0.003745 0.000565 0.041433
v -0.003736 0.000570 0.041436
v -0.003726 0.000571 0.041440
v -0.003726 -0.000231 0.040741
v -0.003736 -0.000230 0.040741
v -0.003745 -0.000225 0.040741
v -0.003752 -0.000218 0.040741
v -0.003756 -0.000209 0.040741
v -0.003758 -0.000200 0.040741
v -0.003758 0.000540 0.040741
v -0.003756 0.000550 0.040741
v -0.003752 0.000558 0.040741
v -0.003745 0.000565 0.040741
v -0.003736 0.000570 0.040741
v -0.003726 0.000571 0.040741
v -0.003726 -0.000231 0.038993
v -0.003736 -0.000230 0.038993
v -0.003745 -0.000225 0.038993
v -0.003752 -0.000218 0.038993
v -0.003756 -0.000209 0.038993
v -0.003758 -0.000200 0.038993
v -0.003758 0.000540 0.038993
v -0.003756 0.000550 0.038993
v -0.003752 0.000558 0.038993
v -0.003745 0.000565 0.038993
v -0.003736 0.000570 0.038993
v -0.003726 0.000571 0.038993
v -0.003726 -0.000231 0.036721
v -0.003736 -0.000230 0.036721
v -0.003745 -0.000225 0.036721
v -0.003752 -0.000218 0.036721
v -0.003756 -0.000209 0.036721
v -0.003758 -0.000200 0.036721
v -0.003758 0.000540 0.036721
v -0.003756 0.000550 0.036721
v -0.003752 0.000558 0.036721
v -0.003745 0.000565 0.036721
v -0.003736 0.000570 0.036721
v -0.003726 0.000571 0.036721
v -0.003726 -0.000231 0.034449
v -0.003736 -0.000230 0.034449
v -0.003745 -0.000225 0.034449
v -0.003752 -0.000218 0.034449
v -0.003756 -0.000209 0.034449
v -0.003758 -0.000200 0.034449
v -0.003758 0.000540 0.034449
v -0.003756 0.000550 0.034449
v -0.003752 0.000558 0.034449
v -0.003745 0.000565 0.034449
v -0.003736 0.000570 0.034449
v -0.003726 0.000571 0.034449
v -0.003726 -0.000231 0.032701
v -0.003736 -0.000230 0.032701
v -0.003745 -0.000225 0.032701
v -0.003752 -0.000218 0.032701
v -0.003756 -0.000209 0.032701
v -0.003758 -0.000200 0.032701
v -0.003758 0.000540 0.032701
v -0.003756 0.000550 0.032701
v -0.003752 0.000558 0.032701
v -0.003745 0.000565 0.032701
v -0.003736 0.000570 0.032701
v -0.003726 0.000571 0.032701
v -0.003726 -0.000231 0.032002
v -0.003736 -0.000230 0.032008
v -0.003745 -0.000225 0.032013
v -0.003752 -0.000218 0.032017
v -0.003756 -0.000209 0.032020
v -0.003758 -0.000200 0.032021
v -0.003758 0.000540 0.032021
v -0.003756 0.000550 0.032020
v -0.003752 0.000558 0.032017
v -0.003745 0.000565 0.032013
v -0.003736 0.000570 0.032008
v -0.003726 0.000571 0.032002
v -0.003761 -0.000231 0.031984
v -0.003765 -0.000230 0.031992
v -0.003770 -0.000225 0.032000
v -0.003773 -0.000218 0.032006
v -0.003775 -0.000209 0.032010
v -0.003776 -0.000200 0.032011
v -0.003776 0.000540 0.032011
v -0.003775 0.000550 0.032010
v -0.003773 0.000558 0.032006
v -0.003770 0.000565 0.032000
v -0.003765 0.000570 0.031992
v -0.003761 0.000571 0.031984
v -0.003847 -0.000231 0.031937
v -0.003852 -0.000230 0.031946
v -0.003856 -0.000225 0.031953
v -0.003860 -0.000218 0.031959
v -0.003862 -0.000209 0.031963
v -0.003862 -0.000200 0.031965
v -0.003862 0.000540 0.031965
v -0.003862 0.000550 0.031963
v -0.003860 0.000558 0.031959
v -0.003856 0.000565 0.031953
v -0.003852 0.000570 0.031946
v -0.003847 0.000571 0.031937
v -0.003961 -0.000231 0.031875
v -0.003966 -0.000230 0.031884
v -0.003970 -0.000225 0.031892
v -0.003973 -0.000218 0.031898
v -0.003975 -0.000209 0.031902
v -0.003976 -0.000200 0.031903
v -0.003976 0.000540 0.031903
v -0.003975 0.000550 0.031902
v -0.003973 0.000558 0.031898
v -0.003970 0.000565 0.031892
v -0.003966 0.000570 0.031884
v -0.003961 0.000571 0.031875
v -0.004077 -0.000231 0.031812
v -0.004081 -0.000230 0.031820
v -0.004086 -0.000225 0.031828
v -0.004089 -0.000218 0.031834
v -0.004091 -0.000209 0.031838
v -0.004092 -0.000200 0.031840
v -0.004092 0.000540 0.031840
v -0.004091 0.000550 0.031838
v -0.004089 0.000558 0.031834
v -0.004086 0.000565 0.031828
v -0.004081 0.000570 0.031820
v -0.004077 0.000571 0.031812
v -0.004169 -0.000231 0.031760
v -0.004174 -0.000230 0.031768
v -0.004178 -0.000225 0.031776
v -0.004182 -0.000218 0.031782
v -0.004184 -0.000209 0.031786
v -0.004185 -0.000200 0.031787
v -0.004185 0.000540 0.031787
v -0.004184 0.000550 0.031786
v -0.004182 0.000558 0.031782
v -0.004178 0.000565 0.031776
v -0.004174 0.000570 0.031768
v -0.004169 0.000571 0.031760
v -0.004213 -0.000231 0.031732
v -0.004216 -0.000230 0.031742
v -0.004218 -0.000225 0.031751
v -0.004220 -0.000218 0.031758
v -0.004222 -0.000209 0.031762
v -0.004222 -0.000200 0.031764
v -0.004222 0.000540 0.031764
v -0.004222 0.000550 0.031762
v -0.004220 0.000558 0.031758
v -0.004218 0.000565 0.031751
v -0.004216 0.000570 0.031742
v -0.004213 0.000571 0.031732
v -0.005558 -0.000231 0.031722
v -0.005558 -0.000230 0.031732
v -0.005558 -0.000225 0.031741
v -0.005558 -0.000218 0.031748
v -0.005558 -0.000209 0.031752
v -0.005558 -0.000200 0.031754
v -0.005558 0.000540 0.031754
v -0.005558 0.000550 0.031752
v -0.005558 0.000558 0.031748
v -0.005558 0.000565 0.031741
v -0.005558 0.000570 0.031732
v -0.005558 0.000571 0.031722
v -0.008902 -0.000231 0.031713
v -0.008902 -0.000230 0.031723
v -0.008902 -0.000225 0.031732
v -0.008902 -0.000218 0.031739
v -0.008902 -0.000209 0.031743
v -0.008902 -0.000200 0.031745
v -0.008902 0.000540 0.031745
v -0.008902 0.000550 0.031743
v -0.008902 0.000558 0.031739
v -0.008902 0.000565 0.031732
v -0.008902 0.000570 0.031723
v -0.008902 0.000571 0.031713
v -0.013246 -0.000231 0.031705
v -0.013246 -0.000230 0.031715
v -0.013246 -0.000225 0.031724
v -0.013246 -0.000218 0.031731
v -0.013246 -0.000209 0.031736
v -0.013246 -0.000200 0.031737
v -0.013246 0.000540 0.031737
v -0.013246 0.000550 0.031736
v -0.013246 0.000558 0.031731
v -0.013246 0.000565 0.031724
v -0.013246 0.000570 0.031715
v -0.013246 0.000571 0.031705
v -0.017588 -0.000231 0.031700
v -0.017588 -0.000230 0.031710
v -0.017588 -0.000225 0.031718
v -0.017588 -0.000218 0.031725
v -0.017588 -0.000209 0.031730
v -0.017588 -0.000200 0.031731
v -0.017588 0.000540 0.031731
v -0.017588 0.000550 0.031730
v -0.017588 0.000558 0.031725
v -0.017588 0.000565 0.031718
v -0.017588 0.000570 0.031710
v -0.017588 0.000571 0.031700
v -0.020927 -0.000231 0.031696
v -0.020927 -0.000230 0.031706
v -0.020927 -0.000225 0.031715
v -0.020927 -0.000218 0.031722
v -0.020927 -0.000209 0.031726
v -0.020927 -0.000200 0.031728
v -0.020927 0.000540 0.031728
v -0.020927 0.000550 0.031726
v -0.020927 0.000558 0.031722
v -0.020927 0.000565 0.031715
v -0.020927 0.000570 0.031706
v -0.020927 0.000571 0.031696
v -0.022262 -0.000231 0.031695
v -0.022258 -0.000230 0.031705
v -0.022255 -0.000225 0.031714
v -0.022252 -0.000218 0.031721
v -0.022250 -0.000209 0.031725
v -0.022249 -0.000200 0.031727
v -0.022249 0.000540 0.031727
v -0.022250 0.000550 0.031725
v -0.022252 0.000558 0.031721
v -0.022255 0.000565 0.031714
v -0.022258 0.000570 0.031705
v -0.022262 0.000571 0.031695
v -0.022306 -0.000231 0.031737
v -0.022299 -0.000230 0.031744
v -0.022293 -0.000225 0.031750
v -0.022288 -0.000218 0.031755
v -0.022285 -0.000209 0.031759
v -0.022284 -0.000200 0.031760
v -0.022284 0.000540 0.031760
v -0.022285 0.000550 0.031759
v -0.022288 0.000558 0.031755
v -0.022293 0.000565 0.031750
v -0.022299 0.000570 0.031744
v -0.022306 0.000571 0.031737
v -0.022415 -0.000231 0.031842
v -0.022408 -0.000230 0.031849
v -0.022402 -0.000225 0.031855
v -0.022397 -0.000218 0.031860
v -0.022394 -0.000209 0.031863
v -0.022393 -0.000200 0.031865
v -0.022393 0.000540 0.031865
v -0.022394 0.000550 0.031863
v -0.022397 0.000558 0.031860
v -0.022402 0.000565 0.031855
v -0.022408 0.000570 0.031849
v -0.022415 0.000571 0.031842
v -0.022557 -0.000231 0.031978
v -0.022550 -0.000230 0.031985
v -0.022544 -0.000225 0.031991
v -0.022539 -0.000218 0.031996
v -0.022536 -0.000209 0.032000
v -0.022535 -0.000200 0.032001
v -0.022535 0.000540 0.032001
v -0.022536 0.000550 0.032000
v -0.022539 0.000558 0.031996
v -0.022544 0.000565 0.031991
v -0.022550 0.000570 0.031985
v -0.022557 0.000571 0.031978
v -0.022699 -0.000231 0.032114
v -0.022692 -0.000230 0.032121
v -0.022686 -0.000225 0.032128
v -0.022681 -0.000218 0.032133
v -0.022678 -0.000209 0.032136
v -0.022677 -0.000200 0.032137
v -0.022677 0.000540 0.032137
v -0.022678 0.000550 0.032136
v -0.022681 0.000558 0.032133
v -0.022686 0.000565 0.032128
v -0.022692 0.000570 0.032121
v -0.022699 0.000571 0.032114
v -0.022808 -0.000231 0.032219
v -0.022801 -0.000230 0.032226
v -0.022795 -0.000225 0.032232
v -0.022790 -0.000218 0.032237
v -0.022787 -0.000209 0.032241
v -0.022786 -0.000200 0.032242
v -0.022786 0.000540 0.032242
v -0.022787 0.000550 0.032241
v -0.022790 0.000558 0.032237
v -0.022795 0.000565 0.032232
v -0.022801 0.000570 0.032226
v -0.022808 0.000571 0.032219
v -0.022851 -0.000231 0.032261
v -0.022842 -0.000230 0.032265
v -0.022833 -0.000225 0.032269
v -0.022826 -0.000218 0.032272
v -0.022821 -0.000209 0.032274
v -0.022820 -0.000200 0.032274
v -0.022820 0.000540 0.032274
v -0.022821 0.000550 0.032274
v -0.022826 0.000558 0.032272
v -0.022833 0.000565 0.032269
v -0.022842 0.000570 0.032265
v -0.022851 0.000571 0.032261
v 0.026544 0.000571 0.043847
v 0.029955 0.000571 0.040323
v 0.031719 0.000571 0.040323
v 0.031719 0.000571 0.044139
v 0.030369 0.000571 0.045435
v 0.026544 0.000571 0.045559
v 0.026544 -0.000231 0.043847
v 0.029955 -0.000231 0.040323
v 0.031719 -0.000231 0.040323
v 0.031719 -0.000231 0.044139
v 0.030369 -0.000231 0.045435
v 0.026544 -0.000231 0.045559
v 0.026544 -0.000231 0.043847
v 0.026535 -0.000230 0.043843
v 0.026526 -0.000225 0.043840
v 0.026519 -0.000218 0.043837
v 0.026514 -0.000209 0.043835
v 0.026513 -0.000200 0.043834
v 0.026513 0.000540 0.043834
v 0.026514 0.000550 0.043835
v 0.026519 0.000558 0.043837
v 0.026526 0.000565 0.043840
v 0.026535 0.000570 0.043843
v 0.026544 0.000571 0.043847
v 0.029955 -0.000231 0.040323
v 0.029951 -0.000230 0.040313
v 0.029947 -0.000225 0.040304
v 0.029944 -0.000218 0.040297
v 0.029943 -0.000209 0.040293
v 0.029942 -0.000200 0.040291
v 0.029942 0.000540 0.040291
v 0.029943 0.000550 0.040293
v 0.029944 0.000558 0.040297
v 0.029947 0.000565 0.040304
v 0.029951 0.000570 0.040313
v 0.029955 0.000571 0.040323
v 0.031719 -0.000231 0.040323
v 0.031729 -0.000230 0.040313
v 0.031738 -0.000225 0.040304
v 0.031745 -0.000218 0.040297
v 0.031749 -0.000209 0.040293
v 0.031751 -0.000200 0.040291
v 0.031751 0.000540 0.040291
v 0.031749 0.000550 0.040293
v 0.031745 0.000558 0.040297
v 0.031738 0.000565 0.040304
v 0.031729 0.000570 0.040313
v 0.031719 0.000571 0.040323
v 0.031719 -0.000231 0.044139
v 0.031729 -0.000230 0.044143
v 0.031738 -0.000225 0.044147
v 0.031745 -0.000218 0.044150
v 0.031749 -0.000209 0.044152
v 0.031751 -0.000200 0.044152
v 0.031751 0.000540 0.044152
v 0.031749 0.000550 0.044152
v 0.031745 0.000558 0.044150
v 0.031738 0.000565 0.044147
v 0.031729 0.000570 0.044143
v 0.031719 0.000571 0.044139
v 0.030369 -0.000231 0.045435
v 0.030373 -0.000230 0.045445
v 0.030377 -0.000225 0.045454
v 0.030379 -0.000218 0.045461
v 0.030381 -0.000209 0.045465
v 0.030382 -0.000200 0.045467
v 0.030382 0.000540 0.045467
v 0.030381 0.000550 0.045465
v 0.030379 0.000558 0.045461
v 0.030377 0.000565 0.045454
v 0.030373 0.000570 0.045445
v 0.030369 0.000571 0.045435
v 0.026544 -0.000231 0.045559
v 0.026535 -0.000230 0.045570
v 0.026526 -0.000225 0.045579
v 0.026519 -0.000218 0.045586
v 0.026514 -0.000209 0.045591
v 0.026513 -0.000200 0.045592
v 0.026513 0.000540 0.045592
v 0.026514 0.000550 0.045591
v 0.026519 0.000558 0.045586
v 0.026526 0.000565 0.045579
v 0.026535 0.000570 0.045570
v 0.026544 0.000571 0.045559
v -0.026576 0.000571 0.045559
v -0.030400 0.000571 0.045435
v -0.031750 0.000571 0.044139
v -0.031750 0.000571 0.040323
v -0.029986 0.000571 0.040323
v -0.026576 0.000571 0.043847
v -0.026576 -0.000231 0.045559
v -0.030400 -0.000231 0.045435
v -0.031750 -0.000231 0.044139
v -0.031750 -0.000231 0.040323
v -0.029986 -0.000231 0.040323
v -0.026576 -0.000231 0.043847
v -0.026576 -0.000231 0.045559
v -0.026566 -0.000230 0.045570
v -0.026557 -0.000225 0.045579
v -0.026550 -0.000218 0.045586
v -0.026545 -0.000209 0.045591
v -0.026544 -0.000200 0.045592
v -0.026544 0.000540 0.045592
v -0.026545 0.000550 0.045591
v -0.026550 0.000558 0.045586
v -0.026557 0.000565 0.045579
v -0.026566 0.000570 0.045570
v -0.026576 0.000571 0.045559
v -0.030400 -0.000231 0.045435
v -0.030404 -0.000230 0.045445
v -0.030408 -0.000225 0.045454
v -0.030411 -0.000218 0.045461
v -0.030412 -0.000209 0.045465
v -0.030413 -0.000200 0.045467
v -0.030413 0.000540 0.045467
v -0.030412 0.000550 0.045465
v -0.030411 0.000558 0.045461
v -0.030408 0.000565 0.045454
v -0.030404 0.000570 0.045445
v -0.030400 0.000571 0.045435
v -0.031750 -0.000231 0.044139
v -0.031760 -0.000230 0.044143
v -0.031769 -0.000225 0.044147
v -0.031776 -0.000218 0.044150
v -0.031780 -0.000209 0.044152
v -0.031782 -0.000200 0.044152
v -0.031782 0.000540 0.044152
v -0.031780 0.000550 0.044152
v -0.031776 0.000558 0.044150
v -0.031769 0.000565 0.044147
v -0.031760 0.000570 0.044143
v -0.031750 0.000571 0.044139
v -0.031750 -0.000231 0.040323
v -0.031760 -0.000230 0.040313
v -0.031769 -0.000225 0.040304
v -0.031776 -0.000218 0.040297
v -0.031780 -0.000209 0.040293
v -0.031782 -0.000200 0.040291
v -0.031782 0.000540 0.040291
v -0.031780 0.000550 0.040293
v -0.031776 0.000558 0.040297
v -0.031769 0.000565 0.040304
v -0.031760 0.000570 0.040313
v -0.031750 0.000571 0.040323
v -0.029986 -0.000231 0.040323
v -0.029982 -0.000230 0.040313
v -0.029979 -0.000225 0.040304
v -0.029976 -0.000218 0.040297
v -0.029974 -0.000209 0.040293
v -0.029973 -0.000200 0.040291
v -0.029973 0.000540 0.040291
v -0.029974 0.000550 0.040293
v -0.029976 0.000558 0.040297
v -0.029979 0.000565 0.040304
v -0.029982 0.000570 0.040313
v -0.029986 0.000571 0.040323
v -0.026576 -0.000231 0.043847
v -0.026566 -0.000230 0.043843
v -0.026557 -0.000225 0.043840
v -0.026550 -0.000218 0.043837
v -0.026545 -0.000209 0.043835
v -0.026544 -0.000200 0.043834
v -0.026544 0.000540 0.043834
v -0.026545 0.000550 0.043835
v -0.026550 0.000558 0.043837
v -0.026557 0.000565 0.043840
v -0.026566 0.000570 0.043843
v -0.026576 0.000571 0.043847
v 0.024470 0.000571 -0.045558
v 0.030013 0.000571 -0.045484
v 0.031667 0.000571 -0.043895
v 0.031667 0.000571 -0.038113
v 0.029780 0.000571 -0.038113
v 0.024470 0.000571 -0.043213
v 0.024470 -0.000231 -0.045558
v 0.030013 -0.000231 -0.045484
v 0.031667 -0.000231 -0.043895
v 0.031667 -0.000231 -0.038113
v 0.029780 -0.000231 -0.038113
v 0.024470 -0.000231 -0.043213
v 0.024470 -0.000231 -0.045558
v 0.024461 -0.000230 -0.045568
v 0.024452 -0.000225 -0.045577
v 0.024445 -0.000218 -0.045584
v 0.024440 -0.000209 -0.045589
v 0.024439 -0.000200 -0.045590
v 0.024439 0.000540 -0.045590
v 0.024440 0.000550 -0.045589
v 0.024445 0.000558 -0.045584
v 0.024452 0.000565 -0.045577
v 0.024461 0.000570 -0.045568
v 0.024470 0.000571 -0.045558
v 0.030013 -0.000231 -0.045484
v 0.030017 -0.000230 -0.045494
v 0.030021 -0.000225 -0.045502
v 0.030023 -0.000218 -0.045509
v 0.030025 -0.000209 -0.045514
v 0.030026 -0.000200 -0.045515
v 0.030026 0.000540 -0.045515
v 0.030025 0.000550 -0.045514
v 0.030023 0.000558 -0.045509
v 0.030021 0.000565 -0.045502
v 0.030017 0.000570 -0.045494
v 0.030013 0.000571 -0.045484
v 0.031667 -0.000231 -0.043895
v 0.031677 -0.000230 -0.043900
v 0.031685 -0.000225 -0.043903
v 0.031692 -0.000218 -0.043906
v 0.031697 -0.000209 -0.043908
v 0.031698 -0.000200 -0.043909
v 0.031698 0.000540 -0.043909
v 0.031697 0.000550 -0.043908
v 0.031692 0.000558 -0.043906
v 0.031685 0.000565 -0.043903
v 0.031677 0.000570 -0.043900
v 0.031667 0.000571 -0.043895
v 0.031667 -0.000231 -0.038113
v 0.031677 -0.000230 -0.038103
v 0.031685 -0.000225 -0.038094
v 0.031692 -0.000218 -0.038087
v 0.031697 -0.000209 -0.038083
v 0.031698 -0.000200 -0.038081
v 0.031698 0.000540 -0.038081
v 0.031697 0.000550 -0.038083
v 0.031692 0.000558 -0.038087
v 0.031685 0.000565 -0.038094
v 0.031677 0.000570 -0.038103
v 0.031667 0.000571 -0.038113
v 0.029780 -0.000231 -0.038113
v 0.029777 -0.000230 -0.038103
v 0.029773 -0.000225 -0.038094
v 0.029770 -0.000218 -0.038087
v 0.029768 -0.000209 -0.038083
v 0.029768 -0.000200 -0.038081
v 0.029768 0.000540 -0.038081
v 0.029768 0.000550 -0.038083
v 0.029770 0.000558 -0.038087
v 0.029773 0.000565 -0.038094
v 0.029777 0.000570 -0.038103
v 0.029780 0.000571 -0.038113
v 0.024470 -0.000231 -0.043213
v 0.024461 -0.000230 -0.043209
v 0.024452 -0.000225 -0.043205
v 0.024445 -0.000218 -0.043202
v 0.024440 -0.000209 -0.043200
v 0.024439 -0.000200 -0.043200
v 0.024439 0.000540 -0.043200
v 0.024440 0.000550 -0.043200
v 0.024445 0.000558 -0.043202
v 0.024452 0.000565 -0.043205
v 0.024461 0.000570 -0.043209
v 0.024470 0.000571 -0.043213
v -0.024463 0.000571 -0.043213
v -0.029773 0.000571 -0.038113
v -0.031660 0.000571 -0.038113
v -0.031660 0.000571 -0.043895
v -0.030006 0.000571 -0.045484
v -0.024463 0.000571 -0.045558
v -0.024463 -0.000231 -0.043213
v -0.029773 -0.000231 -0.038113
v -0.031660 -0.000231 -0.038113
v -0.031660 -0.000231 -0.043895
v -0.030006 -0.000231 -0.045484
v -0.024463 -0.000231 -0.045558
v -0.024463 -0.000231 -0.043213
v -0.024453 -0.000230 -0.043209
v -0.024445 -0.000225 -0.043205
v -0.024438 -0.000218 -0.043202
v -0.024433 -0.000209 -0.043200
v -0.024431 -0.000200 -0.043200
v -0.024431 0.000540 -0.043200
v -0.024433 0.000550 -0.043200
v -0.024438 0.000558 -0.043202
v -0.024445 0.000565 -0.043205
v -0.024453 0.000570 -0.043209
v -0.024463 0.000571 -0.043213
v -0.029773 -0.000231 -0.038113
v -0.029769 -0.000230 -0.038103
v -0.029766 -0.000225 -0.038094
v -0.029763 -0.000218 -0.038087
v -0.029761 -0.000209 -0.038083
v -0.029761 -0.000200 -0.038081
v -0.029761 0.000540 -0.038081
v -0.029761 0.000550 -0.038083
v -0.029763 0.000558 -0.038087
v -0.029766 0.000565 -0.038094
v -0.029769 0.000570 -0.038103
v -0.029773 0.000571 -0.038113
v -0.031660 -0.000231 -0.038113
v -0.031669 -0.000230 -0.038103
v -0.031678 -0.000225 -0.038094
v -0.031685 -0.000218 -0.038087
v -0.031690 -0.000209 -0.038083
v -0.031691 -0.000200 -0.038081
v -0.031691 0.000540 -0.038081
v -0.031690 0.000550 -0.038083
v -0.031685 0.000558 -0.038087
v -0.031678 0.000565 -0.038094
v -0.031669 0.000570 -0.038103
v -0.031660 0.000571 -0.038113
v -0.031660 -0.000231 -0.043895
v -0.031669 -0.000230 -0.043900
v -0.031678 -0.000225 -0.043903
v -0.031685 -0.000218 -0.043906
v -0.031690 -0.000209 -0.043908
v -0.031691 -0.000200 -0.043909
v -0.031691 0.000540 -0.043909
v -0.031690 0.000550 -0.043908
v -0.031685 0.000558 -0.043906
v -0.031678 0.000565 -0.043903
v -0.031669 0.000570 -0.043900
v -0.031660 0.000571 -0.043895
v -0.030006 -0.000231 -0.045484
v -0.030010 -0.000230 -0.045494
v -0.030013 -0.000225 -0.045502
v -0.030016 -0.000218 -0.045509
v -0.030018 -0.000209 -0.045514
v -0.030019 -0.000200 -0.045515
v -0.030019 0.000540 -0.045515
v -0.030018 0.000550 -0.045514
v -0.030016 0.000558 -0.045509
v -0.030013 0.000565 -0.045502
v -0.030010 0.000570 -0.045494
v -0.030006 0.000571 -0.045484
v -0.024463 -0.000231 -0.045558
v -0.024453 -0.000230 -0.045568
v -0.024445 -0.000225 -0.045577
v -0.024438 -0.000218 -0.045584
v -0.024433 -0.000209 -0.045589
v -0.024431 -0.000200 -0.045590
v -0.024431 0.000540 -0.045590
v -0.024433 0.000550 -0.045589
v -0.024438 0.000558 -0.045584
v -0.024445 0.000565 -0.045577
v -0.024453 0.000570 -0.045568
v -0.024463 0.000571 -0.045558
v 0.021263 -0.000015 -0.038936
v -0.021061 -0.000015 -0.038908
v -0.023550 -0.000015 -0.041299
v -0.021169 -0.000015 -0.043586
v 0.021396 -0.000015 -0.043586
v 0.023750 -0.000015 -0.041325
v 0.021263 -0.000215 -0.038936
v -0.021061 -0.000215 -0.038908
v -0.023550 -0.000215 -0.041299
v -0.021169 -0.000215 -0.043586
v 0.021396 -0.000215 -0.043586
v 0.023750 -0.000215 -0.041325
v 0.021263 -0.000215 -0.038936
v 0.021267 -0.000214 -0.038927
v 0.021270 -0.000209 -0.038918
v 0.021273 -0.000202 -0.038911
v 0.021275 -0.000193 -0.038906
v 0.021276 -0.000184 -0.038905
v 0.021276 -0.000046 -0.038905
v 0.021275 -0.000036 -0.038906
v 0.021273 -0.000028 -0.038911
v 0.021270 -0.000021 -0.038918
v 0.021267 -0.000016 -0.038927
v 0.021263 -0.000015 -0.038936
v -0.021061 -0.000215 -0.038908
v -0.021065 -0.000214 -0.038898
v -0.021068 -0.000209 -0.038889
v -0.021071 -0.000202 -0.038882
v -0.021073 -0.000193 -0.038878
v -0.021074 -0.000184 -0.038876
v -0.021074 -0.000046 -0.038876
v -0.021073 -0.000036 -0.038878
v -0.021071 -0.000028 -0.038882
v -0.021068 -0.000021 -0.038889
v -0.021065 -0.000016 -0.038898
v -0.021061 -0.000015 -0.038908
v -0.023550 -0.000215 -0.041299
v -0.023564 -0.000214 -0.041299
v -0.023577 -0.000209 -0.041299
v -0.023587 -0.000202 -0.041299
v -0.023594 -0.000193 -0.041299
v -0.023596 -0.000184 -0.041299
v -0.023596 -0.000046 -0.041299
v -0.023594 -0.000036 -0.041299
v -0.023587 -0.000028 -0.041299
v -0.023577 -0.000021 -0.041299
v -0.023564 -0.000016 -0.041299
v -0.023550 -0.000015 -0.041299
v -0.021169 -0.000215 -0.043586
v -0.021173 -0.000214 -0.043596
v -0.021177 -0.000209 -0.043604
v -0.021179 -0.000202 -0.043611
v -0.021181 -0.000193 -0.043616
v -0.021182 -0.000184 -0.043617
v -0.021182 -0.000046 -0.043617
v -0.021181 -0.000036 -0.043616
v -0.021179 -0.000028 -0.043611
v -0.021177 -0.000021 -0.043604
v -0.021173 -0.000016 -0.043596
v -0.021169 -0.000015 -0.043586
v 0.021396 -0.000215 -0.043586
v 0.021400 -0.000214 -0.043596
v 0.021403 -0.000209 -0.043604
v 0.021406 -0.000202 -0.043611
v 0.021408 -0.000193 -0.043616
v 0.021409 -0.000184 -0.043617
v 0.021409 -0.000046 -0.043617
v 0.021408 -0.000036 -0.043616
v 0.021406 -0.000028 -0.043611
v 0.021403 -0.000021 -0.043604
v 0.021400 -0.000016 -0.043596
v 0.021396 -0.000015 -0.043586
v 0.023750 -0.000215 -0.041325
v 0.023764 -0.000214 -0.041325
v 0.023777 -0.000209 -0.041325
v 0.023787 -0.000202 -0.041325
v 0.023793 -0.000193 -0.041325
v 0.023796 -0.000184 -0.041325
v 0.023796 -0.000046 -0.041325
v 0.023793 -0.000036 -0.041325
v 0.023787 -0.000028 -0.041325
v 0.023777 -0.000021 -0.041325
v 0.023764 -0.000016 -0.041325
v 0.023750 -0.000015 -0.041325
v 0.024653 -0.000015 0.000168
v 0.024653 -0.000015 0.005256
v 0.023405 -0.000015 0.005948
v -0.023275 -0.000015 0.005948
v -0.024590 -0.000015 0.005219
v -0.024590 -0.000015 0.000261
v -0.023417 -0.000015 -0.000390
v 0.023451 -0.000015 -0.000498
v 0.024653 -0.000215 0.000168
v 0.024653 -0.000215 0.005256
v 0.023405 -0.000215 0.005948
v -0.023275 -0.000215 0.005948
v -0.024590 -0.000215 0.005219
v -0.024590 -0.000215 0.000261
v -0.023417 -0.000215 -0.000390
v 0.023451 -0.000215 -0.000498
v 0.024653 -0.000215 0.000168
v 0.024663 -0.000214 0.000162
v 0.024672 -0.000209 0.000157
v 0.024679 -0.000202 0.000153
v 0.024683 -0.000193 0.000150
v 0.024685 -0.000184 0.000149
v 0.024685 -0.000046 0.000149
v 0.024683 -0.000036 0.000150
v 0.024679 -0.000028 0.000153
v 0.024672 -0.000021 0.000157
v 0.024663 -0.000016 0.000162
v 0.024653 -0.000015 0.000168
v 0.024653 -0.000215 0.005256
v 0.024663 -0.000214 0.005261
v 0.024672 -0.000209 0.005267
v 0.024679 -0.000202 0.005271
v 0.024683 -0.000193 0.005273
v 0.024685 -0.000184 0.005274
v 0.024685 -0.000046 0.005274
v 0.024683 -0.000036 0.005273
v 0.024679 -0.000028 0.005271
v 0.024672 -0.000021 0.005267
v 0.024663 -0.000016 0.005261
v 0.024653 -0.000015 0.005256
v 0.023405 -0.000215 0.005948
v 0.023407 -0.000214 0.005958
v 0.023410 -0.000209 0.005966
v 0.023412 -0.000202 0.005973
v 0.023413 -0.000193 0.005978
v 0.023413 -0.000184 0.005979
v 0.023413 -0.000046 0.005979
v 0.023413 -0.000036 0.005978
v 0.023412 -0.000028 0.005973
v 0.023410 -0.000021 0.005966
v 0.023407 -0.000016 0.005958
v 0.023405 -0.000015 0.005948
v -0.023275 -0.000215 0.005948
v -0.023278 -0.000214 0.005958
v -0.023280 -0.000209 0.005966
v -0.023282 -0.000202 0.005973
v -0.023283 -0.000193 0.005978
v -0.023284 -0.000184 0.005979
v -0.023284 -0.000046 0.005979
v -0.023283 -0.000036 0.005978
v -0.023282 -0.000028 0.005973
v -0.023280 -0.000021 0.005966
v -0.023278 -0.000016 0.005958
v -0.023275 -0.000015 0.005948
v -0.024590 -0.000215 0.005219
v -0.024600 -0.000214 0.005224
v -0.024609 -0.000209 0.005229
v -0.024616 -0.000202 0.005234
v -0.024621 -0.000193 0.005236
v -0.024622 -0.000184 0.005237
v -0.024622 -0.000046 0.005237
v -0.024621 -0.000036 0.005236
v -0.024616 -0.000028 0.005234
v -0.024609 -0.000021 0.005229
v -0.024600 -0.000016 0.005224
v -0.024590 -0.000015 0.005219
v -0.024590 -0.000215 0.000261
v -0.024600 -0.000214 0.000255
v -0.024609 -0.000209 0.000250
v -0.024616 -0.000202 0.000246
v -0.024621 -0.000193 0.000243
v -0.024622 -0.000184 0.000242
v -0.024622 -0.000046 0.000242
v -0.024621 -0.000036 0.000243
v -0.024616 -0.000028 0.000246
v -0.024609 -0.000021 0.000250
v -0.024600 -0.000016 0.000255
v -0.024590 -0.000015 0.000261
v -0.023417 -0.000215 -0.000390
v -0.023419 -0.000214 -0.000400
v -0.023422 -0.000209 -0.000409
v -0.023423 -0.000202 -0.000416
v -0.023425 -0.000193 -0.000420
v -0.023425 -0.000184 -0.000422
v -0.023425 -0.000046 -0.000422
v -0.023425 -0.000036 -0.000420
v -0.023423 -0.000028 -0.000416
v -0.023422 -0.000021 -0.000409
v -0.023419 -0.000016 -0.000400
v -0.023417 -0.000015 -0.000390
v 0.023451 -0.000215 -0.000498
v 0.023454 -0.000214 -0.000508
v 0.023456 -0.000209 -0.000517
v 0.023458 -0.000202 -0.000524
v 0.023459 -0.000193 -0.000528
v 0.023460 -0.000184 -0.000530
v 0.023460 -0.000046 -0.000530
v 0.023459 -0.000036 -0.000528
v 0.023458 -0.000028 -0.000524
v 0.023456 -0.000021 -0.000517
v 0.023454 -0.000016 -0.000508
v 0.023451 -0.000015 -0.000498
v 0.022832 -0.000015 0.011338
v 0.022832 -0.000015 0.029221
v -0.022966 -0.000015 0.029221
v -0.022966 -0.000015 0.011435
v -0.022335 -0.000015 0.010830
v 0.022320 -0.000015 0.010847
v 0.022832 -0.000215 0.011338
v 0.022832 -0.000215 0.029221
v -0.022966 -0.000215 0.029221
v -0.022966 -0.000215 0.011435
v -0.022335 -0.000215 0.010830
v 0.022320 -0.000215 0.010847
v 0.022832 -0.000215 0.011338
v 0.022842 -0.000214 0.011334
v 0.022850 -0.000209 0.011331
v 0.022858 -0.000202 0.011328
v 0.022862 -0.000193 0.011326
v 0.022864 -0.000184 0.011325
v 0.022864 -0.000046 0.011325
v 0.022862 -0.000036 0.011326
v 0.022858 -0.000028 0.011328
v 0.022850 -0.000021 0.011331
v 0.022842 -0.000016 0.011334
v 0.022832 -0.000015 0.011338
v 0.022832 -0.000215 0.029221
v 0.022842 -0.000214 0.029230
v 0.022850 -0.000209 0.029239
v 0.022858 -0.000202 0.029246
v 0.022862 -0.000193 0.029251
v 0.022864 -0.000184 0.029252
v 0.022864 -0.000046 0.029252
v 0.022862 -0.000036 0.029251
v 0.022858 -0.000028 0.029246
v 0.022850 -0.000021 0.029239
v 0.022842 -0.000016 0.029230
v 0.022832 -0.000015 0.029221
v -0.022966 -0.000215 0.029221
v -0.022975 -0.000214 0.029230
v -0.022984 -0.000209 0.029239
v -0.022991 -0.000202 0.029246
v -0.022996 -0.000193 0.029251
v -0.022997 -0.000184 0.029252
v -0.022997 -0.000046 0.029252
v -0.022996 -0.000036 0.029251
v -0.022991 -0.000028 0.029246
v -0.022984 -0.000021 0.029239
v -0.022975 -0.000016 0.029230
v -0.022966 -0.000015 0.029221
v -0.022966 -0.000215 0.011435
v -0.022975 -0.000214 0.011431
v -0.022984 -0.000209 0.011427
v -0.022991 -0.000202 0.011424
v -0.022996 -0.000193 0.011422
v -0.022997 -0.000184 0.011421
v -0.022997 -0.000046 0.011421
v -0.022996 -0.000036 0.011422
v -0.022991 -0.000028 0.011424
v -0.022984 -0.000021 0.011427
v -0.022975 -0.000016 0.011431
v -0.022966 -0.000015 0.011435
v -0.022335 -0.000215 0.010830
v -0.022339 -0.000214 0.010820
v -0.022343 -0.000209 0.010811
v -0.022346 -0.000202 0.010804
v -0.022347 -0.000193 0.010799
v -0.022348 -0.000184 0.010798
v -0.022348 -0.000046 0.010798
v -0.022347 -0.000036 0.010799
v -0.022346 -0.000028 0.010804
v -0.022343 -0.000021 0.010811
v -0.022339 -0.000016 0.010820
v -0.022335 -0.000015 0.010830
v 0.022320 -0.000215 0.010847
v 0.022324 -0.000214 0.010837
v 0.022328 -0.000209 0.010828
v 0.022331 -0.000202 0.010821
v 0.022332 -0.000193 0.010817
v 0.022333 -0.000184 0.010815
v 0.022333 -0.000046 0.010815
v 0.022332 -0.000036 0.010817
v 0.022331 -0.000028 0.010821
v 0.022328 -0.000021 0.010828
v 0.022324 -0.000016 0.010837
v 0.022320 -0.000015 0.010847
v -0.020927 -0.000015 0.031696
v -0.017588 -0.000015 0.031700
v -0.013246 -0.000015 0.031705
v -0.008902 -0.000015 0.031713
v -0.005557 -0.000015 0.031722
v -0.004213 -0.000015 0.031732
v -0.004169 -0.000015 0.031760
v -0.004076 -0.000015 0.031812
v -0.003961 -0.000015 0.031875
v -0.003847 -0.000015 0.031937
v -0.003760 -0.000015 0.031984
v -0.003726 -0.000015 0.032002
v -0.003726 -0.000015 0.041441
v -0.003998 -0.000015 0.041702
v -0.020808 -0.000015 0.041702
v -0.022851 -0.000015 0.039740
v -0.022851 -0.000015 0.032261
v -0.022262 -0.000015 0.031695
v -0.020927 -0.000215 0.031696
v -0.017588 -0.000215 0.031700
v -0.013246 -0.000215 0.031705
v -0.008902 -0.000215 0.031713
v -0.005557 -0.000215 0.031722
v -0.004213 -0.000215 0.031732
v -0.004169 -0.000215 0.031760
v -0.004076 -0.000215 0.031812
v -0.003961 -0.000215 0.031875
v -0.003847 -0.000215 0.031937
v -0.003760 -0.000215 0.031984
v -0.003726 -0.000215 0.032002
v -0.003726 -0.000215 0.041441
v -0.003998 -0.000215 0.041702
v -0.020808 -0.000215 0.041702
v -0.022851 -0.000215 0.039740
v -0.022851 -0.000215 0.032261
v -0.022262 -0.000215 0.031695
v -0.020927 -0.000215 0.031696
v -0.020927 -0.000214 0.031686
v -0.020927 -0.000209 0.031678
v -0.020927 -0.000202 0.031671
v -0.020927 -0.000193 0.031666
v -0.020927 -0.000184 0.031665
v -0.020927 -0.000046 0.031665
v -0.020927 -0.000036 0.031666
v -0.020927 -0.000028 0.031671
v -0.020927 -0.000021 0.031678
v -0.020927 -0.000016 0.031686
v -0.020927 -0.000015 0.031696
v -0.017588 -0.000215 0.031700
v -0.017588 -0.000214 0.031690
v -0.017588 -0.000209 0.031681
v -0.017588 -0.000202 0.031674
v -0.017588 -0.000193 0.031670
v -0.017588 -0.000184 0.031668
v -0.017588 -0.000046 0.031668
v -0.017588 -0.000036 0.031670
v -0.017588 -0.000028 0.031674
v -0.017588 -0.000021 0.031681
v -0.017588 -0.000016 0.031690
v -0.017588 -0.000015 0.031700
v -0.013246 -0.000215 0.031705
v -0.013246 -0.000214 0.031696
v -0.013246 -0.000209 0.031687
v -0.013246 -0.000202 0.031680
v -0.013246 -0.000193 0.031675
v -0.013246 -0.000184 0.031674
v -0.013246 -0.000046 0.031674
v -0.013246 -0.000036 0.031675
v -0.013246 -0.000028 0.031680
v -0.013246 -0.000021 0.031687
v -0.013246 -0.000016 0.031696
v -0.013246 -0.000015 0.031705
v -0.008902 -0.000215 0.031713
v -0.008902 -0.000214 0.031703
v -0.008902 -0.000209 0.031694
v -0.008902 -0.000202 0.031687
v -0.008902 -0.000193 0.031683
v -0.008902 -0.000184 0.031681
v -0.008902 -0.000046 0.031681
v -0.008902 -0.000036 0.031683
v -0.008902 -0.000028 0.031687
v -0.008902 -0.000021 0.031694
v -0.008902 -0.000016 0.031703
v -0.008902 -0.000015 0.031713
v -0.005557 -0.000215 0.031722
v -0.005557 -0.000214 0.031712
v -0.005557 -0.000209 0.031703
v -0.005557 -0.000202 0.031696
v -0.005557 -0.000193 0.031692
v -0.005557 -0.000184 0.031690
v -0.005557 -0.000046 0.031690
v -0.005557 -0.000036 0.031692
v -0.005557 -0.000028 0.031696
v -0.005557 -0.000021 0.031703
v -0.005557 -0.000016 0.031712
v -0.005557 -0.000015 0.031722
v -0.004213 -0.000215 0.031732
v -0.004210 -0.000214 0.031722
v -0.004207 -0.000209 0.031714
v -0.004205 -0.000202 0.031707
v -0.004204 -0.000193 0.031702
v -0.004203 -0.000184 0.031701
v -0.004203 -0.000046 0.031701
v -0.004204 -0.000036 0.031702
v -0.004205 -0.000028 0.031707
v -0.004207 -0.000021 0.031714
v -0.004210 -0.000016 0.031722
v -0.004213 -0.000015 0.031732
v -0.004169 -0.000215 0.031760
v -0.004164 -0.000214 0.031751
v -0.004159 -0.000209 0.031744
v -0.004156 -0.000202 0.031738
v -0.004153 -0.000193 0.031734
v -0.004153 -0.000184 0.031732
v -0.004153 -0.000046 0.031732
v -0.004153 -0.000036 0.031734
v -0.004156 -0.000028 0.031738
v -0.004159 -0.000021 0.031744
v -0.004164 -0.000016 0.031751
v -0.004169 -0.000015 0.031760
v -0.004076 -0.000215 0.031812
v -0.004072 -0.000214 0.031803
v -0.004067 -0.000209 0.031796
v -0.004064 -0.000202 0.031789
v -0.004062 -0.000193 0.031785
v -0.004061 -0.000184 0.031784
v -0.004061 -0.000046 0.031784
v -0.004062 -0.000036 0.031785
v -0.004064 -0.000028 0.031789
v -0.004067 -0.000021 0.031796
v -0.004072 -0.000016 0.031803
v -0.004076 -0.000015 0.031812
v -0.003961 -0.000215 0.031875
v -0.003956 -0.000214 0.031867
v -0.003952 -0.000209 0.031859
v -0.003949 -0.000202 0.031853
v -0.003946 -0.000193 0.031849
v -0.003946 -0.000184 0.031847
v -0.003946 -0.000046 0.031847
v -0.003946 -0.000036 0.031849
v -0.003949 -0.000028 0.031853
v -0.003952 -0.000021 0.031859
v -0.003956 -0.000016 0.031867
v -0.003961 -0.000015 0.031875
v -0.003847 -0.000215 0.031937
v -0.003842 -0.000214 0.031928
v -0.003838 -0.000209 0.031921
v -0.003835 -0.000202 0.031914
v -0.003833 -0.000193 0.031910
v -0.003832 -0.000184 0.031909
v -0.003832 -0.000046 0.031909
v -0.003833 -0.000036 0.031910
v -0.003835 -0.000028 0.031914
v -0.003838 -0.000021 0.031921
v -0.003842 -0.000016 0.031928
v -0.003847 -0.000015 0.031937
v -0.003760 -0.000215 0.031984
v -0.003756 -0.000214 0.031975
v -0.003752 -0.000209 0.031967
v -0.003748 -0.000202 0.031961
v -0.003746 -0.000193 0.031957
v -0.003745 -0.000184 0.031956
v -0.003745 -0.000046 0.031956
v -0.003746 -0.000036 0.031957
v -0.003748 -0.000028 0.031961
v -0.003752 -0.000021 0.031967
v -0.003756 -0.000016 0.031975
v -0.003760 -0.000015 0.031984
v -0.003726 -0.000215 0.032002
v -0.003716 -0.000214 0.031996
v -0.003707 -0.000209 0.031991
v -0.003700 -0.000202 0.031987
v -0.003696 -0.000193 0.031984
v -0.003694 -0.000184 0.031983
v -0.003694 -0.000046 0.031983
v -0.003696 -0.000036 0.031984
v -0.003700 -0.000028 0.031987
v -0.003707 -0.000021 0.031991
v -0.003716 -0.000016 0.031996
v -0.003726 -0.000015 0.032002
v -0.003726 -0.000215 0.041441
v -0.003716 -0.000214 0.041445
v -0.003707 -0.000209 0.041448
v -0.003700 -0.000202 0.041451
v -0.003696 -0.000193 0.041453
v -0.003694 -0.000184 0.041454
v -0.003694 -0.000046 0.041454
v -0.003696 -0.000036 0.041453
v -0.003700 -0.000028 0.041451
v -0.003707 -0.000021 0.041448
v -0.003716 -0.000016 0.041445
v -0.003726 -0.000015 0.041441
v -0.003998 -0.000215 0.041702
v -0.003994 -0.000214 0.041712
v -0.003991 -0.000209 0.041720
v -0.003988 -0.000202 0.041728
v -0.003986 -0.000193 0.041732
v -0.003985 -0.000184 0.041734
v -0.003985 -0.000046 0.041734
v -0.003986 -0.000036 0.041732
v -0.003988 -0.000028 0.041728
v -0.003991 -0.000021 0.041720
v -0.003994 -0.000016 0.041712
v -0.003998 -0.000015 0.041702
v -0.020808 -0.000215 0.041702
v -0.020812 -0.000214 0.041712
v -0.020816 -0.000209 0.041720
v -0.020819 -0.000202 0.041728
v -0.020821 -0.000193 0.041732
v -0.020821 -0.000184 0.041734
v -0.020821 -0.000046 0.041734
v -0.020821 -0.000036 0.041732
v -0.020819 -0.000028 0.041728
v -0.020816 -0.000021 0.041720
v -0.020812 -0.000016 0.041712
v -0.020808 -0.000015 0.041702
v -0.022851 -0.000215 0.039740
v -0.022861 -0.000214 0.039744
v -0.022870 -0.000209 0.039748
v -0.022877 -0.000202 0.039751
v -0.022882 -0.000193 0.039753
v -0.022883 -0.000184 0.039753
v -0.022883 -0.000046 0.039753
v -0.022882 -0.000036 0.039753
v -0.022877 -0.000028 0.039751
v -0.022870 -0.000021 0.039748
v -0.022861 -0.000016 0.039744
v -0.022851 -0.000015 0.039740
v -0.022851 -0.000215 0.032261
v -0.022861 -0.000214 0.032257
v -0.022870 -0.000209 0.032253
v -0.022877 -0.000202 0.032250
v -0.022882 -0.000193 0.032248
v -0.022883 -0.000184 0.032247
v -0.022883 -0.000046 0.032247
v -0.022882 -0.000036 0.032248
v -0.022877 -0.000028 0.032250
v -0.022870 -0.000021 0.032253
v -0.022861 -0.000016 0.032257
v -0.022851 -0.000015 0.032261
v -0.022262 -0.000215 0.031695
v -0.022266 -0.000214 0.031685
v -0.022270 -0.000209 0.031676
v -0.022272 -0.000202 0.031669
v -0.022274 -0.000193 0.031665
v -0.022275 -0.000184 0.031663
v -0.022275 -0.000046 0.031663
v -0.022274 -0.000036 0.031665
v -0.022272 -0.000028 0.031669
v -0.022270 -0.000021 0.031676
v -0.022266 -0.000016 0.031685
v -0.022262 -0.000015 0.031695
v 0.003962 -0.000015 0.031637
v 0.022339 -0.000015 0.031668
v 0.022811 -0.000015 0.032121
v 0.022811 -0.000015 0.039706
v 0.020739 -0.000015 0.041696
v 0.004051 -0.000015 0.041696
v 0.003725 -0.000015 0.041515
v 0.003725 -0.000015 0.032033
v 0.003962 -0.000215 0.031637
v 0.022339 -0.000215 0.031668
v 0.022811 -0.000215 0.032121
v 0.022811 -0.000215 0.039706
v 0.020739 -0.000215 0.041696
v 0.004051 -0.000215 0.041696
v 0.003725 -0.000215 0.041515
v 0.003725 -0.000215 0.032033
v 0.003962 -0.000215 0.031637
v 0.003957 -0.000214 0.031627
v 0.003952 -0.000209 0.031619
v 0.003948 -0.000202 0.031612
v 0.003945 -0.000193 0.031607
v 0.003944 -0.000184 0.031606
v 0.003944 -0.000046 0.031606
v 0.003945 -0.000036 0.031607
v 0.003948 -0.000028 0.031612
v 0.003952 -0.000021 0.031619
v 0.003957 -0.000016 0.031627
v 0.003962 -0.000015 0.031637
v 0.022339 -0.000215 0.031668
v 0.022343 -0.000214 0.031658
v 0.022347 -0.000209 0.031649
v 0.022349 -0.000202 0.031642
v 0.022351 -0.000193 0.031638
v 0.022352 -0.000184 0.031636
v 0.022352 -0.000046 0.031636
v 0.022351 -0.000036 0.031638
v 0.022349 -0.000028 0.031642
v 0.022347 -0.000021 0.031649
v 0.022343 -0.000016 0.031658
v 0.022339 -0.000015 0.031668
v 0.022811 -0.000215 0.032121
v 0.022820 -0.000214 0.032117
v 0.022829 -0.000209 0.032113
v 0.022836 -0.000202 0.032110
v 0.022841 -0.000193 0.032108
v 0.022842 -0.000184 0.032107
v 0.022842 -0.000046 0.032107
v 0.022841 -0.000036 0.032108
v 0.022836 -0.000028 0.032110
v 0.022829 -0.000021 0.032113
v 0.022820 -0.000016 0.032117
v 0.022811 -0.000015 0.032121
v 0.022811 -0.000215 0.039706
v 0.022820 -0.000214 0.039710
v 0.022829 -0.000209 0.039714
v 0.022836 -0.000202 0.039717
v 0.022841 -0.000193 0.039719
v 0.022842 -0.000184 0.039719
v 0.022842 -0.000046 0.039719
v 0.022841 -0.000036 0.039719
v 0.022836 -0.000028 0.039717
v 0.022829 -0.000021 0.039714
v 0.022820 -0.000016 0.039710
v 0.022811 -0.000015 0.039706
v 0.020739 -0.000215 0.041696
v 0.020743 -0.000214 0.041706
v 0.020746 -0.000209 0.041714
v 0.020749 -0.000202 0.041721
v 0.020751 -0.000193 0.041726
v 0.020752 -0.000184 0.041728
v 0.020752 -0.000046 0.041728
v 0.020751 -0.000036 0.041726
v 0.020749 -0.000028 0.041721
v 0.020746 -0.000021 0.041714
v 0.020743 -0.000016 0.041706
v 0.020739 -0.000015 0.041696
v 0.004051 -0.000215 0.041696
v 0.004048 -0.000214 0.041706
v 0.004046 -0.000209 0.041714
v 0.004044 -0.000202 0.041721
v 0.004043 -0.000193 0.041726
v 0.004043 -0.000184 0.041728
v 0.004043 -0.000046 0.041728
v 0.004043 -0.000036 0.041726
v 0.004044 -0.000028 0.041721
v 0.004046 -0.000021 0.041714
v 0.004048 -0.000016 0.041706
v 0.004051 -0.000015 0.041696
v 0.003725 -0.000215 0.041515
v 0.003715 -0.000214 0.041521
v 0.003706 -0.000209 0.041526
v 0.003699 -0.000202 0.041530
v 0.003694 -0.000193 0.041533
v 0.003693 -0.000184 0.041534
v 0.003693 -0.000046 0.041534
v 0.003694 -0.000036 0.041533
v 0.003699 -0.000028 0.041530
v 0.003706 -0.000021 0.041526
v 0.003715 -0.000016 0.041521
v 0.003725 -0.000015 0.041515
v 0.003725 -0.000215 0.032033
v 0.003715 -0.000214 0.032030
v 0.003706 -0.000209 0.032028
v 0.003699 -0.000202 0.032026
v 0.003694 -0.000193 0.032024
v 0.003693 -0.000184 0.032024
v 0.003693 -0.000046 0.032024
v 0.003694 -0.000036 0.032024
v 0.003699 -0.000028 0.032026
v 0.003706 -0.000021 0.032028
v 0.003715 -0.000016 0.032030
v 0.003725 -0.000015 0.032033
v -0.028042 0.000829 0.043481
v -0.028271 0.000829 0.043701
v -0.030167 0.000829 0.041880
v -0.029954 0.000829 0.041645
v -0.028042 -0.000238 0.043481
v -0.028271 -0.000238 0.043701
v -0.030167 -0.000238 0.041880
v -0.029954 -0.000238 0.041645
v -0.028042 -0.000238 0.043481
v -0.028028 -0.000237 0.043481
v -0.028015 -0.000232 0.043481
v -0.028005 -0.000225 0.043481
v -0.027998 -0.000216 0.043481
v -0.027996 -0.000207 0.043481
v -0.027996 0.000797 0.043481
v -0.027998 0.000807 0.043481
v -0.028005 0.000815 0.043481
v -0.028015 0.000822 0.043481
v -0.028028 0.000827 0.043481
v -0.028042 0.000829 0.043481
v -0.028271 -0.000238 0.043701
v -0.028271 -0.000237 0.043715
v -0.028271 -0.000232 0.043727
v -0.028271 -0.000225 0.043737
v -0.028271 -0.000216 0.043743
v -0.028271 -0.000207 0.043745
v -0.028271 0.000797 0.043745
v -0.028271 0.000807 0.043743
v -0.028271 0.000815 0.043737
v -0.028271 0.000822 0.043727
v -0.028271 0.000827 0.043715
v -0.028271 0.000829 0.043701
v -0.030167 -0.000238 0.041880
v -0.030181 -0.000237 0.041881
v -0.030193 -0.000232 0.041881
v -0.030203 -0.000225 0.041882
v -0.030209 -0.000216 0.041882
v -0.030211 -0.000207 0.041882
v -0.030211 0.000797 0.041882
v -0.030209 0.000807 0.041882
v -0.030203 0.000815 0.041882
v -0.030193 0.000822 0.041881
v -0.030181 0.000827 0.041881
v -0.030167 0.000829 0.041880
v -0.029954 -0.000238 0.041645
v -0.029955 -0.000237 0.041630
v -0.029955 -0.000232 0.041618
v -0.029955 -0.000225 0.041608
v -0.029956 -0.000216 0.041601
v -0.029956 -0.000207 0.041599
v -0.029956 0.000797 0.041599
v -0.029956 0.000807 0.041601
v -0.029955 0.000815 0.041608
v -0.029955 0.000822 0.041618
v -0.029955 0.000827 0.041630
v -0.029954 0.000829 0.041645
v 0.028350 0.000829 0.043662
v 0.027980 0.000829 0.043457
v 0.029930 0.000829 0.041584
v 0.030222 0.000829 0.041864
v 0.028350 -0.000238 0.043662
v 0.027980 -0.000238 0.043457
v 0.029930 -0.000238 0.041584
v 0.030222 -0.000238 0.041864
v 0.028350 -0.000238 0.043662
v 0.028351 -0.000237 0.043674
v 0.028353 -0.000232 0.043685
v 0.028354 -0.000225 0.043694
v 0.028354 -0.000216 0.043699
v 0.028355 -0.000207 0.043701
v 0.028355 0.000797 0.043701
v 0.028354 0.000807 0.043699
v 0.028354 0.000815 0.043694
v 0.028353 0.000822 0.043685
v 0.028351 0.000827 0.043674
v 0.028350 0.000829 0.043662
v 0.027980 -0.000238 0.043457
v 0.027964 -0.000237 0.043459
v 0.027949 -0.000232 0.043461
v 0.027937 -0.000225 0.043463
v 0.027930 -0.000216 0.043464
v 0.027927 -0.000207 0.043464
v 0.027927 0.000797 0.043464
v 0.027930 0.000807 0.043464
v 0.027937 0.000815 0.043463
v 0.027949 0.000822 0.043461
v 0.027964 0.000827 0.043459
v 0.027980 0.000829 0.043457
v 0.029930 -0.000238 0.041584
v 0.029930 -0.000237 0.041570
v 0.029930 -0.000232 0.041558
v 0.029930 -0.000225 0.041548
v 0.029930 -0.000216 0.041542
v 0.029930 -0.000207 0.041540
v 0.029930 0.000797 0.041540
v 0.029930 0.000807 0.041542
v 0.029930 0.000815 0.041548
v 0.029930 0.000822 0.041558
v 0.029930 0.000827 0.041570
v 0.029930 0.000829 0.041584
v 0.030222 -0.000238 0.041864
v 0.030236 -0.000237 0.041864
v 0.030249 -0.000232 0.041864
v 0.030259 -0.000225 0.041864
v 0.030265 -0.000216 0.041864
v 0.030268 -0.000207 0.041864
v 0.030268 0.000797 0.041864
v 0.030265 0.000807 0.041864
v 0.030259 0.000815 0.041864
v 0.030249 0.000822 0.041864
v 0.030236 0.000827 0.041864
v 0.030222 0.000829 0.041864
v 0.026867 0.000829 0.004936
v 0.026039 0.000829 0.004936
v 0.026039 0.000829 0.000476
v 0.026867 0.000829 0.000466
v 0.026867 -0.000238 0.004936
v 0.026039 -0.000238 0.004936
v 0.026039 -0.000238 0.000476
v 0.026867 -0.000238 0.000466
v 0.026867 -0.000238 0.004936
v 0.026877 -0.000237 0.004946
v 0.026886 -0.000232 0.004955
v 0.026893 -0.000225 0.004962
v 0.026898 -0.000216 0.004966
v 0.026899 -0.000207 0.004968
v 0.026899 0.000797 0.004968
v 0.026898 0.000807 0.004966
v 0.026893 0.000815 0.004962
v 0.026886 0.000822 0.004955
v 0.026877 0.000827 0.004946
v 0.026867 0.000829 0.004936
v 0.026039 -0.000238 0.004936
v 0.026029 -0.000237 0.004946
v 0.026020 -0.000232 0.004955
v 0.026013 -0.000225 0.004962
v 0.026008 -0.000216 0.004966
v 0.026007 -0.000207 0.004968
v 0.026007 0.000797 0.004968
v 0.026008 0.000807 0.004966
v 0.026013 0.000815 0.004962
v 0.026020 0.000822 0.004955
v 0.026029 0.000827 0.004946
v 0.026039 0.000829 0.004936
v 0.026039 -0.000238 0.000476
v 0.026029 -0.000237 0.000466
v 0.026020 -0.000232 0.000457
v 0.026013 -0.000225 0.000451
v 0.026008 -0.000216 0.000446
v 0.026007 -0.000207 0.000445
v 0.026007 0.000797 0.000445
v 0.026008 0.000807 0.000446
v 0.026013 0.000815 0.000451
v 0.026020 0.000822 0.000457
v 0.026029 0.000827 0.000466
v 0.026039 0.000829 0.000476
v 0.026867 -0.000238 0.000466
v 0.026877 -0.000237 0.000456
v 0.026886 -0.000232 0.000447
v 0.026893 -0.000225 0.000440
v 0.026898 -0.000216 0.000435
v 0.026899 -0.000207 0.000434
v 0.026899 0.000797 0.000434
v 0.026898 0.000807 0.000435
v 0.026893 0.000815 0.000440
v 0.026886 0.000822 0.000447
v 0.026877 0.000827 0.000456
v 0.026867 0.000829 0.000466
v 0.027232 0.000829 -0.044048
v 0.029820 0.000829 -0.041525
v 0.029245 0.000829 -0.040973
v 0.026638 0.000829 -0.043477
v 0.027232 -0.000238 -0.044048
v 0.029820 -0.000238 -0.041525
v 0.029245 -0.000238 -0.040973
v 0.026638 -0.000238 -0.043477
v 0.027232 -0.000238 -0.044048
v 0.027233 -0.000237 -0.044061
v 0.027233 -0.000232 -0.044073
v 0.027233 -0.000225 -0.044083
v 0.027233 -0.000216 -0.044089
v 0.027233 -0.000207 -0.044092
v 0.027233 0.000797 -0.044092
v 0.027233 0.000807 -0.044089
v 0.027233 0.000815 -0.044083
v 0.027233 0.000822 -0.044073
v 0.027233 0.000827 -0.044061
v 0.027232 0.000829 -0.044048
v 0.029820 -0.000238 -0.041525
v 0.029834 -0.000237 -0.041525
v 0.029846 -0.000232 -0.041525
v 0.029857 -0.000225 -0.041525
v 0.029863 -0.000216 -0.041525
v 0.029865 -0.000207 -0.041525
v 0.029865 0.000797 -0.041525
v 0.029863 0.000807 -0.041525
v 0.029857 0.000815 -0.041525
v 0.029846 0.000822 -0.041525
v 0.029834 0.000827 -0.041525
v 0.029820 0.000829 -0.041525
v 0.029245 -0.000238 -0.040973
v 0.029245 -0.000237 -0.040960
v 0.029245 -0.000232 -0.040947
v 0.029245 -0.000225 -0.040938
v 0.029245 -0.000216 -0.040931
v 0.029245 -0.000207 -0.040929
v 0.029245 0.000797 -0.040929
v 0.029245 0.000807 -0.040931
v 0.029245 0.000815 -0.040938
v 0.029245 0.000822 -0.040947
v 0.029245 0.000827 -0.040960
v 0.029245 0.000829 -0.040973
v 0.026638 -0.000238 -0.043477
v 0.026624 -0.000237 -0.043477
v 0.026611 -0.000232 -0.043477
v 0.026601 -0.000225 -0.043477
v 0.026595 -0.000216 -0.043477
v 0.026592 -0.000207 -0.043477
v 0.026592 0.000797 -0.043477
v 0.026595 0.000807 -0.043477
v 0.026601 0.000815 -0.043477
v 0.026611 0.000822 -0.043477
v 0.026624 0.000827 -0.043477
v 0.026638 0.000829 -0.043477
v -0.029763 0.000829 -0.041509
v -0.027342 0.000829 -0.043966
v -0.026739 0.000829 -0.043387
v -0.029228 0.000829 -0.040996
v -0.029763 -0.000238 -0.041509
v -0.027342 -0.000238 -0.043966
v -0.026739 -0.000238 -0.043387
v -0.029228 -0.000238 -0.040996
v -0.029763 -0.000238 -0.041509
v -0.029776 -0.000237 -0.041509
v -0.029789 -0.000232 -0.041509
v -0.029799 -0.000225 -0.041509
v -0.029805 -0.000216 -0.041509
v -0.029808 -0.000207 -0.041509
v -0.029808 0.000797 -0.041509
v -0.029805 0.000807 -0.041509
v -0.029799 0.000815 -0.041509
v -0.029789 0.000822 -0.041509
v -0.029776 0.000827 -0.041509
v -0.029763 0.000829 -0.041509
v -0.027342 -0.000238 -0.043966
v -0.027342 -0.000237 -0.043980
v -0.027342 -0.000232 -0.043992
v -0.027342 -0.000225 -0.044002
v -0.027342 -0.000216 -0.044009
v -0.027342 -0.000207 -0.044011
v -0.027342 0.000797 -0.044011
v -0.027342 0.000807 -0.044009
v -0.027342 0.000815 -0.044002
v -0.027342 0.000822 -0.043992
v -0.027342 0.000827 -0.043980
v -0.027342 0.000829 -0.043966
v -0.026739 -0.000238 -0.043387
v -0.026724 -0.000237 -0.043387
v -0.026712 -0.000232 -0.043387
v -0.026702 -0.000225 -0.043387
v -0.026695 -0.000216 -0.043387
v -0.026693 -0.000207 -0.043387
v -0.026693 0.000797 -0.043387
v -0.026695 0.000807 -0.043387
v -0.026702 0.000815 -0.043387
v -0.026712 0.000822 -0.043387
v -0.026724 0.000827 -0.043387
v -0.026739 0.000829 -0.043387
v -0.029228 -0.000238 -0.040996
v -0.029228 -0.000237 -0.040983
v -0.029228 -0.000232 -0.040970
v -0.029228 -0.000225 -0.040961
v -0.029228 -0.000216 -0.040954
v -0.029228 -0.000207 -0.040952
v -0.029228 0.000797 -0.040952
v -0.029228 0.000807 -0.040954
v -0.029228 0.000815 -0.040961
v -0.029228 0.000822 -0.040970
v -0.029228 0.000827 -0.040983
v -0.029228 0.000829 -0.040996
v -0.026065 0.000829 0.000441
v -0.026026 0.000829 0.000702
v -0.026026 0.000829 0.004846
v -0.026840 0.000829 0.004846
v -0.026840 0.000829 0.000441
v -0.026065 -0.000238 0.000441
v -0.026026 -0.000238 0.000702
v -0.026026 -0.000238 0.004846
v -0.026840 -0.000238 0.004846
v -0.026840 -0.000238 0.000441
v -0.026065 -0.000238 0.000441
v -0.026057 -0.000237 0.000431
v -0.026049 -0.000232 0.000422
v -0.026043 -0.000225 0.000415
v -0.026039 -0.000216 0.000411
v -0.026038 -0.000207 0.000409
v -0.026038 0.000797 0.000409
v -0.026039 0.000807 0.000411
v -0.026043 0.000815 0.000415
v -0.026049 0.000822 0.000422
v -0.026057 0.000827 0.000431
v -0.026065 0.000829 0.000441
v -0.026026 -0.000238 0.000702
v -0.026017 -0.000237 0.000701
v -0.026008 -0.000232 0.000700
v -0.026001 -0.000225 0.000700
v -0.025996 -0.000216 0.000699
v -0.025995 -0.000207 0.000699
v -0.025995 0.000797 0.000699
v -0.025996 0.000807 0.000699
v -0.026001 0.000815 0.000700
v -0.026008 0.000822 0.000700
v -0.026017 0.000827 0.000701
v -0.026026 0.000829 0.000702
v -0.026026 -0.000238 0.004846
v -0.026017 -0.000237 0.004856
v -0.026008 -0.000232 0.004865
v -0.026001 -0.000225 0.004872
v -0.025996 -0.000216 0.004876
v -0.025995 -0.000207 0.004878
v -0.025995 0.000797 0.004878
v -0.025996 0.000807 0.004876
v -0.026001 0.000815 0.004872
v -0.026008 0.000822 0.004865
v -0.026017 0.000827 0.004856
v -0.026026 0.000829 0.004846
v -0.026840 -0.000238 0.004846
v -0.026850 -0.000237 0.004856
v -0.026859 -0.000232 0.004865
v -0.026866 -0.000225 0.004872
v -0.026871 -0.000216 0.004876
v -0.026872 -0.000207 0.004878
v -0.026872 0.000797 0.004878
v -0.026871 0.000807 0.004876
v -0.026866 0.000815 0.004872
v -0.026859 0.000822 0.004865
v -0.026850 0.000827 0.004856
v -0.026840 0.000829 0.004846
v -0.026840 -0.000238 0.000441
v -0.026850 -0.000237 0.000431
v -0.026859 -0.000232 0.000422
v -0.026866 -0.000225 0.000415
v -0.026871 -0.000216 0.000411
v -0.026872 -0.000207 0.000409
v -0.026872 0.000797 0.000409
v -0.026871 0.000807 0.000411
v -0.026866 0.000815 0.000415
v -0.026859 0.000822 0.000422
v -0.026850 0.000827 0.000431
v -0.026840 0.000829 0.000441
v 0.001189 0.000829 0.030587
v -0.001111 0.000829 0.030587
v -0.001958 0.000829 0.029773
v 0.002026 0.000829 0.029783
v 0.001189 -0.000238 0.030587
v -0.001111 -0.000238 0.030587
v -0.001958 -0.000238 0.029773
v 0.002026 -0.000238 0.029783
v 0.001189 -0.000238 0.030587
v 0.001193 -0.000237 0.030597
v 0.001197 -0.000232 0.030606
v 0.001200 -0.000225 0.030613
v 0.001201 -0.000216 0.030617
v 0.001202 -0.000207 0.030619
v 0.001202 0.000797 0.030619
v 0.001201 0.000807 0.030617
v 0.001200 0.000815 0.030613
v 0.001197 0.000822 0.030606
v 0.001193 0.000827 0.030597
v 0.001189 0.000829 0.030587
v -0.001111 -0.000238 0.030587
v -0.001115 -0.000237 0.030597
v -0.001118 -0.000232 0.030606
v -0.001121 -0.000225 0.030613
v -0.001123 -0.000216 0.030617
v -0.001123 -0.000207 0.030619
v -0.001123 0.000797 0.030619
v -0.001123 0.000807 0.030617
v -0.001121 0.000815 0.030613
v -0.001118 0.000822 0.030606
v -0.001115 0.000827 0.030597
v -0.001111 0.000829 0.030587
v -0.001958 -0.000238 0.029773
v -0.001982 -0.000237 0.029764
v -0.002004 -0.000232 0.029755
v -0.002022 -0.000225 0.029748
v -0.002033 -0.000216 0.029743
v -0.002037 -0.000207 0.029741
v -0.002037 0.000797 0.029741
v -0.002033 0.000807 0.029743
v -0.002022 0.000815 0.029748
v -0.002004 0.000822 0.029755
v -0.001982 0.000827 0.029764
v -0.001958 0.000829 0.029773
v 0.002026 -0.000238 0.029783
v 0.002051 -0.000237 0.029774
v 0.002073 -0.000232 0.029765
v 0.002090 -0.000225 0.029758
v 0.002101 -0.000216 0.029753
v 0.002105 -0.000207 0.029752
v 0.002105 0.000797 0.029752
v 0.002101 0.000807 0.029753
v 0.002090 0.000815 0.029758
v 0.002073 0.000822 0.029765
v 0.002051 0.000827 0.029774
v 0.002026 0.000829 0.029783
v -0.025523 0.000674 -0.012141
v -0.026957 0.000674 -0.010764
v -0.026957 0.000674 -0.029700
v -0.025523 0.000674 -0.028211
v -0.025523 -0.000234 -0.012141
v -0.026957 -0.000234 -0.010764
v -0.026957 -0.000234 -0.029700
v -0.025523 -0.000234 -0.028211
v -0.025523 -0.000234 -0.012141
v -0.025513 -0.000233 -0.012137
v -0.025504 -0.000228 -0.012133
v -0.025497 -0.000221 -0.012130
v -0.025492 -0.000212 -0.012129
v -0.025491 -0.000202 -0.012128
v -0.025491 0.000643 -0.012128
v -0.025492 0.000652 -0.012129
v -0.025497 0.000661 -0.012130
v -0.025504 0.000668 -0.012133
v -0.025513 0.000673 -0.012137
v -0.025523 0.000674 -0.012141
v -0.026957 -0.000234 -0.010764
v -0.026967 -0.000233 -0.010741
v -0.026975 -0.000228 -0.010720
v -0.026982 -0.000221 -0.010704
v -0.026987 -0.000212 -0.010693
v -0.026988 -0.000202 -0.010690
v -0.026988 0.000643 -0.010690
v -0.026987 0.000652 -0.010693
v -0.026982 0.000661 -0.010704
v -0.026975 0.000668 -0.010720
v -0.026967 0.000673 -0.010741
v -0.026957 0.000674 -0.010764
v -0.026957 -0.000234 -0.029700
v -0.026967 -0.000233 -0.029724
v -0.026975 -0.000228 -0.029746
v -0.026982 -0.000221 -0.029763
v -0.026987 -0.000212 -0.029775
v -0.026988 -0.000202 -0.029778
v -0.026988 0.000643 -0.029778
v -0.026987 0.000652 -0.029775
v -0.026982 0.000661 -0.029763
v -0.026975 0.000668 -0.029746
v -0.026967 0.000673 -0.029724
v -0.026957 0.000674 -0.029700
v -0.025523 -0.000234 -0.028211
v -0.025513 -0.000233 -0.028215
v -0.025504 -0.000228 -0.028218
v -0.025497 -0.000221 -0.028221
v -0.025492 -0.000212 -0.028223
v -0.025491 -0.000202 -0.028224
v -0.025491 0.000643 -0.028224
v -0.025492 0.000652 -0.028223
v -0.025497 0.000661 -0.028221
v -0.025504 0.000668 -0.028218
v -0.025513 0.000673 -0.028215
v -0.025523 0.000674 -0.028211
v 0.025552 0.000674 -0.012221
v 0.025552 0.000674 -0.028411
v 0.026865 0.000674 -0.029673
v 0.026937 0.000674 -0.010890
v 0.025552 -0.000234 -0.012221
v 0.025552 -0.000234 -0.028411
v 0.026865 -0.000234 -0.029673
v 0.026937 -0.000234 -0.010890
v 0.025552 -0.000234 -0.012221
v 0.025542 -0.000233 -0.012216
v 0.025533 -0.000228 -0.012213
v 0.025526 -0.000221 -0.012210
v 0.025522 -0.000212 -0.012208
v 0.025520 -0.000202 -0.012207
v 0.025520 0.000643 -0.012207
v 0.025522 0.000652 -0.012208
v 0.025526 0.000661 -0.012210
v 0.025533 0.000668 -0.012213
v 0.025542 0.000673 -0.012216
v 0.025552 0.000674 -0.012221
v 0.025552 -0.000234 -0.028411
v 0.025542 -0.000233 -0.028416
v 0.025533 -0.000228 -0.028419
v 0.025526 -0.000221 -0.028422
v 0.025522 -0.000212 -0.028424
v 0.025520 -0.000202 -0.028425
v 0.025520 0.000643 -0.028425
v 0.025522 0.000652 -0.028424
v 0.025526 0.000661 -0.028422
v 0.025533 0.000668 -0.028419
v 0.025542 0.000673 -0.028416
v 0.025552 0.000674 -0.028411
v 0.026865 -0.000234 -0.029673
v 0.026875 -0.000233 -0.029696
v 0.026884 -0.000228 -0.029716
v 0.026891 -0.000221 -0.029733
v 0.026895 -0.000212 -0.029743
v 0.026897 -0.000202 -0.029747
v 0.026897 0.000643 -0.029747
v 0.026895 0.000652 -0.029743
v 0.026891 0.000661 -0.029733
v 0.026884 0.000668 -0.029716
v 0.026875 0.000673 -0.029696
v 0.026865 0.000674 -0.029673
v 0.026937 -0.000234 -0.010890
v 0.026947 -0.000233 -0.010867
v 0.026956 -0.000228 -0.010846
v 0.026963 -0.000221 -0.010830
v 0.026968 -0.000212 -0.010819
v 0.026969 -0.000202 -0.010816
v 0.026969 0.000643 -0.010816
v 0.026968 0.000652 -0.010819
v 0.026963 0.000661 -0.010830
v 0.026956 0.000668 -0.010846
v 0.026947 0.000673 -0.010867
v 0.026937 0.000674 -0.010890
v 0.008489 0.000674 -0.036376
v -0.008467 0.000674 -0.036376
v -0.009490 0.000674 -0.037359
v 0.009503 0.000674 -0.037350
v 0.008489 -0.000234 -0.036376
v -0.008467 -0.000234 -0.036376
v -0.009490 -0.000234 -0.037359
v 0.009503 -0.000234 -0.037350
v 0.008489 -0.000234 -0.036376
v 0.008493 -0.000233 -0.036367
v 0.008496 -0.000228 -0.036358
v 0.008499 -0.000221 -0.036351
v 0.008501 -0.000212 -0.036346
v 0.008502 -0.000202 -0.036345
v 0.008502 0.000643 -0.036345
v 0.008501 0.000652 -0.036346
v 0.008499 0.000661 -0.036351
v 0.008496 0.000668 -0.036358
v 0.008493 0.000673 -0.036367
v 0.008489 0.000674 -0.036376
v -0.008467 -0.000234 -0.036376
v -0.008471 -0.000233 -0.036367
v -0.008475 -0.000228 -0.036358
v -0.008477 -0.000221 -0.036351
v -0.008479 -0.000212 -0.036346
v -0.008480 -0.000202 -0.036345
v -0.008480 0.000643 -0.036345
v -0.008479 0.000652 -0.036346
v -0.008477 0.000661 -0.036351
v -0.008475 0.000668 -0.036358
v -0.008471 0.000673 -0.036367
v -0.008467 0.000674 -0.036376
v -0.009490 -0.000234 -0.037359
v -0.009515 -0.000233 -0.037369
v -0.009537 -0.000228 -0.037378
v -0.009554 -0.000221 -0.037385
v -0.009565 -0.000212 -0.037389
v -0.009569 -0.000202 -0.037391
v -0.009569 0.000643 -0.037391
v -0.009565 0.000652 -0.037389
v -0.009554 0.000661 -0.037385
v -0.009537 0.000668 -0.037378
v -0.009515 0.000673 -0.037369
v -0.009490 0.000674 -0.037359
v 0.009503 -0.000234 -0.037350
v 0.009527 -0.000233 -0.037360
v 0.009549 -0.000228 -0.037369
v 0.009567 -0.000221 -0.037376
v 0.009578 -0.000212 -0.037380
v 0.009582 -0.000202 -0.037382
v 0.009582 0.000643 -0.037382
v 0.009578 0.000652 -0.037380
v 0.009567 0.000661 -0.037376
v 0.009549 0.000668 -0.037369
v 0.009527 0.000673 -0.037360
v 0.009503 0.000674 -0.037350
v 0.008968 0.000674 -0.003179
v -0.008823 0.000674 -0.003209
v -0.007965 0.000674 -0.004034
v 0.008078 0.000674 -0.004034
v 0.008968 -0.000234 -0.003179
v -0.008823 -0.000234 -0.003209
v -0.007965 -0.000234 -0.004034
v 0.008078 -0.000234 -0.004034
v 0.008968 -0.000234 -0.003179
v 0.008993 -0.000233 -0.003169
v 0.009015 -0.000228 -0.003160
v 0.009032 -0.000221 -0.003153
v 0.009043 -0.000212 -0.003148
v 0.009047 -0.000202 -0.003147
v 0.009047 0.000643 -0.003147
v 0.009043 0.000652 -0.003148
v 0.009032 0.000661 -0.003153
v 0.009015 0.000668 -0.003160
v 0.008993 0.000673 -0.003169
v 0.008968 0.000674 -0.003179
v -0.008823 -0.000234 -0.003209
v -0.008848 -0.000233 -0.003200
v -0.008870 -0.000228 -0.003191
v -0.008887 -0.000221 -0.003184
v -0.008898 -0.000212 -0.003179
v -0.008902 -0.000202 -0.003178
v -0.008902 0.000643 -0.003178
v -0.008898 0.000652 -0.003179
v -0.008887 0.000661 -0.003184
v -0.008870 0.000668 -0.003191
v -0.008848 0.000673 -0.003200
v -0.008823 0.000674 -0.003209
v -0.007965 -0.000234 -0.004034
v -0.007969 -0.000233 -0.004044
v -0.007972 -0.000228 -0.004053
v -0.007975 -0.000221 -0.004060
v -0.007977 -0.000212 -0.004064
v -0.007977 -0.000202 -0.004066
v -0.007977 0.000643 -0.004066
v -0.007977 0.000652 -0.004064
v -0.007975 0.000661 -0.004060
v -0.007972 0.000668 -0.004053
v -0.007969 0.000673 -0.004044
v -0.007965 0.000674 -0.004034
v 0.008078 -0.000234 -0.004034
v 0.008082 -0.000233 -0.004044
v 0.008085 -0.000228 -0.004053
v 0.008088 -0.000221 -0.004060
v 0.008090 -0.000212 -0.004064
v 0.008090 -0.000202 -0.004066
v 0.008090 0.000643 -0.004066
v 0.008090 0.000652 -0.004064
v 0.008088 0.000661 -0.004060
v 0.008085 0.000668 -0.004053
v 0.008082 0.000673 -0.004044
v 0.008078 0.000674 -0.004034
v 0.024858 0.000160 0.010213
v 0.023883 0.000160 0.009276
v 0.023883 0.000160 0.007576
v 0.027578 0.000160 0.006186
v 0.027578 0.000160 -0.000663
v 0.023818 0.000160 -0.002115
v 0.023818 0.000160 -0.003142
v 0.025721 0.000160 -0.003142
v 0.027042 0.000160 -0.004411
v 0.027042 0.000160 -0.036320
v 0.025834 0.000160 -0.037480
v 0.022010 0.000160 -0.037480
v 0.025902 0.000160 -0.041417
v 0.024103 0.000160 -0.043145
v 0.024548 0.000160 -0.043145
v 0.029348 0.000160 -0.038535
v 0.029348 0.000160 -0.026672
v 0.027358 0.000160 -0.023967
v 0.027358 0.000160 -0.011620
v 0.030188 0.000160 -0.008369
v 0.030188 0.000160 0.013619
v 0.027811 0.000160 0.016684
v 0.027811 0.000160 0.029949
v 0.029968 0.000160 0.032778
v 0.029968 0.000160 0.040335
v 0.026596 0.000160 0.043822
v 0.021712 0.000160 0.043822
v 0.024858 0.000160 0.040199
v 0.024858 -0.000220 0.010213
v 0.023883 -0.000220 0.009276
v 0.023883 -0.000220 0.007576
v 0.027578 -0.000220 0.006186
v 0.027578 -0.000220 -0.000663
v 0.023818 -0.000220 -0.002115
v 0.023818 -0.000220 -0.003142
v 0.025721 -0.000220 -0.003142
v 0.027042 -0.000220 -0.004411
v 0.027042 -0.000220 -0.036320
v 0.025834 -0.000220 -0.037480
v 0.022010 -0.000220 -0.037480
v 0.025902 -0.000220 -0.041417
v 0.024103 -0.000220 -0.043145
v 0.024548 -0.000220 -0.043145
v 0.029348 -0.000220 -0.038535
v 0.029348 -0.000220 -0.026672
v 0.027358 -0.000220 -0.023967
v 0.027358 -0.000220 -0.011620
v 0.030188 -0.000220 -0.008369
v 0.030188 -0.000220 0.013619
v 0.027811 -0.000220 0.016684
v 0.027811 -0.000220 0.029949
v 0.029968 -0.000220 0.032778
v 0.029968 -0.000220 0.040335
v 0.026596 -0.000220 0.043822
v 0.021712 -0.000220 0.043822
v 0.024858 -0.000220 0.040199
v 0.024858 -0.000220 0.010213
v 0.024849 -0.000219 0.010217
v 0.024840 -0.000214 0.010221
v 0.024833 -0.000207 0.010224
v 0.024828 -0.000198 0.010226
v 0.024827 -0.000188 0.010227
v 0.024827 0.000129 0.010227
v 0.024828 0.000138 0.010226
v 0.024833 0.000147 0.010224
v 0.024840 0.000154 0.010221
v 0.024849 0.000159 0.010217
v 0.024858 0.000160 0.010213
v 0.023883 -0.000220 0.009276
v 0.023873 -0.000219 0.009280
v 0.023864 -0.000214 0.009284
v 0.023857 -0.000207 0.009287
v 0.023853 -0.000198 0.009289
v 0.023851 -0.000188 0.009290
v 0.023851 0.000129 0.009290
v 0.023853 0.000138 0.009289
v 0.023857 0.000147 0.009287
v 0.023864 0.000154 0.009284
v 0.023873 0.000159 0.009280
v 0.023883 0.000160 0.009276
v 0.023883 -0.000220 0.007576
v 0.023873 -0.000219 0.007569
v 0.023864 -0.000214 0.007563
v 0.023857 -0.000207 0.007558
v 0.023853 -0.000198 0.007555
v 0.023851 -0.000188 0.007554
v 0.023851 0.000129 0.007554
v 0.023853 0.000138 0.007555
v 0.023857 0.000147 0.007558
v 0.023864 0.000154 0.007563
v 0.023873 0.000159 0.007569
v 0.023883 0.000160 0.007576
v 0.027578 -0.000220 0.006186
v 0.027568 -0.000219 0.006180
v 0.027559 -0.000214 0.006173
v 0.027552 -0.000207 0.006169
v 0.027548 -0.000198 0.006166
v 0.027546 -0.000188 0.006164
v 0.027546 0.000129 0.006164
v 0.027548 0.000138 0.006166
v 0.027552 0.000147 0.006169
v 0.027559 0.000154 0.006173
v 0.027568 0.000159 0.006180
v 0.027578 0.000160 0.006186
v 0.027578 -0.000220 -0.000663
v 0.027568 -0.000219 -0.000657
v 0.027559 -0.000214 -0.000650
v 0.027552 -0.000207 -0.000646
v 0.027548 -0.000198 -0.000643
v 0.027546 -0.000188 -0.000642
v 0.027546 0.000129 -0.000642
v 0.027548 0.000138 -0.000643
v 0.027552 0.000147 -0.000646
v 0.027559 0.000154 -0.000650
v 0.027568 0.000159 -0.000657
v 0.027578 0.000160 -0.000663
v 0.023818 -0.000220 -0.002115
v 0.023809 -0.000219 -0.002108
v 0.023800 -0.000214 -0.002102
v 0.023793 -0.000207 -0.002098
v 0.023788 -0.000198 -0.002094
v 0.023787 -0.000188 -0.002093
v 0.023787 0.000129 -0.002093
v 0.023788 0.000138 -0.002094
v 0.023793 0.000147 -0.002098
v 0.023800 0.000154 -0.002102
v 0.023809 0.000159 -0.002108
v 0.023818 0.000160 -0.002115
v 0.023818 -0.000220 -0.003142
v 0.023809 -0.000219 -0.003152
v 0.023800 -0.000214 -0.003161
v 0.023793 -0.000207 -0.003168
v 0.023788 -0.000198 -0.003172
v 0.023787 -0.000188 -0.003174
v 0.023787 0.000129 -0.003174
v 0.023788 0.000138 -0.003172
v 0.023793 0.000147 -0.003168
v 0.023800 0.000154 -0.003161
v 0.023809 0.000159 -0.003152
v 0.023818 0.000160 -0.003142
v 0.025721 -0.000220 -0.003142
v 0.025717 -0.000219 -0.003152
v 0.025713 -0.000214 -0.003161
v 0.025711 -0.000207 -0.003168
v 0.025709 -0.000198 -0.003172
v 0.025708 -0.000188 -0.003174
v 0.025708 0.000129 -0.003174
v 0.025709 0.000138 -0.003172
v 0.025711 0.000147 -0.003168
v 0.025713 0.000154 -0.003161
v 0.025717 0.000159 -0.003152
v 0.025721 0.000160 -0.003142
v 0.027042 -0.000220 -0.004411
v 0.027032 -0.000219 -0.004415
v 0.027023 -0.000214 -0.004419
v 0.027016 -0.000207 -0.004422
v 0.027012 -0.000198 -0.004424
v 0.027010 -0.000188 -0.004424
v 0.027010 0.000129 -0.004424
v 0.027012 0.000138 -0.004424
v 0.027016 0.000147 -0.004422
v 0.027023 0.000154 -0.004419
v 0.027032 0.000159 -0.004415
v 0.027042 0.000160 -0.004411
v 0.027042 -0.000220 -0.036320
v 0.027032 -0.000219 -0.036316
v 0.027023 -0.000214 -0.036312
v 0.027016 -0.000207 -0.036309
v 0.027012 -0.000198 -0.036307
v 0.027010 -0.000188 -0.036306
v 0.027010 0.000129 -0.036306
v 0.027012 0.000138 -0.036307
v 0.027016 0.000147 -0.036309
v 0.027023 0.000154 -0.036312
v 0.027032 0.000159 -0.036316
v 0.027042 0.000160 -0.036320
v 0.025834 -0.000220 -0.037480
v 0.025830 -0.000219 -0.037470
v 0.025826 -0.000214 -0.037462
v 0.025824 -0.000207 -0.037455
v 0.025822 -0.000198 -0.037450
v 0.025821 -0.000188 -0.037448
v 0.025821 0.000129 -0.037448
v 0.025822 0.000138 -0.037450
v 0.025824 0.000147 -0.037455
v 0.025826 0.000154 -0.037462
v 0.025830 0.000159 -0.037470
v 0.025834 0.000160 -0.037480
v 0.022010 -0.000220 -0.037480
v 0.021986 -0.000219 -0.037470
v 0.021965 -0.000214 -0.037462
v 0.021948 -0.000207 -0.037455
v 0.021937 -0.000198 -0.037450
v 0.021934 -0.000188 -0.037448
v 0.021934 0.000129 -0.037448
v 0.021937 0.000138 -0.037450
v 0.021948 0.000147 -0.037455
v 0.021965 0.000154 -0.037462
v 0.021986 0.000159 -0.037470
v 0.022010 0.000160 -0.037480
v 0.025902 -0.000220 -0.041417
v 0.025888 -0.000219 -0.041417
v 0.025875 -0.000214 -0.041417
v 0.025865 -0.000207 -0.041416
v 0.025859 -0.000198 -0.041416
v 0.025857 -0.000188 -0.041416
v 0.025857 0.000129 -0.041416
v 0.025859 0.000138 -0.041416
v 0.025865 0.000147 -0.041416
v 0.025875 0.000154 -0.041417
v 0.025888 0.000159 -0.041417
v 0.025902 0.000160 -0.041417
v 0.024103 -0.000220 -0.043145
v 0.024078 -0.000219 -0.043155
v 0.024056 -0.000214 -0.043163
v 0.024039 -0.000207 -0.043170
v 0.024028 -0.000198 -0.043175
v 0.024024 -0.000188 -0.043176
v 0.024024 0.000129 -0.043176
v 0.024028 0.000138 -0.043175
v 0.024039 0.000147 -0.043170
v 0.024056 0.000154 -0.043163
v 0.024078 0.000159 -0.043155
v 0.024103 0.000160 -0.043145
v 0.024548 -0.000220 -0.043145
v 0.024552 -0.000219 -0.043155
v 0.024556 -0.000214 -0.043163
v 0.024559 -0.000207 -0.043170
v 0.024561 -0.000198 -0.043175
v 0.024561 -0.000188 -0.043176
v 0.024561 0.000129 -0.043176
v 0.024561 0.000138 -0.043175
v 0.024559 0.000147 -0.043170
v 0.024556 0.000154 -0.043163
v 0.024552 0.000159 -0.043155
v 0.024548 0.000160 -0.043145
v 0.029348 -0.000220 -0.038535
v 0.029358 -0.000219 -0.038539
v 0.029367 -0.000214 -0.038543
v 0.029374 -0.000207 -0.038546
v 0.029378 -0.000198 -0.038548
v 0.029380 -0.000188 -0.038548
v 0.029380 0.000129 -0.038548
v 0.029378 0.000138 -0.038548
v 0.029374 0.000147 -0.038546
v 0.029367 0.000154 -0.038543
v 0.029358 0.000159 -0.038539
v 0.029348 0.000160 -0.038535
v 0.029348 -0.000220 -0.026672
v 0.029358 -0.000219 -0.026669
v 0.029367 -0.000214 -0.026666
v 0.029374 -0.000207 -0.026664
v 0.029378 -0.000198 -0.026662
v 0.029380 -0.000188 -0.026662
v 0.029380 0.000129 -0.026662
v 0.029378 0.000138 -0.026662
v 0.029374 0.000147 -0.026664
v 0.029367 0.000154 -0.026666
v 0.029358 0.000159 -0.026669
v 0.029348 0.000160 -0.026672
v 0.027358 -0.000220 -0.023967
v 0.027368 -0.000219 -0.023964
v 0.027377 -0.000214 -0.023961
v 0.027384 -0.000207 -0.023959
v 0.027389 -0.000198 -0.023957
v 0.027390 -0.000188 -0.023957
v 0.027390 0.000129 -0.023957
v 0.027389 0.000138 -0.023957
v 0.027384 0.000147 -0.023959
v 0.027377 0.000154 -0.023961
v 0.027368 0.000159 -0.023964
v 0.027358 0.000160 -0.023967
v 0.027358 -0.000220 -0.011620
v 0.027368 -0.000219 -0.011624
v 0.027377 -0.000214 -0.011627
v 0.027384 -0.000207 -0.011630
v 0.027389 -0.000198 -0.011632
v 0.027390 -0.000188 -0.011632
v 0.027390 0.000129 -0.011632
v 0.027389 0.000138 -0.011632
v 0.027384 0.000147 -0.011630
v 0.027377 0.000154 -0.011627
v 0.027368 0.000159 -0.011624
v 0.027358 0.000160 -0.011620
v 0.030188 -0.000220 -0.008369
v 0.030198 -0.000219 -0.008373
v 0.030207 -0.000214 -0.008376
v 0.030214 -0.000207 -0.008379
v 0.030218 -0.000198 -0.008380
v 0.030220 -0.000188 -0.008381
v 0.030220 0.000129 -0.008381
v 0.030218 0.000138 -0.008380
v 0.030214 0.000147 -0.008379
v 0.030207 0.000154 -0.008376
v 0.030198 0.000159 -0.008373
v 0.030188 0.000160 -0.008369
v 0.030188 -0.000220 0.013619
v 0.030198 -0.000219 0.013623
v 0.030207 -0.000214 0.013626
v 0.030214 -0.000207 0.013628
v 0.030218 -0.000198 0.013630
v 0.030220 -0.000188 0.013630
v 0.030220 0.000129 0.013630
v 0.030218 0.000138 0.013630
v 0.030214 0.000147 0.013628
v 0.030207 0.000154 0.013626
v 0.030198 0.000159 0.013623
v 0.030188 0.000160 0.013619
v 0.027811 -0.000220 0.016684
v 0.027820 -0.000219 0.016688
v 0.027829 -0.000214 0.016691
v 0.027836 -0.000207 0.016693
v 0.027841 -0.000198 0.016695
v 0.027842 -0.000188 0.016695
v 0.027842 0.000129 0.016695
v 0.027841 0.000138 0.016695
v 0.027836 0.000147 0.016693
v 0.027829 0.000154 0.016691
v 0.027820 0.000159 0.016688
v 0.027811 0.000160 0.016684
v 0.027811 -0.000220 0.029949
v 0.027820 -0.000219 0.029946
v 0.027829 -0.000214 0.029943
v 0.027836 -0.000207 0.029941
v 0.027841 -0.000198 0.029939
v 0.027842 -0.000188 0.029939
v 0.027842 0.000129 0.029939
v 0.027841 0.000138 0.029939
v 0.027836 0.000147 0.029941
v 0.027829 0.000154 0.029943
v 0.027820 0.000159 0.029946
v 0.027811 0.000160 0.029949
v 0.029968 -0.000220 0.032778
v 0.029978 -0.000219 0.032775
v 0.029987 -0.000214 0.032772
v 0.029994 -0.000207 0.032770
v 0.029998 -0.000198 0.032768
v 0.030000 -0.000188 0.032768
v 0.030000 0.000129 0.032768
v 0.029998 0.000138 0.032768
v 0.029994 0.000147 0.032770
v 0.029987 0.000154 0.032772
v 0.029978 0.000159 0.032775
v 0.029968 0.000160 0.032778
v 0.029968 -0.000220 0.040335
v 0.029978 -0.000219 0.040339
v 0.029987 -0.000214 0.040343
v 0.029994 -0.000207 0.040346
v 0.029998 -0.000198 0.040348
v 0.030000 -0.000188 0.040348
v 0.030000 0.000129 0.040348
v 0.029998 0.000138 0.040348
v 0.029994 0.000147 0.040346
v 0.029987 0.000154 0.040343
v 0.029978 0.000159 0.040339
v 0.029968 0.000160 0.040335
v 0.026596 -0.000220 0.043822
v 0.026600 -0.000219 0.043832
v 0.026604 -0.000214 0.043841
v 0.026607 -0.000207 0.043848
v 0.026609 -0.000198 0.043852
v 0.026610 -0.000188 0.043854
v 0.026610 0.000129 0.043854
v 0.026609 0.000138 0.043852
v 0.026607 0.000147 0.043848
v 0.026604 0.000154 0.043841
v 0.026600 0.000159 0.043832
v 0.026596 0.000160 0.043822
v 0.021712 -0.000220 0.043822
v 0.021691 -0.000219 0.043832
v 0.021672 -0.000214 0.043841
v 0.021656 -0.000207 0.043848
v 0.021646 -0.000198 0.043852
v 0.021643 -0.000188 0.043854
v 0.021643 0.000129 0.043854
v 0.021646 0.000138 0.043852
v 0.021656 0.000147 0.043848
v 0.021672 0.000154 0.043841
v 0.021691 0.000159 0.043832
v 0.021712 0.000160 0.043822
v 0.024858 -0.000220 0.040199
v 0.024849 -0.000219 0.040195
v 0.024840 -0.000214 0.040192
v 0.024833 -0.000207 0.040189
v 0.024828 -0.000198 0.040188
v 0.024827 -0.000188 0.040187
v 0.024827 0.000129 0.040187
v 0.024828 0.000138 0.040188
v 0.024833 0.000147 0.040189
v 0.024840 0.000154 0.040192
v 0.024849 0.000159 0.040195
v 0.024858 0.000160 0.040199
v 0.023919 0.000160 0.009301
v -0.023817 0.000160 0.009301
v -0.023817 0.000160 0.007545
v 0.023919 0.000160 0.007576
v 0.023919 -0.000220 0.009301
v -0.023817 -0.000220 0.009301
v -0.023817 -0.000220 0.007545
v 0.023919 -0.000220 0.007576
v 0.023919 -0.000220 0.009301
v 0.023929 -0.000219 0.009311
v 0.023938 -0.000214 0.009320
v 0.023945 -0.000207 0.009327
v 0.023949 -0.000198 0.009331
v 0.023951 -0.000188 0.009333
v 0.023951 0.000129 0.009333
v 0.023949 0.000138 0.009331
v 0.023945 0.000147 0.009327
v 0.023938 0.000154 0.009320
v 0.023929 0.000159 0.009311
v 0.023919 0.000160 0.009301
v -0.023817 -0.000220 0.009301
v -0.023827 -0.000219 0.009311
v -0.023836 -0.000214 0.009320
v -0.023843 -0.000207 0.009327
v -0.023847 -0.000198 0.009331
v -0.023849 -0.000188 0.009333
v -0.023849 0.000129 0.009333
v -0.023847 0.000138 0.009331
v -0.023843 0.000147 0.009327
v -0.023836 0.000154 0.009320
v -0.023827 0.000159 0.009311
v -0.023817 0.000160 0.009301
v -0.023817 -0.000220 0.007545
v -0.023827 -0.000219 0.007535
v -0.023836 -0.000214 0.007527
v -0.023843 -0.000207 0.007519
v -0.023847 -0.000198 0.007515
v -0.023849 -0.000188 0.007513
v -0.023849 0.000129 0.007513
v -0.023847 0.000138 0.007515
v -0.023843 0.000147 0.007519
v -0.023836 0.000154 0.007527
v -0.023827 0.000159 0.007535
v -0.023817 0.000160 0.007545
v 0.023919 -0.000220 0.007576
v 0.023929 -0.000219 0.007566
v 0.023938 -0.000214 0.007558
v 0.023945 -0.000207 0.007551
v 0.023949 -0.000198 0.007546
v 0.023951 -0.000188 0.007545
v 0.023951 0.000129 0.007545
v 0.023949 0.000138 0.007546
v 0.023945 0.000147 0.007551
v 0.023938 0.000154 0.007558
v 0.023929 0.000159 0.007566
v 0.023919 0.000160 0.007576
v -0.023791 0.000160 -0.003182
v 0.023846 0.000160 -0.003122
v 0.023846 0.000160 -0.002139
v -0.023791 0.000160 -0.002139
v -0.023791 -0.000220 -0.003182
v 0.023846 -0.000220 -0.003122
v 0.023846 -0.000220 -0.002139
v -0.023791 -0.000220 -0.002139
v -0.023791 -0.000220 -0.003182
v -0.023801 -0.000219 -0.003192
v -0.023810 -0.000214 -0.003201
v -0.023817 -0.000207 -0.003208
v -0.023821 -0.000198 -0.003212
v -0.023823 -0.000188 -0.003214
v -0.023823 0.000129 -0.003214
v -0.023821 0.000138 -0.003212
v -0.023817 0.000147 -0.003208
v -0.023810 0.000154 -0.003201
v -0.023801 0.000159 -0.003192
v -0.023791 0.000160 -0.003182
v 0.023846 -0.000220 -0.003122
v 0.023856 -0.000219 -0.003131
v 0.023865 -0.000214 -0.003140
v 0.023872 -0.000207 -0.003147
v 0.023876 -0.000198 -0.003152
v 0.023878 -0.000188 -0.003153
v 0.023878 0.000129 -0.003153
v 0.023876 0.000138 -0.003152
v 0.023872 0.000147 -0.003147
v 0.023865 0.000154 -0.003140
v 0.023856 0.000159 -0.003131
v 0.023846 0.000160 -0.003122
v 0.023846 -0.000220 -0.002139
v 0.023856 -0.000219 -0.002129
v 0.023865 -0.000214 -0.002120
v 0.023872 -0.000207 -0.002113
v 0.023876 -0.000198 -0.002109
v 0.023878 -0.000188 -0.002107
v 0.023878 0.000129 -0.002107
v 0.023876 0.000138 -0.002109
v 0.023872 0.000147 -0.002113
v 0.023865 0.000154 -0.002120
v 0.023856 0.000159 -0.002129
v 0.023846 0.000160 -0.002139
v -0.023791 -0.000220 -0.002139
v -0.023801 -0.000219 -0.002129
v -0.023810 -0.000214 -0.002120
v -0.023817 -0.000207 -0.002113
v -0.023821 -0.000198 -0.002109
v -0.023823 -0.000188 -0.002107
v -0.023823 0.000129 -0.002107
v -0.023821 0.000138 -0.002109
v -0.023817 0.000147 -0.002113
v -0.023810 0.000154 -0.002120
v -0.023801 0.000159 -0.002129
v -0.023791 0.000160 -0.002139
v 0.024451 0.000057 -0.043194
v 0.024161 0.000057 -0.043194
v 0.022100 0.000057 -0.045174
v 0.024451 0.000057 -0.045198
v 0.024451 -0.000217 -0.043194
v 0.024161 -0.000217 -0.043194
v 0.022100 -0.000217 -0.045174
v 0.024451 -0.000217 -0.045198
v 0.024451 -0.000217 -0.043194
v 0.024461 -0.000216 -0.043185
v 0.024470 -0.000211 -0.043176
v 0.024477 -0.000204 -0.043169
v 0.024482 -0.000195 -0.043164
v 0.024483 -0.000186 -0.043163
v 0.024483 0.000026 -0.043163
v 0.024482 0.000035 -0.043164
v 0.024477 0.000044 -0.043169
v 0.024470 0.000051 -0.043176
v 0.024461 0.000056 -0.043185
v 0.024451 0.000057 -0.043194
v 0.024161 -0.000217 -0.043194
v 0.024157 -0.000216 -0.043185
v 0.024153 -0.000211 -0.043176
v 0.024150 -0.000204 -0.043169
v 0.024149 -0.000195 -0.043164
v 0.024148 -0.000186 -0.043163
v 0.024148 0.000026 -0.043163
v 0.024149 0.000035 -0.043164
v 0.024150 0.000044 -0.043169
v 0.024153 0.000051 -0.043176
v 0.024157 0.000056 -0.043185
v 0.024161 0.000057 -0.043194
v 0.022100 -0.000217 -0.045174
v 0.022076 -0.000216 -0.045183
v 0.022054 -0.000211 -0.045192
v 0.022037 -0.000204 -0.045199
v 0.022026 -0.000195 -0.045203
v 0.022022 -0.000186 -0.045204
v 0.022022 0.000026 -0.045204
v 0.022026 0.000035 -0.045203
v 0.022037 0.000044 -0.045199
v 0.022054 0.000051 -0.045192
v 0.022076 0.000056 -0.045183
v 0.022100 0.000057 -0.045174
v 0.024451 -0.000217 -0.045198
v 0.024461 -0.000216 -0.045208
v 0.024470 -0.000211 -0.045217
v 0.024477 -0.000204 -0.045224
v 0.024482 -0.000195 -0.045229
v 0.024483 -0.000186 -0.045230
v 0.024483 0.000026 -0.045230
v 0.024482 0.000035 -0.045229
v 0.024477 0.000044 -0.045224
v 0.024470 0.000051 -0.045217
v 0.024461 0.000056 -0.045208
v 0.024451 0.000057 -0.045198
v -0.024456 0.000057 -0.045198
v -0.022104 0.000057 -0.045174
v -0.024165 0.000057 -0.043194
v -0.024456 0.000057 -0.043194
v -0.024456 -0.000217 -0.045198
v -0.022104 -0.000217 -0.045174
v -0.024165 -0.000217 -0.043194
v -0.024456 -0.000217 -0.043194
v -0.024456 -0.000217 -0.045198
v -0.024465 -0.000216 -0.045208
v -0.024474 -0.000211 -0.045217
v -0.024481 -0.000204 -0.045224
v -0.024486 -0.000195 -0.045229
v -0.024487 -0.000186 -0.045230
v -0.024487 0.000026 -0.045230
v -0.024486 0.000035 -0.045229
v -0.024481 0.000044 -0.045224
v -0.024474 0.000051 -0.045217
v -0.024465 0.000056 -0.045208
v -0.024456 0.000057 -0.045198
v -0.022104 -0.000217 -0.045174
v -0.022080 -0.000216 -0.045183
v -0.022058 -0.000211 -0.045192
v -0.022041 -0.000204 -0.045199
v -0.022030 -0.000195 -0.045203
v -0.022026 -0.000186 -0.045204
v -0.022026 0.000026 -0.045204
v -0.022030 0.000035 -0.045203
v -0.022041 0.000044 -0.045199
v -0.022058 0.000051 -0.045192
v -0.022080 0.000056 -0.045183
v -0.022104 0.000057 -0.045174
v -0.024165 -0.000217 -0.043194
v -0.024161 -0.000216 -0.043185
v -0.024157 -0.000211 -0.043176
v -0.024155 -0.000204 -0.043169
v -0.024153 -0.000195 -0.043164
v -0.024152 -0.000186 -0.043163
v -0.024152 0.000026 -0.043163
v -0.024153 0.000035 -0.043164
v -0.024155 0.000044 -0.043169
v -0.024157 0.000051 -0.043176
v -0.024161 0.000056 -0.043185
v -0.024165 0.000057 -0.043194
v -0.024456 -0.000217 -0.043194
v -0.024465 -0.000216 -0.043185
v -0.024474 -0.000211 -0.043176
v -0.024481 -0.000204 -0.043169
v -0.024486 -0.000195 -0.043164
v -0.024487 -0.000186 -0.043163
v -0.024487 0.000026 -0.043163
v -0.024486 0.000035 -0.043164
v -0.024481 0.000044 -0.043169
v -0.024474 0.000051 -0.043176
v -0.024465 0.000056 -0.043185
v -0.024456 0.000057 -0.043194
v -0.029231 0.000057 -0.038351
v -0.029231 0.000057 -0.026688
v -0.027232 0.000057 -0.023973
v -0.027232 0.000057 -0.011633
v -0.030080 0.000057 -0.008404
v -0.030080 0.000057 0.013610
v -0.027689 0.000057 0.016686
v -0.027689 0.000057 0.029923
v -0.029826 0.000057 0.032748
v -0.029826 0.000057 0.040224
v -0.031270 0.000057 0.040224
v -0.031270 0.000057 -0.038026
v -0.029579 0.000057 -0.038016
v -0.029231 -0.000217 -0.038351
v -0.029231 -0.000217 -0.026688
v -0.027232 -0.000217 -0.023973
v -0.027232 -0.000217 -0.011633
v -0.030080 -0.000217 -0.008404
v -0.030080 -0.000217 0.013610
v -0.027689 -0.000217 0.016686
v -0.027689 -0.000217 0.029923
v -0.029826 -0.000217 0.032748
v -0.029826 -0.000217 0.040224
v -0.031270 -0.000217 0.040224
v -0.031270 -0.000217 -0.038026
v -0.029579 -0.000217 -0.038016
v -0.029231 -0.000217 -0.038351
v -0.029221 -0.000216 -0.038374
v -0.029212 -0.000211 -0.038394
v -0.029205 -0.000204 -0.038411
v -0.029200 -0.000195 -0.038421
v -0.029199 -0.000186 -0.038425
v -0.029199 0.000026 -0.038425
v -0.029200 0.000035 -0.038421
v -0.029205 0.000044 -0.038411
v -0.029212 0.000051 -0.038394
v -0.029221 0.000056 -0.038374
v -0.029231 0.000057 -0.038351
v -0.029231 -0.000217 -0.026688
v -0.029221 -0.000216 -0.026691
v -0.029212 -0.000211 -0.026694
v -0.029205 -0.000204 -0.026696
v -0.029200 -0.000195 -0.026698
v -0.029199 -0.000186 -0.026698
v -0.029199 0.000026 -0.026698
v -0.029200 0.000035 -0.026698
v -0.029205 0.000044 -0.026696
v -0.029212 0.000051 -0.026694
v -0.029221 0.000056 -0.026691
v -0.029231 0.000057 -0.026688
v -0.027232 -0.000217 -0.023973
v -0.027222 -0.000216 -0.023976
v -0.027213 -0.000211 -0.023979
v -0.027206 -0.000204 -0.023982
v -0.027202 -0.000195 -0.023983
v -0.027200 -0.000186 -0.023984
v -0.027200 0.000026 -0.023984
v -0.027202 0.000035 -0.023983
v -0.027206 0.000044 -0.023982
v -0.027213 0.000051 -0.023979
v -0.027222 0.000056 -0.023976
v -0.027232 0.000057 -0.023973
v -0.027232 -0.000217 -0.011633
v -0.027222 -0.000216 -0.011629
v -0.027213 -0.000211 -0.011626
v -0.027206 -0.000204 -0.011623
v -0.027202 -0.000195 -0.011621
v -0.027200 -0.000186 -0.011621
v -0.027200 0.000026 -0.011621
v -0.027202 0.000035 -0.011621
v -0.027206 0.000044 -0.011623
v -0.027213 0.000051 -0.011626
v -0.027222 0.000056 -0.011629
v -0.027232 0.000057 -0.011633
v -0.030080 -0.000217 -0.008404
v -0.030070 -0.000216 -0.008400
v -0.030061 -0.000211 -0.008397
v -0.030054 -0.000204 -0.008394
v -0.030050 -0.000195 -0.008392
v -0.030048 -0.000186 -0.008392
v -0.030048 0.000026 -0.008392
v -0.030050 0.000035 -0.008392
v -0.030054 0.000044 -0.008394
v -0.030061 0.000051 -0.008397
v -0.030070 0.000056 -0.008400
v -0.030080 0.000057 -0.008404
v -0.030080 -0.000217 0.013610
v -0.030070 -0.000216 0.013607
v -0.030061 -0.000211 0.013604
v -0.030054 -0.000204 0.013601
v -0.030050 -0.000195 0.013600
v -0.030048 -0.000186 0.013599
v -0.030048 0.000026 0.013599
v -0.030050 0.000035 0.013600
v -0.030054 0.000044 0.013601
v -0.030061 0.000051 0.013604
v -0.030070 0.000056 0.013607
v -0.030080 0.000057 0.013610
v -0.027689 -0.000217 0.016686
v -0.027679 -0.000216 0.016683
v -0.027670 -0.000211 0.016680
v -0.027663 -0.000204 0.016678
v -0.027659 -0.000195 0.016676
v -0.027657 -0.000186 0.016676
v -0.027657 0.000026 0.016676
v -0.027659 0.000035 0.016676
v -0.027663 0.000044 0.016678
v -0.027670 0.000051 0.016680
v -0.027679 0.000056 0.016683
v -0.027689 0.000057 0.016686
v -0.027689 -0.000217 0.029923
v -0.027679 -0.000216 0.029926
v -0.027670 -0.000211 0.029929
v -0.027663 -0.000204 0.029931
v -0.027659 -0.000195 0.029933
v -0.027657 -0.000186 0.029933
v -0.027657 0.000026 0.029933
v -0.027659 0.000035 0.029933
v -0.027663 0.000044 0.029931
v -0.027670 0.000051 0.029929
v -0.027679 0.000056 0.029926
v -0.027689 0.000057 0.029923
v -0.029826 -0.000217 0.032748
v -0.029817 -0.000216 0.032751
v -0.029808 -0.000211 0.032754
v -0.029801 -0.000204 0.032756
v -0.029796 -0.000195 0.032758
v -0.029795 -0.000186 0.032759
v -0.029795 0.000026 0.032759
v -0.029796 0.000035 0.032758
v -0.029801 0.000044 0.032756
v -0.029808 0.000051 0.032754
v -0.029817 0.000056 0.032751
v -0.029826 0.000057 0.032748
v -0.029826 -0.000217 0.040224
v -0.029817 -0.000216 0.040233
v -0.029808 -0.000211 0.040242
v -0.029801 -0.000204 0.040249
v -0.029796 -0.000195 0.040254
v -0.029795 -0.000186 0.040255
v -0.029795 0.000026 0.040255
v -0.029796 0.000035 0.040254
v -0.029801 0.000044 0.040249
v -0.029808 0.000051 0.040242
v -0.029817 0.000056 0.040233
v -0.029826 0.000057 0.040224
v -0.031270 -0.000217 0.040224
v -0.031280 -0.000216 0.040233
v -0.031289 -0.000211 0.040242
v -0.031296 -0.000204 0.040249
v -0.031300 -0.000195 0.040254
v -0.031302 -0.000186 0.040255
v -0.031302 0.000026 0.040255
v -0.031300 0.000035 0.040254
v -0.031296 0.000044 0.040249
v -0.031289 0.000051 0.040242
v -0.031280 0.000056 0.040233
v -0.031270 0.000057 0.040224
v -0.031270 -0.000217 -0.038026
v -0.031280 -0.000216 -0.038036
v -0.031289 -0.000211 -0.038045
v -0.031296 -0.000204 -0.038052
v -0.031300 -0.000195 -0.038056
v -0.031302 -0.000186 -0.038058
v -0.031302 0.000026 -0.038058
v -0.031300 0.000035 -0.038056
v -0.031296 0.000044 -0.038052
v -0.031289 0.000051 -0.038045
v -0.031280 0.000056 -0.038036
v -0.031270 0.000057 -0.038026
v -0.029579 -0.000217 -0.038016
v -0.029583 -0.000216 -0.038026
v -0.029586 -0.000211 -0.038035
v -0.029589 -0.000204 -0.038042
v -0.029591 -0.000195 -0.038046
v -0.029591 -0.000186 -0.038048
v -0.029591 0.000026 -0.038048
v -0.029591 0.000035 -0.038046
v -0.029589 0.000044 -0.038042
v -0.029586 0.000051 -0.038035
v -0.029583 0.000056 -0.038026
v -0.029579 0.000057 -0.038016
v 0.029785 0.000057 -0.038016
v 0.031476 0.000057 -0.038026
v 0.031476 0.000057 0.040224
v 0.030033 0.000057 0.040224
v 0.030033 0.000057 0.032748
v 0.027895 0.000057 0.029923
v 0.027895 0.000057 0.016686
v 0.030286 0.000057 0.013610
v 0.030286 0.000057 -0.008404
v 0.027438 0.000057 -0.011633
v 0.027438 0.000057 -0.023973
v 0.029437 0.000057 -0.026688
v 0.029437 0.000057 -0.038351
v 0.029785 -0.000217 -0.038016
v 0.031476 -0.000217 -0.038026
v 0.031476 -0.000217 0.040224
v 0.030033 -0.000217 0.040224
v 0.030033 -0.000217 0.032748
v 0.027895 -0.000217 0.029923
v 0.027895 -0.000217 0.016686
v 0.030286 -0.000217 0.013610
v 0.030286 -0.000217 -0.008404
v 0.027438 -0.000217 -0.011633
v 0.027438 -0.000217 -0.023973
v 0.029437 -0.000217 -0.026688
v 0.029437 -0.000217 -0.038351
v 0.029785 -0.000217 -0.038016
v 0.029789 -0.000216 -0.038026
v 0.029792 -0.000211 -0.038035
v 0.029795 -0.000204 -0.038042
v 0.029797 -0.000195 -0.038046
v 0.029798 -0.000186 -0.038048
v 0.029798 0.000026 -0.038048
v 0.029797 0.000035 -0.038046
v 0.029795 0.000044 -0.038042
v 0.029792 0.000051 -0.038035
v 0.029789 0.000056 -0.038026
v 0.029785 0.000057 -0.038016
v 0.031476 -0.000217 -0.038026
v 0.031486 -0.000216 -0.038036
v 0.031495 -0.000211 -0.038045
v 0.031502 -0.000204 -0.038052
v 0.031506 -0.000195 -0.038056
v 0.031508 -0.000186 -0.038058
v 0.031508 0.000026 -0.038058
v 0.031506 0.000035 -0.038056
v 0.031502 0.000044 -0.038052
v 0.031495 0.000051 -0.038045
v 0.031486 0.000056 -0.038036
v 0.031476 0.000057 -0.038026
v 0.031476 -0.000217 0.040224
v 0.031486 -0.000216 0.040233
v 0.031495 -0.000211 0.040242
v 0.031502 -0.000204 0.040249
v 0.031506 -0.000195 0.040254
v 0.031508 -0.000186 0.040255
v 0.031508 0.000026 0.040255
v 0.031506 0.000035 0.040254
v 0.031502 0.000044 0.040249
v 0.031495 0.000051 0.040242
v 0.031486 0.000056 0.040233
v 0.031476 0.000057 0.040224
v 0.030033 -0.000217 0.040224
v 0.030023 -0.000216 0.040233
v 0.030014 -0.000211 0.040242
v 0.030007 -0.000204 0.040249
v 0.030002 -0.000195 0.040254
v 0.030001 -0.000186 0.040255
v 0.030001 0.000026 0.040255
v 0.030002 0.000035 0.040254
v 0.030007 0.000044 0.040249
v 0.030014 0.000051 0.040242
v 0.030023 0.000056 0.040233
v 0.030033 0.000057 0.040224
v 0.030033 -0.000217 0.032748
v 0.030023 -0.000216 0.032751
v 0.030014 -0.000211 0.032754
v 0.030007 -0.000204 0.032756
v 0.030002 -0.000195 0.032758
v 0.030001 -0.000186 0.032759
v 0.030001 0.000026 0.032759
v 0.030002 0.000035 0.032758
v 0.030007 0.000044 0.032756
v 0.030014 0.000051 0.032754
v 0.030023 0.000056 0.032751
v 0.030033 0.000057 0.032748
v 0.027895 -0.000217 0.029923
v 0.027885 -0.000216 0.029926
v 0.027876 -0.000211 0.029929
v 0.027869 -0.000204 0.029931
v 0.027865 -0.000195 0.029933
v 0.027863 -0.000186 0.029933
v 0.027863 0.000026 0.029933
v 0.027865 0.000035 0.029933
v 0.027869 0.000044 0.029931
v 0.027876 0.000051 0.029929
v 0.027885 0.000056 0.029926
v 0.027895 0.000057 0.029923
v 0.027895 -0.000217 0.016686
v 0.027885 -0.000216 0.016683
v 0.027876 -0.000211 0.016680
v 0.027869 -0.000204 0.016678
v 0.027865 -0.000195 0.016676
v 0.027863 -0.000186 0.016676
v 0.027863 0.000026 0.016676
v 0.027865 0.000035 0.016676
v 0.027869 0.000044 0.016678
v 0.027876 0.000051 0.016680
v 0.027885 0.000056 0.016683
v 0.027895 0.000057 0.016686
v 0.030286 -0.000217 0.013610
v 0.030276 -0.000216 0.013607
v 0.030268 -0.000211 0.013604
v 0.030260 -0.000204 0.013601
v 0.030256 -0.000195 0.013600
v 0.030254 -0.000186 0.013599
v 0.030254 0.000026 0.013599
v 0.030256 0.000035 0.013600
v 0.030260 0.000044 0.013601
v 0.030268 0.000051 0.013604
v 0.030276 0.000056 0.013607
v 0.030286 0.000057 0.013610
v 0.030286 -0.000217 -0.008404
v 0.030276 -0.000216 -0.008400
v 0.030268 -0.000211 -0.008397
v 0.030260 -0.000204 -0.008394
v 0.030256 -0.000195 -0.008392
v 0.030254 -0.000186 -0.008392
v 0.030254 0.000026 -0.008392
v 0.030256 0.000035 -0.008392
v 0.030260 0.000044 -0.008394
v 0.030268 0.000051 -0.008397
v 0.030276 0.000056 -0.008400
v 0.030286 0.000057 -0.008404
v 0.027438 -0.000217 -0.011633
v 0.027428 -0.000216 -0.011629
v 0.027419 -0.000211 -0.011626
v 0.027412 -0.000204 -0.011623
v 0.027408 -0.000195 -0.011621
v 0.027406 -0.000186 -0.011621
v 0.027406 0.000026 -0.011621
v 0.027408 0.000035 -0.011621
v 0.027412 0.000044 -0.011623
v 0.027419 0.000051 -0.011626
v 0.027428 0.000056 -0.011629
v 0.027438 0.000057 -0.011633
v 0.027438 -0.000217 -0.023973
v 0.027428 -0.000216 -0.023976
v 0.027419 -0.000211 -0.023979
v 0.027412 -0.000204 -0.023982
v 0.027408 -0.000195 -0.023983
v 0.027406 -0.000186 -0.023984
v 0.027406 0.000026 -0.023984
v 0.027408 0.000035 -0.023983
v 0.027412 0.000044 -0.023982
v 0.027419 0.000051 -0.023979
v 0.027428 0.000056 -0.023976
v 0.027438 0.000057 -0.023973
v 0.029437 -0.000217 -0.026688
v 0.029427 -0.000216 -0.026691
v 0.029418 -0.000211 -0.026694
v 0.029411 -0.000204 -0.026696
v 0.029407 -0.000195 -0.026698
v 0.029405 -0.000186 -0.026698
v 0.029405 0.000026 -0.026698
v 0.029407 0.000035 -0.026698
v 0.029411 0.000044 -0.026696
v 0.029418 0.000051 -0.026694
v 0.029427 0.000056 -0.026691
v 0.029437 0.000057 -0.026688
v 0.029437 -0.000217 -0.038351
v 0.029427 -0.000216 -0.038374
v 0.029418 -0.000211 -0.038394
v 0.029411 -0.000204 -0.038411
v 0.029407 -0.000195 -0.038421
v 0.029405 -0.000186 -0.038425
v 0.029405 0.000026 -0.038425
v 0.029407 0.000035 -0.038421
v 0.029411 0.000044 -0.038411
v 0.029418 0.000051 -0.038394
v 0.029427 0.000056 -0.038374
v 0.029437 0.000057 -0.038351
v 0.020375 0.000057 0.045131
v 0.021700 0.000057 0.043859
v 0.026506 0.000057 0.043859
v 0.026557 0.000057 0.045131
v 0.020375 -0.000217 0.045131
v 0.021700 -0.000217 0.043859
v 0.026506 -0.000217 0.043859
v 0.026557 -0.000217 0.045131
v 0.020375 -0.000217 0.045131
v 0.020351 -0.000216 0.045141
v 0.020329 -0.000211 0.045150
v 0.020312 -0.000204 0.045157
v 0.020300 -0.000195 0.045162
v 0.020297 -0.000186 0.045163
v 0.020297 0.000026 0.045163
v 0.020300 0.000035 0.045162
v 0.020312 0.000044 0.045157
v 0.020329 0.000051 0.045150
v 0.020351 0.000056 0.045141
v 0.020375 0.000057 0.045131
v 0.021700 -0.000217 0.043859
v 0.021696 -0.000216 0.043850
v 0.021692 -0.000211 0.043841
v 0.021689 -0.000204 0.043834
v 0.021687 -0.000195 0.043829
v 0.021687 -0.000186 0.043828
v 0.021687 0.000026 0.043828
v 0.021687 0.000035 0.043829
v 0.021689 0.000044 0.043834
v 0.021692 0.000051 0.043841
v 0.021696 0.000056 0.043850
v 0.021700 0.000057 0.043859
v 0.026506 -0.000217 0.043859
v 0.026515 -0.000216 0.043850
v 0.026524 -0.000211 0.043841
v 0.026530 -0.000204 0.043834
v 0.026535 -0.000195 0.043829
v 0.026536 -0.000186 0.043828
v 0.026536 0.000026 0.043828
v 0.026535 0.000035 0.043829
v 0.026530 0.000044 0.043834
v 0.026524 0.000051 0.043841
v 0.026515 0.000056 0.043850
v 0.026506 0.000057 0.043859
v 0.026557 -0.000217 0.045131
v 0.026568 -0.000216 0.045141
v 0.026577 -0.000211 0.045150
v 0.026584 -0.000204 0.045157
v 0.026589 -0.000195 0.045162
v 0.026590 -0.000186 0.045163
v 0.026590 0.000026 0.045163
v 0.026589 0.000035 0.045162
v 0.026584 0.000044 0.045157
v 0.026577 0.000051 0.045150
v 0.026568 0.000056 0.045141
v 0.026557 0.000057 0.045131
v -0.026528 0.000057 0.045131
v -0.026476 0.000057 0.043859
v -0.021670 0.000057 0.043859
v -0.020345 0.000057 0.045131
v -0.026528 -0.000217 0.045131
v -0.026476 -0.000217 0.043859
v -0.021670 -0.000217 0.043859
v -0.020345 -0.000217 0.045131
v -0.026528 -0.000217 0.045131
v -0.026538 -0.000216 0.045141
v -0.026547 -0.000211 0.045150
v -0.026554 -0.000204 0.045157
v -0.026559 -0.000195 0.045162
v -0.026561 -0.000186 0.045163
v -0.026561 0.000026 0.045163
v -0.026559 0.000035 0.045162
v -0.026554 0.000044 0.045157
v -0.026547 0.000051 0.045150
v -0.026538 0.000056 0.045141
v -0.026528 0.000057 0.045131
v -0.026476 -0.000217 0.043859
v -0.026485 -0.000216 0.043850
v -0.026494 -0.000211 0.043841
v -0.026501 -0.000204 0.043834
v -0.026505 -0.000195 0.043829
v -0.026506 -0.000186 0.043828
v -0.026506 0.000026 0.043828
v -0.026505 0.000035 0.043829
v -0.026501 0.000044 0.043834
v -0.026494 0.000051 0.043841
v -0.026485 0.000056 0.043850
v -0.026476 0.000057 0.043859
v -0.021670 -0.000217 0.043859
v -0.021666 -0.000216 0.043850
v -0.021662 -0.000211 0.043841
v -0.021659 -0.000204 0.043834
v -0.021658 -0.000195 0.043829
v -0.021657 -0.000186 0.043828
v -0.021657 0.000026 0.043828
v -0.021658 0.000035 0.043829
v -0.021659 0.000044 0.043834
v -0.021662 0.000051 0.043841
v -0.021666 0.000056 0.043850
v -0.021670 0.000057 0.043859
v -0.020345 -0.000217 0.045131
v -0.020321 -0.000216 0.045141
v -0.020299 -0.000211 0.045150
v -0.020282 -0.000204 0.045157
v -0.020271 -0.000195 0.045162
v -0.020267 -0.000186 0.045163
v -0.020267 0.000026 0.045163
v -0.020271 0.000035 0.045162
v -0.020282 0.000044 0.045157
v -0.020299 0.000051 0.045150
v -0.020321 0.000056 0.045141
v -0.020345 0.000057 0.045131
vn -0.0000 1.0000 -0.0000
vn -0.0000 -1.0000 -0.0000
vn 0.2953 -0.9471 -0.1258
vn 0.2953 -0.9471 0.1258
vn 0.1326 -0.9896 0.0565
vn 0.1326 -0.9896 -0.0565
vn 0.5361 -0.8126 -0.2284
vn 0.5361 -0.8126 0.2284
vn 0.8236 -0.5672 -0.0000
vn 0.9551 -0.2962 -0.0000
vn 0.9970 -0.0769 -0.0000
vn 0.9970 0.0769 -0.0000
vn 0.9551 0.2962 -0.0000
vn 0.8236 0.5672 -0.0000
vn 0.5361 0.8126 -0.2284
vn 0.5361 0.8126 0.2284
vn 0.2953 0.9471 -0.1258
vn 0.2953 0.9471 0.1258
vn 0.1326 0.9896 -0.0565
vn 0.1326 0.9896 0.0565
vn 0.1201 -0.9469 0.2984
vn 0.0543 -0.9894 0.1348
vn 0.2182 -0.8114 0.5423
vn 0.5705 -0.5672 0.5940
vn 0.5699 -0.5684 0.5934
vn 0.6616 -0.2961 0.6889
vn 0.6615 -0.2969 0.6887
vn 0.6907 -0.0768 0.7191
vn 0.6907 -0.0769 0.7191
vn 0.6907 0.0768 0.7191
vn 0.6907 0.0769 0.7191
vn 0.6616 0.2961 0.6889
vn 0.6615 0.2969 0.6887
vn 0.5705 0.5672 0.5940
vn 0.5699 0.5684 0.5934
vn 0.2182 0.8114 0.5423
vn 0.1201 0.9469 0.2984
vn 0.0543 0.9894 0.1348
vn -0.1201 -0.9469 0.2984
vn -0.0543 -0.9894 0.1348
vn -0.2183 -0.8113 0.5423
vn -0.0000 -0.5683 0.8228
vn -0.0000 -0.2970 0.9549
vn -0.0000 -0.0770 0.9970
vn -0.0000 0.0770 0.9970
vn -0.0000 0.2970 0.9549
vn -0.0000 0.5683 0.8228
vn -0.2183 0.8113 0.5423
vn -0.1201 0.9469 0.2984
vn -0.0543 0.9894 0.1348
vn -0.2953 -0.9471 0.1258
vn -0.1326 -0.9896 0.0565
vn -0.5361 -0.8126 0.2284
vn -0.5699 -0.5683 0.5934
vn -0.5705 -0.5672 0.5940
vn -0.6615 -0.2969 0.6887
vn -0.6616 -0.2962 0.6889
vn -0.6906 -0.0769 0.7191
vn -0.6907 -0.0768 0.7191
vn -0.6906 0.0769 0.7191
vn -0.6907 0.0768 0.7191
vn -0.6615 0.2969 0.6887
vn -0.6616 0.2962 0.6889
vn -0.5699 0.5683 0.5934
vn -0.5705 0.5672 0.5940
vn -0.5361 0.8126 0.2284
vn -0.2953 0.9471 0.1258
vn -0.1326 0.9896 0.0565
vn -0.2953 -0.9471 -0.1258
vn -0.1326 -0.9896 -0.0565
vn -0.5361 -0.8126 -0.2284
vn -0.8236 -0.5672 -0.0000
vn -0.9551 -0.2961 -0.0000
vn -0.9552 -0.2961 -0.0000
vn -0.9970 -0.0768 -0.0000
vn -0.9970 0.0768 -0.0000
vn -0.9551 0.2961 -0.0000
vn -0.9552 0.2961 -0.0000
vn -0.8236 0.5672 -0.0000
vn -0.5361 0.8126 -0.2284
vn -0.2953 0.9471 -0.1258
vn -0.1326 0.9896 -0.0565
vn -0.1201 -0.9469 -0.2983
vn -0.0543 -0.9894 -0.1349
vn -0.2183 -0.8114 -0.5422
vn -0.5704 -0.5673 -0.5939
vn -0.5699 -0.5684 -0.5934
vn -0.6616 -0.2960 -0.6889
vn -0.6615 -0.2967 -0.6887
vn -0.6907 -0.0766 -0.7191
vn -0.6907 -0.0767 -0.7191
vn -0.6907 0.0766 -0.7191
vn -0.6907 0.0767 -0.7191
vn -0.6616 0.2960 -0.6889
vn -0.6615 0.2967 -0.6887
vn -0.5704 0.5673 -0.5939
vn -0.5699 0.5684 -0.5934
vn -0.2183 0.8114 -0.5422
vn -0.1201 0.9469 -0.2983
vn -0.0543 0.9894 -0.1349
vn 0.1201 -0.9469 -0.2983
vn 0.0543 -0.9894 -0.1349
vn 0.2182 -0.8114 -0.5422
vn -0.0001 -0.5683 -0.8228
vn -0.0001 -0.2965 -0.9550
vn -0.0001 -0.0767 -0.9971
vn -0.0001 -0.0766 -0.9971
vn -0.0001 0.0767 -0.9971
vn -0.0001 0.0766 -0.9971
vn -0.0001 0.2965 -0.9550
vn -0.0001 0.5683 -0.8228
vn 0.2182 0.8114 -0.5422
vn 0.1201 0.9469 -0.2983
vn 0.0543 0.9894 -0.1349
vn 0.5700 -0.5683 -0.5934
vn 0.5705 -0.5672 -0.5940
vn 0.6615 -0.2968 -0.6887
vn 0.6616 -0.2961 -0.6889
vn 0.6906 -0.0769 -0.7191
vn 0.6907 -0.0768 -0.7191
vn 0.6906 0.0769 -0.7191
vn 0.6907 0.0768 -0.7191
vn 0.6615 0.2968 -0.6887
vn 0.6616 0.2961 -0.6889
vn 0.5700 0.5683 -0.5934
vn 0.5705 0.5672 -0.5940
vn 0.1327 -0.9895 0.0565
vn 0.1327 -0.9895 -0.0565
vn 0.5361 -0.8127 -0.2284
vn 0.5361 -0.8127 0.2284
vn 0.9552 -0.2960 -0.0000
vn 0.9971 -0.0767 -0.0000
vn 0.9971 0.0767 -0.0000
vn 0.9552 0.2960 -0.0000
vn 0.5361 0.8127 -0.2284
vn 0.5361 0.8127 0.2284
vn 0.2953 0.9471 -0.1259
vn 0.2952 0.9471 0.1258
vn 0.1327 0.9896 -0.0565
vn 0.1327 0.9895 0.0565
vn 0.2321 -0.9676 0.0989
vn 0.4870 -0.8484 0.2075
vn 0.5704 -0.5674 0.5939
vn 0.5506 -0.6068 0.5733
vn 0.6617 -0.2960 0.6889
vn 0.6561 -0.3208 0.6831
vn 0.6907 -0.0765 0.7191
vn 0.6905 -0.0799 0.7189
vn 0.6907 0.0765 0.7191
vn 0.6905 0.0799 0.7189
vn 0.6617 0.2960 0.6889
vn 0.6561 0.3208 0.6831
vn 0.5704 0.5674 0.5939
vn 0.5506 0.6068 0.5733
vn 0.4870 0.8484 0.2075
vn 0.2321 0.9676 0.0989
vn 0.2322 -0.9676 -0.0989
vn 0.4870 -0.8484 -0.2075
vn 0.7949 -0.6067 -0.0000
vn 0.9472 -0.3208 -0.0000
vn 0.9968 -0.0800 -0.0000
vn 0.9968 0.0800 -0.0000
vn 0.9472 0.3208 -0.0000
vn 0.7949 0.6067 -0.0000
vn 0.4870 0.8484 -0.2075
vn 0.2322 0.9676 -0.0989
vn 0.1327 0.9895 -0.0565
vn 0.5506 -0.6067 -0.5733
vn 0.6561 -0.3208 -0.6831
vn 0.6905 -0.0801 -0.7189
vn 0.6905 0.0801 -0.7189
vn 0.6561 0.3208 -0.6831
vn 0.5506 0.6067 -0.5733
vn 0.2953 -0.9471 0.1259
vn 0.2953 0.9471 0.1259
vn 0.5699 -0.5685 0.5933
vn 0.6615 -0.2967 0.6888
vn 0.6907 -0.0766 0.7191
vn 0.6907 0.0766 0.7191
vn 0.6615 0.2967 0.6888
vn 0.5699 0.5685 0.5933
vn -0.1201 -0.9469 0.2983
vn -0.2182 -0.8114 0.5423
vn -0.0000 -0.5682 0.8229
vn -0.0000 -0.2966 0.9550
vn -0.0000 -0.0767 0.9971
vn -0.0000 0.0767 0.9971
vn -0.0000 0.2966 0.9550
vn -0.0000 0.5682 0.8229
vn -0.2182 0.8114 0.5423
vn -0.1201 0.9469 0.2983
vn -0.0956 -0.9667 0.2376
vn -0.0543 -0.9894 0.1349
vn -0.1994 -0.8455 0.4954
vn -0.5699 -0.5684 0.5934
vn -0.5511 -0.6058 0.5738
vn -0.6615 -0.2968 0.6887
vn -0.6562 -0.3203 0.6832
vn -0.6906 -0.0768 0.7191
vn -0.6905 -0.0799 0.7189
vn -0.6905 0.0799 0.7189
vn -0.6615 0.2968 0.6887
vn -0.6562 0.3203 0.6832
vn -0.5699 0.5684 0.5934
vn -0.5511 0.6058 0.5738
vn -0.1994 0.8455 0.4954
vn -0.0956 0.9667 0.2376
vn 0.0956 -0.9667 0.2376
vn 0.0543 -0.9894 0.1349
vn 0.1993 -0.8455 0.4954
vn -0.0000 -0.6058 0.7956
vn -0.0000 -0.3205 0.9473
vn -0.0000 -0.0802 0.9968
vn -0.0000 0.0802 0.9968
vn -0.0000 0.3205 0.9473
vn -0.0000 0.6058 0.7956
vn 0.1993 0.8455 0.4954
vn 0.0956 0.9667 0.2376
vn 0.0543 0.9894 0.1349
vn 0.1201 -0.9469 0.2983
vn 0.2183 -0.8113 0.5423
vn 0.5512 -0.6057 0.5739
vn 0.5700 -0.5683 0.5935
vn 0.6562 -0.3202 0.6832
vn 0.6905 -0.0800 0.7189
vn 0.6906 -0.0769 0.7191
vn 0.6905 0.0800 0.7189
vn 0.6906 0.0769 0.7191
vn 0.6562 0.3202 0.6832
vn 0.5512 0.6057 0.5739
vn 0.5700 0.5683 0.5935
vn 0.2183 0.8113 0.5423
vn 0.1201 0.9469 0.2983
vn -0.2183 -0.8114 0.5423
vn -0.2183 0.8114 0.5423
vn -0.0543 0.9894 0.1349
vn -0.1327 -0.9895 0.0565
vn -0.6616 -0.2961 0.6889
vn -0.6907 -0.0769 0.7191
vn -0.6616 0.2961 0.6889
vn -0.1327 0.9895 0.0565
vn -0.5361 -0.8126 -0.2285
vn -0.9551 -0.2962 -0.0000
vn -0.9970 -0.0769 -0.0000
vn -0.9970 0.0769 -0.0000
vn -0.9551 0.2962 -0.0000
vn -0.5361 0.8126 -0.2285
vn -0.2321 -0.9676 -0.0989
vn -0.1327 -0.9895 -0.0565
vn -0.4871 -0.8484 -0.2075
vn -0.5705 -0.5673 -0.5940
vn -0.5506 -0.6067 -0.5733
vn -0.6616 -0.2963 -0.6888
vn -0.6560 -0.3210 -0.6831
vn -0.6907 -0.0768 -0.7191
vn -0.6905 -0.0801 -0.7189
vn -0.6907 0.0768 -0.7191
vn -0.6905 0.0801 -0.7189
vn -0.6616 0.2963 -0.6888
vn -0.6560 0.3210 -0.6831
vn -0.5705 0.5673 -0.5940
vn -0.5506 0.6067 -0.5733
vn -0.4871 0.8484 -0.2075
vn -0.2321 0.9676 -0.0989
vn -0.1327 0.9895 -0.0565
vn -0.2322 -0.9676 0.0989
vn -0.4870 -0.8484 0.2076
vn -0.7949 -0.6067 -0.0000
vn -0.9471 -0.3209 -0.0000
vn -0.9968 -0.0800 -0.0000
vn -0.9968 0.0800 -0.0000
vn -0.9471 0.3209 -0.0000
vn -0.7949 0.6067 -0.0000
vn -0.4870 0.8484 0.2076
vn -0.2322 0.9676 0.0989
vn -0.5506 -0.6068 0.5733
vn -0.5704 -0.5674 0.5939
vn -0.6561 -0.3208 0.6831
vn -0.6617 -0.2959 0.6889
vn -0.6905 -0.0798 0.7189
vn -0.6907 -0.0765 0.7191
vn -0.6905 0.0798 0.7189
vn -0.6907 0.0765 0.7191
vn -0.6561 0.3209 0.6831
vn -0.5505 0.6069 0.5732
vn -0.5703 0.5675 0.5938
vn -0.2953 -0.9471 -0.1259
vn -0.9552 -0.2960 -0.0000
vn -0.9971 -0.0767 -0.0000
vn -0.9971 0.0767 -0.0000
vn -0.9552 0.2960 -0.0000
vn -0.2953 0.9471 -0.1259
vn -0.1202 -0.9468 -0.2984
vn -0.2184 -0.8113 -0.5422
vn -0.5705 -0.5672 -0.5940
vn -0.6617 -0.2960 -0.6889
vn -0.6615 -0.2968 -0.6887
vn -0.6617 0.2960 -0.6889
vn -0.6615 0.2968 -0.6887
vn -0.5705 0.5672 -0.5940
vn -0.2184 0.8113 -0.5422
vn -0.1202 0.9468 -0.2984
vn 0.1200 -0.9469 -0.2984
vn 0.0542 -0.9894 -0.1349
vn 0.2180 -0.8114 -0.5423
vn -0.0005 -0.5684 -0.8227
vn -0.0005 -0.5684 -0.8228
vn -0.0006 -0.2968 -0.9549
vn -0.0006 -0.2967 -0.9550
vn -0.0006 -0.0767 -0.9971
vn -0.0006 0.0767 -0.9971
vn -0.0006 0.2968 -0.9549
vn -0.0006 0.2967 -0.9550
vn -0.0005 0.5684 -0.8227
vn -0.0005 0.5684 -0.8228
vn 0.2180 0.8114 -0.5423
vn 0.1200 0.9469 -0.2984
vn 0.0542 0.9894 -0.1349
vn 0.5699 -0.5684 -0.5934
vn 0.6615 -0.2969 -0.6887
vn 0.6615 0.2969 -0.6887
vn 0.5699 0.5684 -0.5934
vn 0.2441 -0.9655 -0.0912
vn 0.1692 -0.9826 0.0772
vn 0.0597 -0.9978 0.0272
vn 0.1375 -0.9892 -0.0514
vn 0.5052 -0.8421 -0.1887
vn 0.5075 -0.7405 -0.4406
vn 0.7278 -0.6296 -0.2719
vn 0.6506 -0.5076 -0.5649
vn 0.7155 -0.3196 -0.6212
vn 0.7319 -0.2461 -0.6355
vn 0.7527 -0.0798 -0.6535
vn 0.7533 -0.0692 -0.6540
vn 0.7527 0.0798 -0.6535
vn 0.7533 0.0692 -0.6540
vn 0.7155 0.3196 -0.6212
vn 0.7319 0.2461 -0.6355
vn 0.7278 0.6296 -0.2719
vn 0.6506 0.5076 -0.5649
vn 0.5052 0.8421 -0.1887
vn 0.5075 0.7405 -0.4406
vn 0.2441 0.9655 -0.0912
vn 0.1692 0.9826 0.0772
vn 0.1375 0.9892 -0.0514
vn 0.0597 0.9978 0.0272
vn -0.1254 -0.9471 0.2956
vn -0.0563 -0.9895 0.1328
vn -0.0000 -0.7405 0.6720
vn -0.2276 -0.8125 0.5367
vn -0.0000 -0.5074 0.8617
vn -0.0000 -0.5673 0.8235
vn -0.0000 -0.2461 0.9693
vn -0.0000 -0.2961 0.9551
vn -0.0000 -0.0692 0.9976
vn -0.0000 -0.0768 0.9970
vn -0.0000 0.0692 0.9976
vn -0.0000 0.0768 0.9970
vn -0.0000 0.2461 0.9693
vn -0.0000 0.2961 0.9551
vn -0.0000 0.5074 0.8617
vn -0.0000 0.5673 0.8235
vn -0.0000 0.7405 0.6720
vn -0.2276 0.8125 0.5367
vn -0.1254 0.9471 0.2956
vn -0.0563 0.9895 0.1328
vn -0.2981 -0.9469 0.1206
vn -0.1347 -0.9894 0.0545
vn -0.5418 -0.8115 0.2191
vn -0.5919 -0.5675 0.5724
vn -0.5914 -0.5685 0.5719
vn -0.6866 -0.2962 0.6640
vn -0.6864 -0.2969 0.6638
vn -0.7167 -0.0767 0.6931
vn -0.7167 0.0767 0.6931
vn -0.6866 0.2962 0.6640
vn -0.6864 0.2969 0.6638
vn -0.5919 0.5675 0.5724
vn -0.5914 0.5685 0.5719
vn -0.5418 0.8115 0.2191
vn -0.2981 0.9469 0.1206
vn -0.1347 0.9894 0.0545
vn -0.3057 -0.9465 -0.1033
vn -0.1406 -0.9889 -0.0475
vn -0.5577 -0.8084 -0.1884
vn -0.8229 -0.5682 -0.0000
vn -0.7633 -0.5923 -0.2578
vn -0.9549 -0.2968 -0.0000
vn -0.9543 -0.2989 -0.0000
vn -0.9970 -0.0772 -0.0000
vn -0.9970 0.0772 -0.0000
vn -0.9549 0.2968 -0.0000
vn -0.9543 0.2989 -0.0000
vn -0.8229 0.5682 -0.0000
vn -0.7633 0.5923 -0.2578
vn -0.5577 0.8084 -0.1884
vn -0.3057 0.9465 -0.1033
vn -0.1406 0.9889 -0.0475
vn -0.2520 -0.9640 -0.0851
vn -0.5170 -0.8380 -0.1746
vn -0.7405 -0.6238 -0.2501
vn -0.7588 -0.2989 -0.5787
vn -0.7537 -0.3187 -0.5748
vn -0.7928 -0.0771 -0.6046
vn -0.7926 -0.0797 -0.6045
vn -0.7928 0.0771 -0.6046
vn -0.7926 0.0797 -0.6045
vn -0.7588 0.2989 -0.5787
vn -0.7537 0.3187 -0.5748
vn -0.7405 0.6238 -0.2501
vn -0.5170 0.8380 -0.1746
vn -0.2520 0.9640 -0.0851
vn -0.2510 -0.9642 0.0859
vn -0.1402 -0.9890 0.0480
vn -0.5155 -0.8385 0.1765
vn -0.7389 -0.6245 0.2530
vn -0.9479 -0.3185 -0.0000
vn -0.9479 -0.3186 -0.0000
vn -0.9968 -0.0797 -0.0000
vn -0.9968 0.0797 -0.0000
vn -0.9479 0.3185 -0.0000
vn -0.9479 0.3186 -0.0000
vn -0.7389 0.6245 0.2530
vn -0.5155 0.8385 0.1765
vn -0.2510 0.9642 0.0859
vn -0.1402 0.9890 0.0480
vn -0.3052 -0.9465 0.1045
vn -0.5567 -0.8085 0.1906
vn -0.7621 -0.5926 0.2609
vn -0.7490 -0.3186 0.5809
vn -0.7541 -0.2987 0.5849
vn -0.7877 -0.0797 0.6109
vn -0.7878 -0.0770 0.6111
vn -0.7877 0.0797 0.6109
vn -0.7878 0.0770 0.6111
vn -0.7490 0.3186 0.5809
vn -0.7541 0.2987 0.5849
vn -0.7621 0.5926 0.2609
vn -0.5567 0.8085 0.1906
vn -0.3052 0.9465 0.1045
vn -0.3018 -0.9467 -0.1129
vn -0.1374 -0.9892 -0.0514
vn -0.5493 -0.8099 -0.2056
vn -0.7528 -0.5949 -0.2817
vn -0.9543 -0.2987 -0.0000
vn -0.9547 -0.2977 -0.0000
vn -0.9970 -0.0771 -0.0000
vn -0.9970 -0.0770 -0.0000
vn -0.9970 0.0771 -0.0000
vn -0.9970 0.0770 -0.0000
vn -0.9543 0.2987 -0.0000
vn -0.9547 0.2977 -0.0000
vn -0.7528 0.5949 -0.2817
vn -0.5493 0.8099 -0.2056
vn -0.3018 0.9467 -0.1129
vn -0.1374 0.9892 -0.0514
vn -0.2439 -0.9655 -0.0913
vn -0.5050 -0.8422 -0.1890
vn -0.7276 -0.6296 -0.2723
vn -0.7201 -0.2978 -0.6267
vn -0.7148 -0.3195 -0.6221
vn -0.7521 -0.0770 -0.6545
vn -0.7519 -0.0799 -0.6544
vn -0.7521 0.0770 -0.6545
vn -0.7519 0.0799 -0.6544
vn -0.7201 0.2978 -0.6267
vn -0.7148 0.3195 -0.6221
vn -0.7276 0.6296 -0.2723
vn -0.5050 0.8422 -0.1890
vn -0.2439 0.9655 -0.0913
vn -0.2542 -0.9635 0.0834
vn -0.1414 -0.9889 0.0464
vn -0.5201 -0.8369 0.1707
vn -0.7438 -0.6222 0.2441
vn -0.9476 -0.3196 -0.0000
vn -0.9480 -0.3183 -0.0000
vn -0.9968 -0.0799 -0.0000
vn -0.9968 -0.0798 -0.0000
vn -0.9968 0.0799 -0.0000
vn -0.9968 0.0798 -0.0000
vn -0.9476 0.3196 -0.0000
vn -0.9480 0.3183 -0.0000
vn -0.7438 0.6222 0.2441
vn -0.5201 0.8369 0.1707
vn -0.2542 0.9635 0.0834
vn -0.1414 0.9889 0.0464
vn -0.3067 -0.9465 0.1006
vn -0.5598 -0.8080 0.1837
vn -0.7660 -0.5916 0.2514
vn -0.7636 -0.3184 0.5617
vn -0.7686 -0.2993 0.5653
vn -0.8030 -0.0799 0.5906
vn -0.8032 -0.0773 0.5907
vn -0.8030 0.0799 0.5906
vn -0.8032 0.0773 0.5907
vn -0.7636 0.3184 0.5617
vn -0.7686 0.2993 0.5653
vn -0.7660 0.5916 0.2514
vn -0.5598 0.8080 0.1837
vn -0.3067 0.9465 0.1006
vn -0.5361 -0.8127 -0.2284
vn -0.9542 -0.2991 -0.0000
vn -0.9542 0.2991 -0.0000
vn -0.5361 0.8127 -0.2284
vn -0.1201 -0.9469 -0.2984
vn -0.2182 -0.8113 -0.5423
vn -0.2182 0.8113 -0.5423
vn -0.1201 0.9469 -0.2984
vn 0.1576 -0.9855 -0.0634
vn 0.0548 -0.9983 -0.0221
vn -0.0000 -0.7370 -0.6759
vn -0.0000 -0.5683 -0.8228
vn -0.0000 -0.5022 -0.8648
vn -0.0000 -0.2968 -0.9549
vn -0.0000 -0.2396 -0.9709
vn -0.0000 -0.0768 -0.9970
vn -0.0000 -0.0679 -0.9977
vn -0.0000 0.0768 -0.9970
vn -0.0000 0.0679 -0.9977
vn -0.0000 0.2968 -0.9549
vn -0.0000 0.2396 -0.9709
vn -0.0000 0.5683 -0.8228
vn -0.0000 0.5022 -0.8648
vn -0.0000 0.7370 -0.6759
vn 0.1576 0.9855 -0.0634
vn 0.0548 0.9983 -0.0221
vn 0.1685 -0.9857 0.0022
vn 0.1105 -0.9939 0.0014
vn 0.4682 -0.7369 0.4875
vn 0.3694 -0.8460 0.3846
vn 0.5990 -0.5023 0.6237
vn 0.5394 -0.6274 0.5616
vn 0.6725 -0.2396 0.7002
vn 0.6527 -0.3349 0.6796
vn 0.6911 -0.0679 0.7196
vn 0.6904 -0.0821 0.7188
vn 0.6911 0.0679 0.7196
vn 0.6904 0.0821 0.7188
vn 0.6725 0.2396 0.7002
vn 0.6527 0.3349 0.6796
vn 0.5990 0.5023 0.6237
vn 0.5394 0.6274 0.5616
vn 0.4682 0.7369 0.4875
vn 0.3694 0.8460 0.3846
vn 0.1685 0.9857 0.0022
vn 0.1105 0.9939 0.0014
vn 0.1611 -0.9846 0.0672
vn 0.0562 -0.9981 0.0235
vn 0.3792 -0.8459 -0.3749
vn 0.4798 -0.7380 -0.4744
vn 0.5537 -0.6276 -0.5474
vn 0.6143 -0.5037 -0.6074
vn 0.6701 -0.3349 -0.6625
vn 0.6900 -0.2417 -0.6822
vn 0.7087 -0.0822 -0.7007
vn 0.7095 -0.0684 -0.7014
vn 0.7087 0.0822 -0.7007
vn 0.7095 0.0684 -0.7014
vn 0.6701 0.3349 -0.6625
vn 0.6900 0.2417 -0.6822
vn 0.5537 0.6276 -0.5474
vn 0.6143 0.5037 -0.6074
vn 0.3792 0.8459 -0.3749
vn 0.4798 0.7380 -0.4744
vn 0.1611 0.9846 0.0672
vn 0.0562 0.9981 0.0235
vn -0.0000 -0.7381 0.6747
vn 0.1993 -0.8455 0.4953
vn -0.0000 -0.5037 0.8639
vn -0.0000 -0.2416 0.9704
vn -0.0000 -0.3202 0.9473
vn -0.0000 -0.0683 0.9977
vn -0.0000 -0.0800 0.9968
vn -0.0000 0.0683 0.9977
vn -0.0000 0.0800 0.9968
vn -0.0000 0.2416 0.9704
vn -0.0000 0.3202 0.9473
vn -0.0000 0.5037 0.8639
vn -0.0000 0.7381 0.6747
vn 0.1993 0.8455 0.4953
vn 0.2322 -0.9676 0.0989
vn 0.5511 -0.6059 0.5738
vn 0.5506 -0.6068 0.5732
vn 0.6562 -0.3203 0.6832
vn 0.6561 -0.3209 0.6831
vn 0.6562 0.3203 0.6832
vn 0.6561 0.3209 0.6831
vn 0.5511 0.6059 0.5738
vn 0.5506 0.6068 0.5732
vn 0.2322 0.9676 0.0989
vn 0.1327 -0.9896 -0.0565
vn 0.7949 -0.6068 -0.0000
vn 0.9471 -0.3208 -0.0000
vn 0.9471 -0.3209 -0.0000
vn 0.9471 0.3208 -0.0000
vn 0.9471 0.3209 -0.0000
vn 0.7949 0.6068 -0.0000
vn 0.0956 -0.9667 -0.2376
vn 0.0543 -0.9894 -0.1348
vn 0.1994 -0.8455 -0.4953
vn 0.5506 -0.6068 -0.5733
vn 0.5511 -0.6058 -0.5738
vn 0.6561 -0.3209 -0.6831
vn 0.6562 -0.3203 -0.6832
vn 0.6905 -0.0800 -0.7189
vn 0.6905 0.0800 -0.7189
vn 0.6561 0.3209 -0.6831
vn 0.6562 0.3203 -0.6832
vn 0.5506 0.6068 -0.5733
vn 0.5511 0.6058 -0.5738
vn 0.1994 0.8455 -0.4953
vn 0.0956 0.9667 -0.2376
vn 0.0543 0.9894 -0.1348
vn 0.1980 -0.9600 -0.1980
vn 0.0787 -0.9938 -0.0787
vn -0.0000 -0.7658 -0.6430
vn -0.0000 -0.6057 -0.7957
vn -0.0000 -0.5417 -0.8406
vn -0.0000 -0.3203 -0.9473
vn -0.0000 -0.2785 -0.9604
vn -0.0000 -0.0801 -0.9968
vn -0.0000 -0.0745 -0.9972
vn -0.0000 0.0801 -0.9968
vn -0.0000 0.0745 -0.9972
vn -0.0000 0.3203 -0.9473
vn -0.0000 0.2785 -0.9604
vn -0.0000 0.6057 -0.7957
vn -0.0000 0.5417 -0.8406
vn -0.0000 0.7658 -0.6430
vn 0.1980 0.9600 -0.1980
vn 0.0787 0.9938 -0.0787
vn 0.2531 -0.9518 0.1736
vn 0.1068 -0.9916 0.0732
vn 0.6430 -0.7658 -0.0000
vn 0.4578 -0.8318 0.3139
vn 0.8406 -0.5417 -0.0000
vn 0.8318 -0.5550 -0.0000
vn 0.9605 -0.2784 -0.0000
vn 0.9576 -0.2881 -0.0000
vn 0.9972 -0.0744 -0.0000
vn 0.9971 -0.0757 -0.0000
vn 0.9972 0.0744 -0.0000
vn 0.9971 0.0757 -0.0000
vn 0.9605 0.2784 -0.0000
vn 0.9576 0.2881 -0.0000
vn 0.8406 0.5417 -0.0000
vn 0.8318 0.5550 -0.0000
vn 0.6430 0.7658 -0.0000
vn 0.4578 0.8318 0.3139
vn 0.2531 0.9518 0.1736
vn 0.1068 0.9916 0.0732
vn 0.1750 -0.9772 0.1200
vn 0.3917 -0.8800 0.2686
vn 0.2997 -0.5550 0.7760
vn 0.2836 -0.6167 0.7343
vn 0.3450 -0.2881 0.8933
vn 0.3404 -0.3274 0.8815
vn 0.3592 -0.0758 0.9302
vn 0.3590 -0.0811 0.9298
vn 0.3592 0.0758 0.9302
vn 0.3590 0.0811 0.9298
vn 0.3450 0.2881 0.8933
vn 0.3404 0.3274 0.8815
vn 0.2997 0.5550 0.7760
vn 0.2836 0.6167 0.7343
vn 0.3917 0.8800 0.2686
vn 0.1750 0.9772 0.1200
vn 0.1737 -0.9774 -0.1202
vn 0.1062 -0.9916 -0.0735
vn 0.3893 -0.8808 -0.2696
vn 0.7872 -0.6167 -0.0000
vn 0.7870 -0.6170 -0.0000
vn 0.9449 -0.3275 -0.0000
vn 0.9448 -0.3276 -0.0000
vn 0.9967 -0.0811 -0.0000
vn 0.9967 0.0811 -0.0000
vn 0.9449 0.3275 -0.0000
vn 0.9448 0.3276 -0.0000
vn 0.7872 0.6167 -0.0000
vn 0.7870 0.6170 -0.0000
vn 0.3893 0.8808 -0.2696
vn 0.1737 0.9774 -0.1202
vn 0.1062 0.9916 -0.0735
vn 0.2519 -0.9519 -0.1744
vn 0.4557 -0.8324 -0.3155
vn 0.2770 -0.6170 -0.7366
vn 0.2929 -0.5549 -0.7787
vn 0.3326 -0.3276 -0.8843
vn 0.3371 -0.2879 -0.8964
vn 0.3509 -0.0810 -0.9329
vn 0.3510 -0.0756 -0.9333
vn 0.3509 0.0810 -0.9329
vn 0.3510 0.0756 -0.9333
vn 0.3326 0.3276 -0.8843
vn 0.3371 0.2879 -0.8964
vn 0.2770 0.6170 -0.7366
vn 0.2929 0.5549 -0.7787
vn 0.4557 0.8324 -0.3155
vn 0.2519 0.9519 -0.1744
vn 0.8320 -0.5547 -0.0000
vn 0.9577 -0.2877 -0.0000
vn 0.9971 -0.0756 -0.0000
vn 0.9971 0.0756 -0.0000
vn 0.9577 0.2877 -0.0000
vn 0.8320 0.5547 -0.0000
vn 0.5705 -0.5673 0.5940
vn 0.6907 -0.0767 0.7191
vn 0.6907 0.0767 0.7191
vn 0.5705 0.5673 0.5940
vn 0.9476 -0.3195 -0.0000
vn 0.9968 -0.0798 -0.0000
vn 0.9968 0.0798 -0.0000
vn 0.9476 0.3195 -0.0000
vn 0.2515 -0.9520 0.1746
vn 0.0570 -0.9472 0.3154
vn 0.0274 -0.9881 0.1515
vn 0.1060 -0.9916 0.0736
vn 0.4551 -0.8325 0.3159
vn 0.1055 -0.8049 0.5839
vn 0.2911 -0.5546 0.7795
vn 0.1441 -0.5853 0.7979
vn 0.3351 -0.2878 0.8972
vn 0.1692 -0.3081 0.9362
vn 0.3489 -0.0757 0.9341
vn 0.1772 -0.0791 0.9810
vn 0.3489 0.0757 0.9341
vn 0.1772 0.0791 0.9810
vn 0.3351 0.2878 0.8972
vn 0.1692 0.3081 0.9362
vn 0.2911 0.5546 0.7795
vn 0.1441 0.5853 0.7979
vn 0.4551 0.8325 0.3159
vn 0.1055 0.8049 0.5839
vn 0.2515 0.9520 0.1746
vn 0.0570 0.9472 0.3154
vn 0.1060 0.9916 0.0736
vn 0.0274 0.9881 0.1515
vn -0.0565 -0.9473 0.3155
vn -0.0271 -0.9881 0.1516
vn -0.1045 -0.8049 0.5841
vn -0.1428 -0.5852 0.7982
vn -0.1676 -0.3081 0.9365
vn -0.1756 -0.0791 0.9813
vn -0.1756 0.0791 0.9813
vn -0.1676 0.3081 0.9365
vn -0.1428 0.5852 0.7982
vn -0.1045 0.8049 0.5841
vn -0.0565 0.9473 0.3155
vn -0.0271 0.9881 0.1516
vn -0.2511 -0.9520 0.1749
vn -0.1058 -0.9917 0.0736
vn -0.2183 -0.7770 0.5905
vn -0.2886 -0.5545 0.7805
vn -0.3322 -0.2877 0.8983
vn -0.3458 -0.0757 0.9352
vn -0.3458 0.0757 0.9352
vn -0.3322 0.2877 0.8983
vn -0.2886 0.5545 0.7805
vn -0.2183 0.7770 0.5905
vn -0.2511 0.9520 0.1749
vn -0.1058 0.9917 0.0736
vn -0.2521 -0.9519 -0.1742
vn -0.1063 -0.9916 -0.0735
vn -0.6295 -0.7770 -0.0000
vn -0.4560 -0.8323 -0.3152
vn -0.8321 -0.5546 -0.0000
vn -0.8319 -0.5549 -0.0000
vn -0.9577 -0.2877 -0.0000
vn -0.9577 -0.2878 -0.0000
vn -0.9971 -0.0756 -0.0000
vn -0.9971 0.0756 -0.0000
vn -0.9577 0.2877 -0.0000
vn -0.9577 0.2879 -0.0000
vn -0.8321 0.5546 -0.0000
vn -0.8319 0.5549 -0.0000
vn -0.6295 0.7770 -0.0000
vn -0.4560 0.8323 -0.3152
vn -0.2521 0.9519 -0.1742
vn -0.1063 0.9916 -0.0735
vn -0.0579 -0.9472 -0.3153
vn -0.0278 -0.9881 -0.1514
vn -0.1071 -0.8049 -0.5836
vn -0.2940 -0.5548 -0.7783
vn -0.1464 -0.5853 -0.7975
vn -0.3385 -0.2879 -0.8959
vn -0.1718 -0.3081 -0.9357
vn -0.3524 -0.0758 -0.9328
vn -0.1800 -0.0791 -0.9805
vn -0.3524 0.0758 -0.9328
vn -0.1800 0.0791 -0.9805
vn -0.3385 0.2879 -0.8959
vn -0.1718 0.3081 -0.9357
vn -0.2940 0.5548 -0.7783
vn -0.1464 0.5853 -0.7975
vn -0.1071 0.8049 -0.5836
vn -0.0579 0.9472 -0.3153
vn -0.0278 0.9881 -0.1514
vn 0.0573 -0.9472 -0.3155
vn 0.0275 -0.9881 -0.1514
vn 0.1060 -0.8049 -0.5838
vn 0.1449 -0.5853 -0.7977
vn 0.1700 -0.3081 -0.9360
vn 0.1782 -0.0790 -0.9808
vn 0.1782 0.0790 -0.9808
vn 0.1700 0.3081 -0.9360
vn 0.1449 0.5853 -0.7977
vn 0.1060 0.8049 -0.5838
vn 0.0573 0.9472 -0.3155
vn 0.0275 0.9881 -0.1514
vn 0.2520 -0.9519 -0.1742
vn 0.1063 -0.9916 -0.0734
vn 0.4560 -0.8323 -0.3152
vn 0.2940 -0.5548 -0.7783
vn 0.3385 -0.2879 -0.8959
vn 0.3524 -0.0757 -0.9328
vn 0.3524 0.0757 -0.9328
vn 0.3385 0.2879 -0.8959
vn 0.2940 0.5548 -0.7783
vn 0.4560 0.8323 -0.3152
vn 0.2520 0.9519 -0.1742
vn 0.1063 0.9916 -0.0735
vn 0.8320 -0.5548 -0.0000
vn 0.8321 -0.5547 -0.0000
vn 0.9577 -0.2878 -0.0000
vn 0.9577 0.2878 -0.0000
vn 0.8320 0.5548 -0.0000
vn 0.8321 0.5547 -0.0000
vn 0.1954 -0.9739 0.1151
vn 0.1955 -0.9739 -0.1151
vn 0.1165 -0.9908 -0.0686
vn 0.1165 -0.9908 0.0686
vn 0.4273 -0.8684 0.2516
vn 0.4273 -0.8684 -0.2517
vn 0.7899 -0.6132 -0.0000
vn 0.7900 -0.6132 -0.0000
vn 0.9457 -0.3251 -0.0000
vn 0.9967 -0.0807 -0.0000
vn 0.9967 0.0807 -0.0000
vn 0.9457 0.3251 -0.0000
vn 0.7899 0.6132 -0.0000
vn 0.7900 0.6132 -0.0000
vn 0.4273 0.8684 0.2516
vn 0.4273 0.8684 -0.2517
vn 0.1954 0.9739 0.1151
vn 0.1955 0.9739 -0.1151
vn 0.1165 0.9908 0.0686
vn 0.1165 0.9908 -0.0686
vn 0.0696 -0.9606 -0.2690
vn 0.0380 -0.9885 -0.1467
vn 0.1400 -0.8293 -0.5410
vn 0.3832 -0.6132 -0.6908
vn 0.1981 -0.6121 -0.7656
vn 0.4587 -0.3251 -0.8270
vn 0.2368 -0.3258 -0.9153
vn 0.4835 -0.0807 -0.8716
vn 0.2497 -0.0822 -0.9648
vn 0.4835 0.0807 -0.8716
vn 0.2497 0.0822 -0.9648
vn 0.4587 0.3251 -0.8270
vn 0.2368 0.3258 -0.9153
vn 0.3832 0.6132 -0.6908
vn 0.1981 0.6121 -0.7656
vn 0.1400 0.8293 -0.5410
vn 0.0696 0.9606 -0.2690
vn 0.0380 0.9885 -0.1467
vn -0.0696 -0.9606 -0.2690
vn -0.0380 -0.9884 -0.1467
vn -0.1400 -0.8293 -0.5410
vn -0.1981 -0.6120 -0.7656
vn -0.2368 -0.3258 -0.9153
vn -0.2496 -0.0822 -0.9649
vn -0.2496 0.0822 -0.9649
vn -0.2368 0.3258 -0.9153
vn -0.1981 0.6120 -0.7656
vn -0.1400 0.8293 -0.5410
vn -0.0696 0.9606 -0.2690
vn -0.0380 0.9884 -0.1467
vn -0.1954 -0.9739 -0.1151
vn -0.1165 -0.9908 -0.0686
vn -0.4273 -0.8684 -0.2517
vn -0.3831 -0.6131 -0.6909
vn -0.4586 -0.3251 -0.8270
vn -0.4833 -0.0808 -0.8717
vn -0.4833 0.0808 -0.8717
vn -0.4586 0.3251 -0.8270
vn -0.3831 0.6131 -0.6909
vn -0.4273 0.8684 -0.2517
vn -0.1954 0.9739 -0.1151
vn -0.1165 0.9908 -0.0686
vn -0.1954 -0.9739 0.1151
vn -0.1165 -0.9908 0.0686
vn -0.4273 -0.8684 0.2517
vn -0.7900 -0.6131 -0.0000
vn -0.9457 -0.3251 -0.0000
vn -0.9967 -0.0808 -0.0000
vn -0.9967 0.0808 -0.0000
vn -0.9457 0.3251 -0.0000
vn -0.7900 0.6131 -0.0000
vn -0.4273 0.8684 0.2517
vn -0.1954 0.9739 0.1151
vn -0.1165 0.9908 0.0686
vn -0.0692 -0.9607 0.2689
vn -0.0378 -0.9885 0.1467
vn -0.1393 -0.8294 0.5410
vn -0.3830 -0.6131 0.6909
vn -0.1971 -0.6122 0.7658
vn -0.4585 -0.3251 0.8271
vn -0.2357 -0.3258 0.9156
vn -0.4833 -0.0808 0.8717
vn -0.2484 -0.0822 0.9652
vn -0.4833 0.0808 0.8717
vn -0.2484 0.0822 0.9652
vn -0.4585 0.3251 0.8271
vn -0.2357 0.3258 0.9156
vn -0.3830 0.6131 0.6909
vn -0.1971 0.6122 0.7658
vn -0.1393 0.8294 0.5410
vn -0.0692 0.9607 0.2689
vn -0.0378 0.9885 0.1468
vn 0.0699 -0.9606 0.2691
vn 0.0381 -0.9884 0.1467
vn 0.1406 -0.8292 0.5410
vn 0.1990 -0.6119 0.7655
vn 0.2379 -0.3256 0.9151
vn 0.2507 -0.0820 0.9646
vn 0.2507 0.0820 0.9646
vn 0.2379 0.3256 0.9151
vn 0.1990 0.6119 0.7655
vn 0.1406 0.8292 0.5410
vn 0.0699 0.9606 0.2691
vn 0.0381 0.9884 0.1467
vn 0.3831 -0.6131 0.6909
vn 0.4586 -0.3250 0.8271
vn 0.4834 -0.0807 0.8717
vn 0.4834 0.0807 0.8717
vn 0.4586 0.3250 0.8271
vn 0.3831 0.6131 0.6909
vn -0.1203 -0.9854 -0.1203
vn -0.3008 -0.9534 0.0223
vn -0.1556 -0.9878 0.0115
vn -0.0787 -0.9938 -0.0787
vn -0.5338 -0.8456 -0.0000
vn -0.5804 -0.8132 0.0430
vn -0.7789 -0.6271 -0.0000
vn -0.8035 -0.5923 0.0596
vn -0.9423 -0.3346 -0.0000
vn -0.9475 -0.3120 0.0702
vn -0.9966 -0.0822 -0.0000
vn -0.9942 -0.0790 0.0737
vn -0.9966 0.0822 -0.0000
vn -0.9942 0.0790 0.0737
vn -0.9423 0.3346 -0.0000
vn -0.9475 0.3120 0.0702
vn -0.7789 0.6271 -0.0000
vn -0.8035 0.5923 0.0596
vn -0.5338 0.8456 -0.0000
vn -0.5803 0.8132 0.0430
vn -0.1203 0.9854 -0.1203
vn -0.3008 0.9534 0.0223
vn -0.0787 0.9938 -0.0787
vn -0.1556 0.9878 0.0115
vn -0.1224 -0.9823 0.1420
vn -0.0778 -0.9929 0.0902
vn -0.5336 -0.8420 0.0795
vn -0.7739 -0.6227 0.1154
vn -0.9331 -0.3315 0.1391
vn -0.9858 -0.0817 0.1469
vn -0.9858 0.0816 0.1469
vn -0.9331 0.3315 0.1391
vn -0.7739 0.6227 0.1154
vn -0.5336 0.8420 0.0795
vn -0.1224 0.9823 0.1420
vn -0.0778 0.9929 0.0902
vn 0.1203 -0.9854 0.1203
vn 0.0787 -0.9938 0.0787
vn -0.0000 -0.8420 0.5395
vn -0.0000 -0.8456 0.5338
vn -0.0000 -0.6227 0.7824
vn -0.0000 -0.6271 0.7790
vn -0.0000 -0.3316 0.9434
vn -0.0000 -0.3346 0.9424
vn -0.0000 -0.0818 0.9966
vn -0.0000 -0.0823 0.9966
vn -0.0000 0.0818 0.9966
vn -0.0000 0.0823 0.9966
vn -0.0000 0.3316 0.9434
vn -0.0000 0.3346 0.9424
vn -0.0000 0.6227 0.7824
vn -0.0000 0.6271 0.7790
vn -0.0000 0.8420 0.5395
vn -0.0000 0.8456 0.5338
vn 0.1203 0.9854 0.1203
vn 0.0787 0.9938 0.0787
vn 0.1203 -0.9854 -0.1203
vn 0.5338 -0.8456 -0.0000
vn 0.7790 -0.6271 -0.0000
vn 0.9424 -0.3345 -0.0000
vn 0.9966 -0.0822 -0.0000
vn 0.9966 0.0822 -0.0000
vn 0.9424 0.3345 -0.0000
vn 0.7790 0.6271 -0.0000
vn 0.5338 0.8456 -0.0000
vn 0.1203 0.9854 -0.1203
vn -0.0000 -0.8456 -0.5338
vn -0.0000 -0.6271 -0.7790
vn -0.0000 -0.3346 -0.9424
vn -0.0000 -0.0823 -0.9966
vn -0.0000 0.0823 -0.9966
vn -0.0000 0.3346 -0.9424
vn -0.0000 0.6271 -0.7790
vn -0.0000 0.8456 -0.5338
vn -0.1186 -0.9857 0.1201
vn -0.0778 -0.9939 0.0787
vn -0.5333 -0.8459 -0.0000
vn -0.7790 -0.6271 -0.0000
vn -0.7787 -0.6274 -0.0000
vn -0.9424 -0.3346 -0.0000
vn -0.9423 -0.3349 -0.0000
vn -0.9966 -0.0823 -0.0000
vn -0.9966 0.0823 -0.0000
vn -0.9424 0.3346 -0.0000
vn -0.9423 0.3349 -0.0000
vn -0.7790 0.6271 -0.0000
vn -0.7787 0.6274 -0.0000
vn -0.5333 0.8459 -0.0000
vn -0.1186 0.9857 0.1201
vn -0.0778 0.9939 0.0787
vn 0.1221 -0.9852 0.1206
vn 0.0796 -0.9937 0.0787
vn 0.0064 -0.8459 0.5333
vn 0.0064 -0.8453 0.5342
vn 0.0093 -0.6274 0.7787
vn 0.0093 -0.6267 0.7792
vn 0.0112 -0.3349 0.9422
vn 0.0112 -0.3344 0.9424
vn 0.0119 -0.0823 0.9965
vn 0.0119 -0.0822 0.9965
vn 0.0119 0.0823 0.9965
vn 0.0119 0.0822 0.9965
vn 0.0112 0.3349 0.9422
vn 0.0112 0.3344 0.9424
vn 0.0093 0.6274 0.7787
vn 0.0093 0.6267 0.7792
vn 0.0064 0.8459 0.5333
vn 0.0064 0.8453 0.5342
vn 0.1220 0.9852 0.1206
vn 0.0796 0.9937 0.0787
vn 0.5343 -0.8453 -0.0000
vn 0.7792 -0.6267 -0.0000
vn 0.9424 -0.3344 -0.0000
vn 0.9424 -0.3346 -0.0000
vn 0.9966 -0.0823 -0.0000
vn 0.9966 0.0823 -0.0000
vn 0.9424 0.3344 -0.0000
vn 0.9424 0.3346 -0.0000
vn 0.7793 0.6267 -0.0000
vn 0.5343 0.8453 -0.0000
vn 0.2786 -0.9604 -0.0034
vn 0.1237 -0.9470 0.2965
vn 0.0557 -0.9895 0.1335
vn 0.1104 -0.9939 -0.0014
vn 0.4573 -0.7654 0.4529
vn 0.2246 -0.8122 0.5384
vn 0.5975 -0.5411 0.5917
vn 0.5850 -0.5677 0.5793
vn 0.6826 -0.2779 0.6759
vn 0.6786 -0.2964 0.6720
vn 0.7086 -0.0743 0.7017
vn 0.7085 -0.0768 0.7016
vn 0.7086 0.0743 0.7017
vn 0.7085 0.0768 0.7016
vn 0.6826 0.2779 0.6759
vn 0.6786 0.2964 0.6720
vn 0.5975 0.5411 0.5917
vn 0.5850 0.5677 0.5793
vn 0.4573 0.7654 0.4529
vn 0.2246 0.8122 0.5384
vn 0.2786 0.9604 -0.0034
vn 0.1237 0.9470 0.2965
vn 0.1104 0.9939 -0.0014
vn 0.0557 0.9895 0.1335
vn -0.1249 -0.9471 0.2957
vn -0.0562 -0.9895 0.1330
vn -0.2269 -0.8125 0.5369
vn -0.0000 -0.5677 0.8232
vn -0.0000 -0.5674 0.8234
vn -0.0000 -0.2963 0.9551
vn -0.0000 -0.2961 0.9552
vn -0.0000 0.2963 0.9551
vn -0.0000 0.2961 0.9552
vn -0.0000 0.5677 0.8232
vn -0.0000 0.5674 0.8234
vn -0.2269 0.8125 0.5369
vn -0.1249 0.9471 0.2957
vn -0.0562 0.9895 0.1330
vn -0.2831 -0.9591 0.0008
vn -0.1132 -0.9936 0.0004
vn -0.4601 -0.7670 0.4472
vn -0.5904 -0.5676 0.5739
vn -0.6020 -0.5433 0.5852
vn -0.6849 -0.2962 0.6657
vn -0.6885 -0.2793 0.6693
vn -0.7149 -0.0766 0.6950
vn -0.7151 -0.0744 0.6951
vn -0.7149 0.0766 0.6950
vn -0.7151 0.0744 0.6951
vn -0.6849 0.2962 0.6657
vn -0.6885 0.2793 0.6693
vn -0.5904 0.5676 0.5739
vn -0.6020 0.5433 0.5852
vn -0.4601 0.7670 0.4472
vn -0.2831 0.9591 0.0008
vn -0.1132 0.9936 0.0004
vn -0.1257 -0.9471 -0.2953
vn -0.0564 -0.9896 -0.1326
vn -0.4627 -0.7670 -0.4446
vn -0.2282 -0.8127 -0.5362
vn -0.6056 -0.5429 -0.5818
vn -0.5940 -0.5671 -0.5706
vn -0.6924 -0.2794 -0.6652
vn -0.6888 -0.2960 -0.6617
vn -0.7191 -0.0746 -0.6909
vn -0.7190 -0.0768 -0.6908
vn -0.7191 0.0746 -0.6909
vn -0.7190 0.0768 -0.6908
vn -0.6924 0.2794 -0.6652
vn -0.6888 0.2960 -0.6617
vn -0.6056 0.5429 -0.5818
vn -0.5940 0.5671 -0.5706
vn -0.4627 0.7670 -0.4446
vn -0.2282 0.8127 -0.5362
vn -0.1257 0.9471 -0.2953
vn -0.0564 0.9896 -0.1326
vn 0.1202 -0.9469 -0.2983
vn 0.2185 -0.8114 -0.5422
vn 0.0007 -0.5672 -0.8236
vn 0.0007 -0.5684 -0.8227
vn 0.0008 -0.2963 -0.9551
vn 0.0008 -0.2971 -0.9549
vn 0.0008 -0.0769 -0.9970
vn 0.0008 -0.0770 -0.9970
vn 0.0008 0.0769 -0.9970
vn 0.0008 0.0770 -0.9970
vn 0.0008 0.2963 -0.9551
vn 0.0008 0.2971 -0.9549
vn 0.0007 0.5672 -0.8236
vn 0.0007 0.5684 -0.8227
vn 0.2185 0.8114 -0.5422
vn 0.1202 0.9469 -0.2983
vn 0.4458 -0.7653 -0.4642
vn 0.5825 -0.5412 -0.6065
vn 0.6654 -0.2778 -0.6928
vn 0.6907 -0.0767 -0.7191
vn 0.6908 -0.0742 -0.7192
vn 0.6907 0.0767 -0.7191
vn 0.6908 0.0742 -0.7192
vn 0.6654 0.2778 -0.6928
vn 0.5825 0.5412 -0.6065
vn 0.4458 0.7653 -0.4642
vn 0.0955 -0.9667 -0.2375
vn -0.0957 -0.9666 -0.2376
vn -0.0543 -0.9894 -0.1348
vn 0.0542 -0.9894 -0.1348
vn 0.1992 -0.8455 -0.4954
vn -0.1995 -0.8455 -0.4954
vn -0.0005 -0.6057 -0.7957
vn -0.0006 -0.3201 -0.9474
vn -0.0007 -0.0798 -0.9968
vn -0.0007 0.0798 -0.9968
vn -0.0006 0.3201 -0.9474
vn -0.0005 0.6057 -0.7957
vn 0.1992 0.8455 -0.4954
vn -0.1995 0.8455 -0.4954
vn 0.0955 0.9667 -0.2375
vn -0.0957 0.9667 -0.2376
vn 0.0542 0.9894 -0.1348
vn -0.0543 0.9894 -0.1348
vn -0.1654 -0.9862 -0.0000
vn -0.1090 -0.9940 -0.0000
vn -0.3686 -0.8467 -0.3838
vn -0.5512 -0.6057 -0.5739
vn -0.5389 -0.6283 -0.5611
vn -0.6562 -0.3201 -0.6833
vn -0.6526 -0.3353 -0.6795
vn -0.6905 -0.0799 -0.7189
vn -0.6904 -0.0822 -0.7188
vn -0.6905 0.0799 -0.7189
vn -0.6904 0.0822 -0.7188
vn -0.6562 0.3201 -0.6833
vn -0.6526 0.3353 -0.6795
vn -0.5512 0.6057 -0.5739
vn -0.5389 0.6283 -0.5611
vn -0.3686 0.8467 -0.3838
vn -0.1654 0.9862 -0.0000
vn -0.1091 0.9940 -0.0000
vn -0.0956 -0.9667 0.2375
vn -0.3686 -0.8466 0.3839
vn -0.1993 -0.8455 0.4953
vn -0.5388 -0.6284 0.5611
vn -0.5510 -0.6058 0.5739
vn -0.6525 -0.3355 0.6795
vn -0.6561 -0.3203 0.6833
vn -0.6903 -0.0823 0.7189
vn -0.6904 -0.0800 0.7190
vn -0.6903 0.0823 0.7189
vn -0.6904 0.0800 0.7190
vn -0.6525 0.3355 0.6795
vn -0.6561 0.3203 0.6833
vn -0.5388 0.6284 0.5611
vn -0.5510 0.6058 0.5739
vn -0.3686 0.8466 0.3839
vn -0.1993 0.8455 0.4953
vn 0.0956 -0.9667 0.2375
vn 0.1993 -0.8456 0.4952
vn -0.0000 -0.3203 0.9473
vn -0.0000 0.3203 0.9473
vn 0.1993 0.8456 0.4952
vn 0.0956 0.9667 0.2375
vn 0.1654 -0.9862 -0.0000
vn 0.1091 -0.9940 -0.0000
vn 0.3686 -0.8467 0.3838
vn 0.5388 -0.6284 0.5610
vn 0.6526 -0.3355 0.6794
vn 0.6903 -0.0823 0.7188
vn 0.6903 0.0823 0.7188
vn 0.6526 0.3355 0.6794
vn 0.5511 0.6058 0.5738
vn 0.5388 0.6284 0.5610
vn 0.3686 0.8467 0.3838
vn 0.1654 0.9862 -0.0000
vn 0.1091 0.9940 -0.0000
vn 0.3687 -0.8466 -0.3838
vn 0.5389 -0.6283 -0.5611
vn 0.5512 -0.6057 -0.5739
vn 0.6526 -0.3355 -0.6794
vn 0.6904 -0.0823 -0.7188
vn 0.6904 0.0823 -0.7188
vn 0.6526 0.3355 -0.6794
vn 0.5389 0.6283 -0.5611
vn 0.5512 0.6057 -0.5739
vn 0.3687 0.8466 -0.3838
vn 0.0956 -0.9667 -0.2375
vn -0.0956 -0.9667 -0.2376
vn -0.1994 -0.8455 -0.4953
vn -0.0000 -0.3202 -0.9474
vn -0.0000 -0.0799 -0.9968
vn -0.0000 0.0799 -0.9968
vn -0.0000 0.3202 -0.9474
vn -0.1994 0.8455 -0.4953
vn 0.0956 0.9667 -0.2375
vn -0.0956 0.9667 -0.2376
vn -0.2182 -0.8114 -0.5422
vn -0.5511 -0.6058 -0.5738
vn -0.5511 0.6058 -0.5738
vn -0.2182 0.8114 -0.5422
vn 0.1200 -0.9469 -0.2983
vn 0.2182 -0.8114 -0.5423
vn -0.0000 -0.0769 -0.9970
vn -0.0000 0.0769 -0.9970
vn 0.2182 0.8114 -0.5423
vn 0.1200 0.9469 -0.2983
vn 0.5361 -0.8127 -0.2285
vn 0.5698 -0.5683 -0.5936
vn 0.5704 -0.5671 -0.5942
vn 0.6613 -0.2969 -0.6889
vn 0.6615 -0.2962 -0.6890
vn 0.6905 -0.0770 -0.7192
vn 0.6905 -0.0769 -0.7193
vn 0.6905 0.0770 -0.7192
vn 0.6905 0.0769 -0.7193
vn 0.6613 0.2969 -0.6889
vn 0.6615 0.2962 -0.6890
vn 0.5698 0.5683 -0.5936
vn 0.5704 0.5671 -0.5942
vn 0.5361 0.8127 -0.2285
vn 0.5361 -0.8127 0.2285
vn 0.5361 0.8127 0.2285
vn 0.5704 -0.5671 0.5942
vn 0.5505 -0.6067 0.5735
vn 0.6615 -0.2961 0.6890
vn 0.6559 -0.3208 0.6832
vn 0.6905 -0.0769 0.7192
vn 0.6903 -0.0802 0.7190
vn 0.6905 0.0769 0.7192
vn 0.6903 0.0802 0.7190
vn 0.6615 0.2961 0.6890
vn 0.6559 0.3208 0.6832
vn 0.5704 0.5671 0.5942
vn 0.5505 0.6067 0.5735
vn 0.9968 -0.0802 -0.0000
vn 0.9968 0.0802 -0.0000
vn 0.6616 -0.2962 -0.6889
vn 0.6616 0.2962 -0.6889
vn 0.5699 -0.5683 0.5934
vn 0.6615 -0.2968 0.6887
vn 0.6615 0.2968 0.6887
vn 0.5699 0.5683 0.5934
vn -0.0000 -0.2969 0.9549
vn -0.1994 -0.8455 0.4953
vn -0.6562 -0.3202 0.6833
vn -0.6905 -0.0800 0.7189
vn -0.6905 0.0800 0.7189
vn -0.6562 0.3202 0.6833
vn -0.1994 0.8455 0.4953
vn -0.0956 0.9667 0.2375
vn 0.1994 -0.8455 0.4953
vn -0.0000 -0.6057 0.7957
vn -0.0000 -0.0801 0.9968
vn -0.0000 0.0801 0.9968
vn -0.0000 0.6057 0.7957
vn 0.1994 0.8455 0.4953
vn 0.2182 -0.8113 0.5423
vn 0.5511 -0.6058 0.5738
vn 0.6905 -0.0801 0.7189
vn 0.6905 0.0801 0.7189
vn 0.2182 0.8113 0.5423
vn -0.0000 0.2969 0.9549
vn -0.1327 -0.9896 0.0565
vn -0.5361 -0.8127 0.2284
vn -0.5361 0.8127 0.2284
vn -0.8235 -0.5673 -0.0000
vn -0.8235 0.5673 -0.0000
vn -0.1327 0.9896 -0.0565
vn -0.2322 -0.9676 -0.0989
vn -0.4870 -0.8484 -0.2075
vn -0.5506 -0.6068 -0.5733
vn -0.6616 -0.2961 -0.6889
vn -0.6561 -0.3208 -0.6831
vn -0.6905 -0.0800 -0.7189
vn -0.6905 0.0800 -0.7189
vn -0.6616 0.2961 -0.6889
vn -0.6561 0.3208 -0.6831
vn -0.5506 0.6068 -0.5733
vn -0.4870 0.8484 -0.2075
vn -0.2322 0.9676 -0.0989
vn -0.4870 -0.8484 0.2075
vn -0.9472 -0.3208 -0.0000
vn -0.9472 0.3208 -0.0000
vn -0.4870 0.8484 0.2075
vn -0.6561 -0.3207 0.6831
vn -0.6561 0.3207 0.6831
vn -0.6617 0.2959 0.6889
vn -0.5506 0.6068 0.5733
vn -0.5704 0.5674 0.5939
vn -0.1198 -0.9469 -0.2984
vn -0.0541 -0.9894 -0.1349
vn -0.2177 -0.8114 -0.5424
vn -0.2177 0.8114 -0.5424
vn -0.1198 0.9469 -0.2984
vn -0.0541 0.9894 -0.1349
vn 0.1204 -0.9469 -0.2982
vn 0.0544 -0.9894 -0.1349
vn 0.2188 -0.8113 -0.5422
vn 0.0015 -0.5682 -0.8229
vn 0.0015 -0.5683 -0.8228
vn 0.0018 -0.2967 -0.9550
vn 0.0018 -0.2968 -0.9549
vn 0.0019 -0.0767 -0.9970
vn 0.0019 -0.0768 -0.9970
vn 0.0019 0.0767 -0.9970
vn 0.0019 0.0768 -0.9970
vn 0.0018 0.2967 -0.9550
vn 0.0018 0.2968 -0.9549
vn 0.0015 0.5682 -0.8229
vn 0.0015 0.5683 -0.8228
vn 0.2188 0.8113 -0.5422
vn 0.1204 0.9469 -0.2982
vn 0.0544 0.9894 -0.1349
vn 0.5701 -0.5684 -0.5932
vn 0.5513 -0.6058 -0.5737
vn 0.6616 -0.2969 -0.6885
vn 0.6564 -0.3203 -0.6831
vn 0.6908 -0.0769 -0.7189
vn 0.6907 -0.0800 -0.7187
vn 0.6908 0.0769 -0.7189
vn 0.6907 0.0800 -0.7187
vn 0.6616 0.2969 -0.6885
vn 0.6564 0.3203 -0.6831
vn 0.5701 0.5684 -0.5932
vn 0.5513 0.6058 -0.5737
vn 0.4872 -0.8483 -0.2074
vn 0.9968 -0.0801 -0.0000
vn 0.9968 0.0801 -0.0000
vn 0.4872 0.8483 -0.2074
vn 0.5509 -0.6067 -0.5731
vn 0.5514 -0.6057 -0.5736
vn 0.6564 -0.3209 -0.6828
vn 0.6565 -0.3203 -0.6829
vn 0.6908 -0.0802 -0.7186
vn 0.6908 -0.0801 -0.7186
vn 0.6908 0.0802 -0.7186
vn 0.6908 0.0801 -0.7186
vn 0.6564 0.3209 -0.6828
vn 0.6565 0.3203 -0.6829
vn 0.5509 0.6067 -0.5731
vn 0.5514 0.6057 -0.5736
vn -0.0956 -0.9667 -0.2375
vn -0.1994 -0.8456 -0.4952
vn -0.0000 -0.3204 -0.9473
vn -0.0000 -0.0802 -0.9968
vn -0.0000 0.0802 -0.9968
vn -0.0000 0.3204 -0.9473
vn -0.1994 0.8456 -0.4952
vn -0.0956 0.9667 -0.2375
vn -0.1327 -0.9896 -0.0565
vn -0.4872 -0.8483 -0.2074
vn -0.5514 -0.6057 -0.5736
vn -0.5509 -0.6067 -0.5731
vn -0.6565 -0.3203 -0.6829
vn -0.6564 -0.3209 -0.6828
vn -0.6908 -0.0801 -0.7186
vn -0.6908 -0.0802 -0.7186
vn -0.6908 0.0801 -0.7186
vn -0.6908 0.0802 -0.7186
vn -0.6565 0.3203 -0.6829
vn -0.6564 0.3209 -0.6828
vn -0.5514 0.6057 -0.5736
vn -0.5509 0.6067 -0.5731
vn -0.4872 0.8483 -0.2074
vn -0.9968 -0.0802 -0.0000
vn -0.9968 0.0802 -0.0000
vn -0.1993 -0.8456 0.4952
vn -0.5506 -0.6067 0.5733
vn -0.6561 -0.3209 0.6831
vn -0.6562 -0.3202 0.6832
vn -0.6905 -0.0801 0.7189
vn -0.6905 0.0801 0.7189
vn -0.5506 0.6067 0.5733
vn -0.1993 0.8456 0.4952
vn 0.1994 -0.8456 0.4952
vn 0.0001 -0.6057 0.7957
vn 0.0001 -0.3201 0.9474
vn 0.0001 -0.0800 0.9968
vn 0.0001 0.0800 0.9968
vn 0.0001 0.3201 0.9474
vn 0.0001 0.6057 0.7957
vn 0.1994 0.8456 0.4952
vn 0.5507 -0.6066 0.5734
vn 0.6563 -0.3201 0.6833
vn 0.6561 -0.3207 0.6831
vn 0.6563 0.3201 0.6833
vn 0.6561 0.3207 0.6831
vn 0.5507 0.6066 0.5734
vn 0.0078 -1.0000 -0.0000
vn -0.0078 1.0000 -0.0000
vn -0.0000 -0.0000 -0.0000
vn -0.0078 -1.0000 -0.0000
vn -0.0052 1.0000 -0.0000
vn -0.0059 1.0000 -0.0000
vn 0.3005 -0.9467 0.1157
vn 0.1300 -0.9473 0.2928
vn 0.0581 -0.9897 0.1309
vn 0.1364 -0.9893 0.0525
vn 0.5467 -0.8104 0.2105
vn 0.2359 -0.8136 0.5314
vn 0.7495 -0.5958 0.2886
vn 0.6112 -0.5664 0.5528
vn 0.7081 -0.2975 0.6404
vn 0.7085 -0.2956 0.6408
vn 0.7395 -0.0770 0.6688
vn 0.7395 -0.0767 0.6688
vn 0.7395 0.0770 0.6688
vn 0.7395 0.0767 0.6688
vn 0.7081 0.2975 0.6404
vn 0.7085 0.2956 0.6408
vn 0.7495 0.5958 0.2886
vn 0.6112 0.5664 0.5528
vn 0.5467 0.8104 0.2105
vn 0.2359 0.8136 0.5314
vn 0.3005 0.9467 0.1157
vn 0.1300 0.9473 0.2928
vn 0.1364 0.9893 0.0525
vn 0.0581 0.9897 0.1309
vn -0.1306 -0.9473 0.2924
vn -0.0584 -0.9897 0.1307
vn -0.2370 -0.8138 0.5306
vn -0.0000 -0.5663 0.8242
vn -0.0000 -0.5662 0.8243
vn -0.0000 -0.2955 0.9553
vn -0.0000 -0.2954 0.9554
vn -0.0000 -0.0766 0.9971
vn -0.0000 -0.0765 0.9971
vn -0.0000 0.0766 0.9971
vn -0.0000 0.0765 0.9971
vn -0.0000 0.2955 0.9553
vn -0.0000 0.2954 0.9554
vn -0.0000 0.5663 0.8242
vn -0.0000 0.5662 0.8243
vn -0.2370 0.8138 0.5306
vn -0.1306 0.9473 0.2924
vn -0.0584 0.9897 0.1307
vn -0.3008 -0.9467 0.1150
vn -0.1367 -0.9892 0.0523
vn -0.5473 -0.8103 0.2093
vn -0.6139 -0.5663 0.5500
vn -0.7503 -0.5956 0.2869
vn -0.7115 -0.2955 0.6375
vn -0.7111 -0.2975 0.6371
vn -0.7426 -0.0766 0.6653
vn -0.7426 -0.0768 0.6653
vn -0.7426 0.0766 0.6653
vn -0.7426 0.0768 0.6653
vn -0.7115 0.2955 0.6375
vn -0.7111 0.2975 0.6371
vn -0.6139 0.5663 0.5500
vn -0.7503 0.5956 0.2869
vn -0.5473 0.8103 0.2093
vn -0.3008 0.9467 0.1150
vn -0.1367 0.9892 0.0523
vn -0.9547 -0.2975 -0.0000
vn -0.9547 0.2975 -0.0000
vn -0.1204 -0.9469 -0.2982
vn -0.0544 -0.9894 -0.1349
vn -0.2189 -0.8113 -0.5421
vn -0.6615 -0.2969 -0.6887
vn -0.6615 0.2969 -0.6887
vn -0.2189 0.8113 -0.5421
vn -0.1204 0.9469 -0.2982
vn -0.0544 0.9894 -0.1349
vn 0.1197 -0.9469 -0.2985
vn 0.0541 -0.9894 -0.1349
vn 0.2176 -0.8114 -0.5425
vn -0.0018 -0.5684 -0.8228
vn -0.0018 -0.5683 -0.8228
vn -0.0021 -0.2969 -0.9549
vn -0.0022 -0.0769 -0.9970
vn -0.0022 0.0769 -0.9970
vn -0.0021 0.2969 -0.9549
vn -0.0018 0.5684 -0.8228
vn -0.0018 0.5683 -0.8228
vn 0.2176 0.8114 -0.5425
vn 0.1197 0.9469 -0.2985
vn 0.0541 0.9894 -0.1349
vn 0.2953 -0.9471 -0.1259
vn 0.5703 -0.5672 -0.5942
vn 0.6614 -0.2962 -0.6891
vn 0.6904 -0.0770 -0.7193
vn 0.6904 -0.0769 -0.7193
vn 0.6904 0.0770 -0.7193
vn 0.6904 0.0769 -0.7193
vn 0.6614 0.2962 -0.6891
vn 0.5703 0.5672 -0.5942
vn 0.9547 -0.2975 -0.0000
vn 0.9970 -0.0771 -0.0000
vn 0.9970 0.0771 -0.0000
vn 0.9547 0.2975 -0.0000
vn 0.1203 -0.9854 -0.1204
vn -0.1203 -0.9854 -0.1204
vn -0.0000 -0.8457 -0.5337
vn -0.0000 -0.6271 -0.7789
vn -0.0000 -0.0822 -0.9966
vn -0.0000 0.0822 -0.9966
vn -0.0000 0.6271 -0.7789
vn -0.0000 0.8457 -0.5337
vn 0.1203 0.9854 -0.1204
vn -0.1203 0.9854 -0.1204
vn -0.0957 -0.9667 0.2376
vn -0.1995 -0.8455 0.4953
vn -0.5512 -0.6057 0.5739
vn -0.6905 -0.0802 0.7189
vn -0.6905 0.0802 0.7189
vn -0.0957 0.9667 0.2376
vn 0.0955 -0.9667 0.2375
vn 0.0542 -0.9894 0.1349
vn 0.1992 -0.8456 0.4953
vn -0.0003 -0.6058 0.7956
vn -0.0004 -0.3202 0.9473
vn -0.0004 -0.0799 0.9968
vn -0.0004 0.0799 0.9968
vn -0.0004 0.3202 0.9473
vn -0.0003 0.6058 0.7956
vn 0.1992 0.8456 0.4953
vn 0.0955 0.9667 0.2375
vn 0.0542 0.9894 0.1349
vn 0.7789 -0.6271 -0.0000
vn 0.7789 0.6271 -0.0000
vn 0.1954 -0.9739 -0.1151
vn 0.0379 -0.9884 -0.1467
vn 0.1399 -0.8293 -0.5411
vn 0.3829 -0.6132 -0.6910
vn 0.1980 -0.6120 -0.7657
vn 0.4583 -0.3251 -0.8272
vn 0.2366 -0.3258 -0.9154
vn 0.4831 -0.0807 -0.8718
vn 0.2495 -0.0821 -0.9649
vn 0.4831 0.0807 -0.8718
vn 0.2495 0.0821 -0.9649
vn 0.4583 0.3251 -0.8272
vn 0.2366 0.3258 -0.9154
vn 0.3829 0.6132 -0.6910
vn 0.1980 0.6120 -0.7657
vn 0.1399 0.8293 -0.5411
vn 0.1954 0.9739 -0.1151
vn 0.0379 0.9884 -0.1467
vn -0.5512 -0.6056 -0.5739
vn -0.5507 -0.6066 -0.5734
vn -0.6563 -0.3200 -0.6833
vn -0.6561 -0.3206 -0.6831
vn -0.6563 0.3200 -0.6833
vn -0.6561 0.3206 -0.6831
vn -0.5512 0.6056 -0.5739
vn -0.5507 0.6066 -0.5734
vn -0.2321 -0.9676 0.0989
vn -0.1326 -0.9896 0.0566
vn -0.4869 -0.8484 0.2077
vn -0.4869 0.8484 0.2077
vn -0.2321 0.9676 0.0989
vn -0.1326 0.9896 0.0566
vn -0.0958 -0.9666 0.2377
vn -0.0544 -0.9894 0.1349
vn -0.1998 -0.8453 0.4956
vn -0.5503 -0.6067 0.5737
vn -0.5508 -0.6057 0.5742
vn -0.6556 -0.3209 0.6835
vn -0.6558 -0.3203 0.6836
vn -0.6900 -0.0801 0.7193
vn -0.6900 -0.0800 0.7193
vn -0.6900 0.0801 0.7193
vn -0.6900 0.0800 0.7193
vn -0.6556 0.3209 0.6835
vn -0.6558 0.3203 0.6836
vn -0.5503 0.6067 0.5737
vn -0.5509 0.6057 0.5742
vn -0.1997 0.8453 0.4956
vn -0.0958 0.9666 0.2377
vn -0.0544 0.9894 0.1349
vn 0.1132 -0.9731 0.2006
vn 0.0671 -0.9906 0.1189
vn 0.2460 -0.8655 0.4363
vn -0.0013 -0.6056 0.7957
vn -0.0013 -0.6122 0.7907
vn -0.0016 -0.3204 0.9473
vn -0.0016 -0.3246 0.9458
vn -0.0017 -0.0800 0.9968
vn -0.0017 -0.0806 0.9967
vn -0.0017 0.0800 0.9968
vn -0.0017 0.0806 0.9967
vn -0.0016 0.3204 0.9473
vn -0.0016 0.3246 0.9458
vn -0.0013 0.6056 0.7957
vn -0.0013 0.6122 0.7907
vn 0.2460 0.8655 0.4363
vn 0.1132 0.9731 0.2006
vn 0.0671 0.9906 0.1189
vn 0.2650 -0.9614 0.0736
vn 0.1453 -0.9886 0.0404
vn 0.5355 -0.8313 0.1488
vn 0.6773 -0.6123 0.4079
vn 0.7600 -0.6147 0.2111
vn 0.8103 -0.3245 0.4880
vn 0.9103 -0.3277 0.2529
vn 0.8539 -0.0806 0.5142
vn 0.8540 -0.0795 0.5142
vn 0.8539 0.0806 0.5142
vn 0.8540 0.0795 0.5142
vn 0.8103 0.3245 0.4880
vn 0.9103 0.3277 0.2529
vn 0.6773 0.6123 0.4079
vn 0.7600 0.6147 0.2111
vn 0.5355 0.8313 0.1488
vn 0.2650 0.9614 0.0736
vn 0.1453 0.9886 0.0404
vn 0.7900 -0.6131 -0.0000
vn 0.9968 -0.0796 -0.0000
vn 0.9967 -0.0808 -0.0000
vn 0.9968 0.0796 -0.0000
vn 0.9967 0.0808 -0.0000
vn 0.7900 0.6131 -0.0000
vn 0.4870 -0.8484 -0.2076
vn 0.6560 -0.3211 -0.6830
vn 0.6562 -0.3204 -0.6832
vn 0.6905 -0.0802 -0.7189
vn 0.6905 0.0802 -0.7189
vn 0.6560 0.3211 -0.6830
vn 0.6562 0.3204 -0.6832
vn 0.4870 0.8484 -0.2076
vn -0.0957 -0.9667 -0.2374
vn -0.1996 -0.8456 -0.4951
vn -0.0000 -0.6058 -0.7956
vn -0.0000 -0.3200 -0.9474
vn -0.0000 -0.0800 -0.9968
vn -0.0000 0.0800 -0.9968
vn -0.0000 0.3200 -0.9474
vn -0.0000 0.6058 -0.7956
vn -0.1996 0.8456 -0.4951
vn -0.0957 0.9667 -0.2374
vn -0.2323 -0.9676 -0.0988
vn -0.4873 -0.8482 -0.2073
vn -0.5518 -0.6057 -0.5733
vn -0.5513 -0.6066 -0.5728
vn -0.6569 -0.3204 -0.6825
vn -0.6568 -0.3210 -0.6824
vn -0.6912 -0.0801 -0.7182
vn -0.6912 0.0801 -0.7182
vn -0.6569 0.3204 -0.6825
vn -0.6568 0.3210 -0.6824
vn -0.5518 0.6057 -0.5733
vn -0.5513 0.6066 -0.5728
vn -0.4873 0.8482 -0.2073
vn -0.2323 0.9676 -0.0988
vn -0.3090 -0.9511 -0.0000
vn -0.1564 -0.9877 -0.0000
vn -0.5878 -0.8090 -0.0000
vn -0.7950 -0.6067 -0.0000
vn -0.8090 -0.5878 -0.0000
vn -0.9510 -0.3091 -0.0000
vn -0.9969 -0.0786 -0.0000
vn -0.9969 0.0786 -0.0000
vn -0.9510 0.3091 -0.0000
vn -0.7950 0.6067 -0.0000
vn -0.8090 0.5878 -0.0000
vn -0.5878 0.8090 -0.0000
vn -0.3090 0.9511 -0.0000
vn -0.1564 0.9877 -0.0000
vn -0.3090 -0.9510 -0.0000
vn -0.1934 -0.9743 0.1157
vn -0.1155 -0.9909 0.0691
vn -0.4238 -0.8695 0.2536
vn -0.7897 -0.6135 -0.0000
vn -0.9456 -0.3253 -0.0000
vn -0.9456 0.3253 -0.0000
vn -0.7897 0.6135 -0.0000
vn -0.4237 0.8696 0.2536
vn -0.1934 0.9743 0.1157
vn -0.1155 0.9909 0.0691
vn -0.1463 -0.9510 0.2723
vn -0.0740 -0.9877 0.1378
vn -0.2782 -0.8090 0.5178
vn -0.3731 -0.6136 0.6959
vn -0.3829 -0.5878 0.7127
vn -0.4468 -0.3252 0.8335
vn -0.4501 -0.3089 0.8378
vn -0.4709 -0.0806 0.8785
vn -0.4718 -0.0784 0.8782
vn -0.4710 0.0806 0.8785
vn -0.4718 0.0784 0.8782
vn -0.4468 0.3252 0.8334
vn -0.4501 0.3089 0.8378
vn -0.3731 0.6137 0.6959
vn -0.3829 0.5878 0.7127
vn -0.2782 0.8090 0.5178
vn -0.1463 0.9510 0.2723
vn -0.0740 0.9877 0.1378
vn -0.1470 -0.9510 0.2720
vn -0.0744 -0.9877 0.1376
vn -0.2795 -0.8089 0.5172
vn -0.3846 -0.5877 0.7118
vn -0.4521 -0.3090 0.8367
vn -0.4739 -0.0784 0.8771
vn -0.4739 0.0784 0.8771
vn -0.4521 0.3090 0.8367
vn -0.3846 0.5877 0.7118
vn -0.2795 0.8089 0.5172
vn -0.1470 0.9510 0.2720
vn -0.0744 0.9877 0.1376
vn -0.1481 -0.9510 0.2715
vn -0.0749 -0.9877 0.1373
vn -0.2816 -0.8089 0.5161
vn -0.3875 -0.5878 0.7102
vn -0.4556 -0.3090 0.8349
vn -0.4775 -0.0784 0.8751
vn -0.4775 0.0784 0.8751
vn -0.4556 0.3090 0.8349
vn -0.3875 0.5878 0.7102
vn -0.2816 0.8089 0.5161
vn -0.1481 0.9510 0.2715
vn -0.0749 0.9877 0.1373
vn -0.1506 -0.9509 0.2705
vn -0.0761 -0.9877 0.1367
vn -0.2861 -0.8087 0.5139
vn -0.3936 -0.5876 0.7070
vn -0.4626 -0.3089 0.8310
vn -0.4849 -0.0784 0.8711
vn -0.4849 0.0784 0.8711
vn -0.4626 0.3089 0.8310
vn -0.3936 0.5876 0.7070
vn -0.2861 0.8087 0.5139
vn -0.1506 0.9509 0.2705
vn -0.0761 0.9877 0.1367
vn -0.1591 -0.9504 0.2673
vn -0.0800 -0.9877 0.1344
vn -0.3014 -0.8080 0.5063
vn -0.4142 -0.5868 0.6958
vn -0.4866 -0.3085 0.8174
vn -0.5099 -0.0785 0.8566
vn -0.5099 0.0785 0.8566
vn -0.4866 0.3085 0.8174
vn -0.4142 0.5868 0.6958
vn -0.3014 0.8080 0.5063
vn -0.1591 0.9504 0.2673
vn -0.0800 0.9877 0.1344
vn -0.0768 -0.9617 0.2633
vn -0.0422 -0.9886 0.1446
vn -0.1555 -0.8319 0.5327
vn -0.2208 -0.6155 0.7566
vn -0.2646 -0.3283 0.9068
vn -0.5296 -0.0797 0.8445
vn -0.5296 0.0797 0.8445
vn -0.2646 0.3283 0.9068
vn -0.2208 0.6155 0.7566
vn -0.1555 0.8319 0.5327
vn -0.0768 0.9617 0.2633
vn -0.0422 0.9886 0.1446
vn -0.0016 -0.9511 0.3089
vn -0.0008 -0.9877 0.1564
vn -0.0030 -0.8091 0.5877
vn -0.0042 -0.5878 0.8090
vn -0.0049 -0.3093 0.9509
vn -0.0076 -0.0799 0.9968
vn -0.0052 -0.0789 0.9969
vn -0.0076 0.0799 0.9968
vn -0.0052 0.0788 0.9969
vn -0.0049 0.3093 0.9509
vn -0.0042 0.5878 0.8090
vn -0.0030 0.8091 0.5877
vn -0.0016 0.9511 0.3089
vn -0.0008 0.9877 0.1564
vn -0.0007 -0.9511 0.3090
vn -0.0003 -0.9877 0.1564
vn -0.0013 -0.8090 0.5877
vn -0.0018 -0.5878 0.8090
vn -0.0021 -0.3092 0.9510
vn -0.0022 -0.0787 0.9969
vn -0.0022 0.0787 0.9969
vn -0.0021 0.3092 0.9510
vn -0.0018 0.5878 0.8090
vn -0.0013 0.8090 0.5877
vn -0.0007 0.9511 0.3090
vn -0.0003 0.9877 0.1564
vn -0.0005 -0.9511 0.3090
vn -0.0002 -0.9877 0.1564
vn -0.0009 -0.8091 0.5877
vn -0.0012 -0.5878 0.8090
vn -0.0014 -0.3090 0.9511
vn -0.0015 -0.0785 0.9969
vn -0.0015 0.0785 0.9969
vn -0.0014 0.3090 0.9511
vn -0.0012 0.5878 0.8090
vn -0.0009 0.8091 0.5877
vn -0.0005 0.9511 0.3090
vn -0.0002 0.9877 0.1564
vn -0.0004 -0.9511 0.3090
vn -0.0002 -0.9877 0.1565
vn -0.0007 -0.8090 0.5877
vn -0.0010 -0.5878 0.8090
vn -0.0011 -0.3090 0.9511
vn -0.0012 -0.0784 0.9969
vn -0.0012 0.0784 0.9969
vn -0.0011 0.3090 0.9511
vn -0.0010 0.5878 0.8090
vn -0.0007 0.8090 0.5877
vn -0.0004 0.9511 0.3090
vn -0.0002 0.9877 0.1565
vn -0.0003 -0.9511 0.3090
vn -0.0006 -0.8090 0.5877
vn -0.0008 -0.5878 0.8090
vn -0.0010 -0.3089 0.9511
vn -0.0010 -0.0783 0.9969
vn -0.0010 0.0783 0.9969
vn -0.0010 0.3089 0.9511
vn -0.0008 0.5878 0.8090
vn -0.0006 0.8090 0.5877
vn -0.0003 0.9511 0.3090
vn 0.0954 -0.9667 0.2375
vn 0.1990 -0.8456 0.4953
vn -0.0007 -0.6057 0.7957
vn -0.0009 -0.3201 0.9474
vn -0.0009 -0.0799 0.9968
vn -0.0009 0.0799 0.9968
vn -0.0009 0.3201 0.9474
vn -0.0007 0.6057 0.7957
vn 0.1990 0.8456 0.4953
vn 0.0954 0.9667 0.2375
vn 0.2141 -0.9511 0.2229
vn 0.1083 -0.9877 0.1128
vn 0.4071 -0.8090 0.4239
vn 0.5604 -0.5879 0.5835
vn 0.6588 -0.3091 0.6859
vn 0.6906 -0.0785 0.7190
vn 0.6906 0.0785 0.7190
vn 0.6588 0.3091 0.6859
vn 0.5604 0.5878 0.5835
vn 0.4071 0.8090 0.4239
vn 0.2140 0.9511 0.2229
vn 0.1083 0.9877 0.1128
vn 0.1084 -0.9877 0.1128
vn 0.4072 -0.8090 0.4239
vn 0.5604 -0.5878 0.5835
vn 0.6588 -0.3090 0.6859
vn 0.6906 -0.0784 0.7190
vn 0.6906 0.0784 0.7190
vn 0.6588 0.3090 0.6859
vn 0.4072 0.8090 0.4239
vn 0.2141 0.9511 0.2229
vn 0.1084 0.9877 0.1128
vn 0.4071 -0.8091 0.4239
vn 0.6588 -0.3089 0.6859
vn 0.6588 0.3089 0.6859
vn 0.4071 0.8091 0.4239
vn 0.4072 -0.8090 0.4240
vn 0.4072 0.8090 0.4240
vn 0.6905 -0.0798 0.7189
vn 0.6905 0.0798 0.7189
vn -0.2981 -0.9469 -0.1206
vn -0.1252 -0.9471 -0.2955
vn -0.0563 -0.9895 -0.1329
vn -0.1346 -0.9894 -0.0545
vn -0.5418 -0.8114 -0.2193
vn -0.2276 -0.8125 -0.5367
vn -0.5913 -0.5681 -0.5723
vn -0.5918 -0.5672 -0.5728
vn -0.6862 -0.2969 -0.6641
vn -0.6863 -0.2963 -0.6642
vn -0.7164 -0.0769 -0.6934
vn -0.7164 0.0769 -0.6934
vn -0.6862 0.2969 -0.6641
vn -0.6863 0.2963 -0.6642
vn -0.5913 0.5681 -0.5723
vn -0.5918 0.5672 -0.5728
vn -0.5418 0.8114 -0.2193
vn -0.2276 0.8125 -0.5367
vn -0.2980 0.9469 -0.1206
vn -0.1252 0.9471 -0.2955
vn -0.1346 0.9894 -0.0545
vn -0.0563 0.9895 -0.1329
vn -0.0000 -0.7659 -0.6430
vn -0.0000 -0.5673 -0.8235
vn -0.0000 -0.5416 -0.8406
vn -0.0000 -0.2960 -0.9552
vn -0.0000 -0.2782 -0.9605
vn -0.0000 -0.0767 -0.9971
vn -0.0000 -0.0743 -0.9972
vn -0.0000 0.0767 -0.9971
vn -0.0000 0.0743 -0.9972
vn -0.0000 0.2960 -0.9552
vn -0.0000 0.2782 -0.9605
vn -0.0000 0.5673 -0.8235
vn -0.0000 0.5416 -0.8406
vn -0.0000 0.7659 -0.6430
vn 0.2952 -0.9471 0.1258
vn 0.6430 -0.7659 -0.0000
vn 0.9605 -0.2783 -0.0000
vn 0.9972 -0.0743 -0.0000
vn 0.9972 0.0743 -0.0000
vn 0.9605 0.2783 -0.0000
vn 0.6430 0.7659 -0.0000
vn 0.1251 -0.9467 0.2967
vn 0.0568 -0.9892 0.1348
vn 0.2275 -0.8105 0.5398
vn 0.3118 -0.5958 0.7401
vn 0.6616 -0.2962 0.6889
vn 0.6613 -0.2975 0.6886
vn 0.6616 0.2962 0.6889
vn 0.6613 0.2975 0.6886
vn 0.3118 0.5958 0.7401
vn 0.2275 0.8105 0.5398
vn 0.1251 0.9467 0.2967
vn 0.0568 0.9892 0.1348
vn -0.1927 -0.9609 0.1990
vn -0.0761 -0.9940 0.0787
vn 0.0209 -0.7650 0.6437
vn 0.0273 -0.5406 0.8408
vn 0.0310 -0.2974 0.9543
vn 0.0312 -0.2773 0.9603
vn 0.0323 -0.0769 0.9965
vn 0.0323 -0.0742 0.9967
vn 0.0323 0.0769 0.9965
vn 0.0323 0.0741 0.9967
vn 0.0310 0.2974 0.9543
vn 0.0312 0.2773 0.9603
vn 0.0273 0.5406 0.8408
vn 0.0209 0.7650 0.6437
vn -0.1927 0.9609 0.1990
vn -0.0761 0.9940 0.0787
vn -0.6443 -0.7648 -0.0000
vn -0.8414 -0.5404 -0.0000
vn -0.9607 -0.2775 -0.0000
vn -0.9549 -0.2969 -0.0000
vn -0.9972 -0.0744 -0.0000
vn -0.9972 0.0744 -0.0000
vn -0.9607 0.2775 -0.0000
vn -0.9549 0.2969 -0.0000
vn -0.8414 0.5404 -0.0000
vn -0.6443 0.7648 -0.0000
vn 0.1927 -0.9609 0.1990
vn -0.1251 -0.9467 0.2968
vn -0.0568 -0.9892 0.1348
vn 0.0762 -0.9940 0.0787
vn -0.0209 -0.7648 0.6439
vn -0.2275 -0.8104 0.5398
vn -0.0273 -0.5407 0.8408
vn -0.3119 -0.5958 0.7401
vn -0.0312 -0.2776 0.9602
vn -0.0310 -0.2977 0.9542
vn -0.0323 -0.0743 0.9967
vn -0.0323 -0.0770 0.9965
vn -0.0323 0.0743 0.9967
vn -0.0323 0.0770 0.9965
vn -0.0312 0.2776 0.9602
vn -0.0310 0.2977 0.9542
vn -0.0273 0.5407 0.8408
vn -0.3119 0.5958 0.7401
vn -0.0209 0.7648 0.6439
vn -0.2275 0.8105 0.5398
vn 0.1926 0.9609 0.1990
vn -0.1251 0.9467 0.2968
vn 0.0762 0.9940 0.0787
vn -0.0568 0.9892 0.1348
vn -0.5705 -0.5673 0.5940
vn -0.6614 -0.2974 0.6886
vn -0.6907 -0.0767 0.7191
vn -0.6907 0.0767 0.7191
vn -0.6614 0.2974 0.6886
vn -0.5704 0.5673 0.5939
vn -0.1980 -0.9600 -0.1980
vn -0.6430 -0.7658 -0.0000
vn -0.8405 -0.5419 -0.0000
vn -0.9605 -0.2784 -0.0000
vn -0.9972 -0.0743 -0.0000
vn -0.9972 0.0743 -0.0000
vn -0.9605 0.2784 -0.0000
vn -0.8405 0.5419 -0.0000
vn -0.6430 0.7658 -0.0000
vn -0.1980 0.9600 -0.1980
vn 0.1253 -0.9471 -0.2956
vn 0.0563 -0.9895 -0.1329
vn -0.0000 -0.7659 -0.6429
vn 0.2275 -0.8125 -0.5367
vn -0.0000 0.7659 -0.6429
vn 0.2275 0.8125 -0.5367
vn 0.1253 0.9471 -0.2956
vn 0.0563 0.9895 -0.1329
vn 0.2981 -0.9469 -0.1206
vn 0.1347 -0.9894 -0.0545
vn 0.5417 -0.8114 -0.2193
vn 0.5918 -0.5673 -0.5727
vn 0.5913 -0.5682 -0.5723
vn 0.6864 -0.2960 -0.6643
vn 0.6862 -0.2966 -0.6642
vn 0.7164 -0.0766 -0.6934
vn 0.7164 0.0766 -0.6934
vn 0.6864 0.2960 -0.6643
vn 0.6862 0.2966 -0.6642
vn 0.5918 0.5673 -0.5727
vn 0.5913 0.5682 -0.5723
vn 0.5417 0.8114 -0.2193
vn 0.2981 0.9469 -0.1206
vn 0.1347 0.9894 -0.0545
vn 0.6443 -0.7648 -0.0000
vn 0.8229 -0.5682 -0.0000
vn 0.8414 -0.5404 -0.0000
vn 0.9550 -0.2967 -0.0000
vn 0.9608 -0.2773 -0.0000
vn 0.9970 -0.0768 -0.0000
vn 0.9972 -0.0742 -0.0000
vn 0.9970 0.0768 -0.0000
vn 0.9972 0.0742 -0.0000
vn 0.9550 0.2967 -0.0000
vn 0.9608 0.2773 -0.0000
vn 0.8229 0.5682 -0.0000
vn 0.8414 0.5404 -0.0000
vn 0.6443 0.7648 -0.0000
vn -0.1958 -0.9604 -0.1984
vn 0.1221 -0.9468 -0.2976
vn 0.0554 -0.9893 -0.1349
vn -0.0776 -0.9939 -0.0787
vn 0.0086 -0.7655 -0.6434
vn 0.2221 -0.8110 -0.5413
vn 0.0113 -0.5411 -0.8409
vn 0.0110 -0.5687 -0.8225
vn 0.0129 -0.2780 -0.9605
vn 0.0128 -0.2971 -0.9548
vn 0.0134 -0.0744 -0.9971
vn 0.0134 -0.0770 -0.9969
vn 0.0134 0.0744 -0.9971
vn 0.0134 0.0770 -0.9969
vn 0.0129 0.2780 -0.9605
vn 0.0128 0.2971 -0.9548
vn 0.0113 0.5411 -0.8409
vn 0.0110 0.5687 -0.8225
vn 0.0086 0.7655 -0.6434
vn 0.2221 0.8110 -0.5413
vn -0.1958 0.9604 -0.1984
vn 0.1221 0.9468 -0.2976
vn -0.0776 0.9939 -0.0787
vn 0.0554 0.9893 -0.1349
vn 0.2952 -0.9471 -0.1258
vn 0.5698 -0.5687 -0.5932
vn 0.6614 -0.2971 -0.6887
vn 0.6907 -0.0769 -0.7191
vn 0.6907 0.0769 -0.7191
vn 0.6614 0.2971 -0.6887
vn 0.5698 0.5687 -0.5932
vn 0.2952 0.9471 -0.1258
vn 0.1980 -0.9600 0.1980
vn 0.1980 0.9600 0.1980
vn -0.0000 -0.7659 0.6429
vn -0.2182 -0.8114 0.5422
vn -0.0000 -0.5417 0.8405
vn -0.0000 -0.5684 0.8228
vn -0.0000 -0.2783 0.9605
vn -0.0000 -0.2968 0.9549
vn -0.0000 -0.0743 0.9972
vn -0.0000 0.0743 0.9972
vn -0.0000 0.2783 0.9605
vn -0.0000 0.2968 0.9549
vn -0.0000 0.5417 0.8405
vn -0.0000 0.5684 0.8228
vn -0.0000 0.7659 0.6429
vn -0.2182 0.8114 0.5422
vn -0.5699 -0.5685 0.5934
vn -0.5704 -0.5673 0.5939
vn -0.6906 0.0768 0.7191
vn -0.5699 0.5685 0.5934
vn -0.6436 -0.7654 -0.0000
vn -0.8409 -0.5411 -0.0000
vn -0.9606 -0.2781 -0.0000
vn -0.9606 0.2781 -0.0000
vn -0.8409 0.5411 -0.0000
vn -0.6436 0.7654 -0.0000
vn -0.1980 -0.9600 0.1979
vn -0.0787 -0.9938 0.0787
vn -0.0000 -0.7658 0.6430
vn -0.0000 -0.5417 0.8406
vn -0.0000 0.5417 0.8406
vn -0.0000 0.7658 0.6430
vn -0.1980 0.9600 0.1979
vn -0.0787 0.9938 0.0787
vn -0.6430 -0.7659 -0.0000
vn -0.8406 -0.5417 -0.0000
vn -0.9605 -0.2783 -0.0000
vn -0.9605 0.2783 -0.0000
vn -0.8406 0.5417 -0.0000
vn -0.6430 0.7659 -0.0000
vn -0.1222 -0.9468 -0.2977
vn -0.0553 -0.9893 -0.1349
vn -0.2221 -0.8110 -0.5413
vn -0.5705 -0.5673 -0.5939
vn -0.5697 -0.5688 -0.5932
vn -0.6614 -0.2971 -0.6887
vn -0.6906 -0.0769 -0.7191
vn -0.6906 0.0769 -0.7191
vn -0.6614 0.2971 -0.6887
vn -0.5705 0.5673 -0.5939
vn -0.5697 0.5688 -0.5932
vn -0.2221 0.8110 -0.5413
vn -0.1222 0.9468 -0.2977
vn -0.0553 0.9893 -0.1349
vn 0.1958 -0.9604 -0.1984
vn 0.0777 -0.9939 -0.0787
vn -0.0086 -0.7655 -0.6434
vn -0.0110 -0.5687 -0.8225
vn -0.0113 -0.5411 -0.8409
vn -0.0128 -0.2971 -0.9548
vn -0.0129 -0.2780 -0.9605
vn -0.0134 -0.0770 -0.9969
vn -0.0134 -0.0744 -0.9971
vn -0.0134 0.0770 -0.9969
vn -0.0134 0.0744 -0.9971
vn -0.0128 0.2971 -0.9548
vn -0.0129 0.2780 -0.9605
vn -0.0110 0.5687 -0.8225
vn -0.0113 0.5411 -0.8409
vn -0.0086 0.7655 -0.6434
vn 0.1958 0.9604 -0.1984
vn 0.0777 0.9939 -0.0787
vn 0.6435 -0.7654 -0.0000
vn 0.8409 -0.5412 -0.0000
vn 0.9606 -0.2779 -0.0000
vn 0.9552 -0.2961 -0.0000
vn 0.9606 0.2779 -0.0000
vn 0.9552 0.2961 -0.0000
vn 0.8409 0.5412 -0.0000
vn 0.6435 0.7654 -0.0000
vn 0.1202 -0.9469 0.2984
vn -0.1200 -0.9469 0.2984
vn -0.0542 -0.9894 0.1349
vn 0.2184 -0.8113 0.5422
vn -0.2180 -0.8114 0.5424
vn 0.0006 -0.5684 0.8228
vn 0.0006 -0.5683 0.8228
vn 0.0006 -0.2968 0.9549
vn 0.0007 -0.0768 0.9970
vn 0.0007 0.0768 0.9970
vn 0.0006 0.2968 0.9549
vn 0.0006 0.5684 0.8228
vn 0.0006 0.5683 0.8228
vn 0.2184 0.8113 0.5422
vn -0.2180 0.8114 0.5424
vn 0.1202 0.9469 0.2984
vn -0.1200 0.9469 0.2984
vn -0.0542 0.9894 0.1349
vn -0.2763 -0.9611 -0.0000
vn -0.1091 -0.9940 -0.0000
vn -0.4465 -0.7645 0.4649
vn -0.5830 -0.5401 0.6070
vn -0.6615 -0.2967 0.6888
vn -0.6656 -0.2769 0.6930
vn -0.6908 -0.0741 0.7192
vn -0.6908 0.0741 0.7192
vn -0.6615 0.2967 0.6888
vn -0.6656 0.2769 0.6930
vn -0.5830 0.5401 0.6070
vn -0.4465 0.7645 0.4649
vn -0.2763 0.9611 -0.0000
vn -0.4465 -0.7645 -0.4649
vn -0.2183 -0.8114 -0.5423
vn -0.5830 -0.5401 -0.6070
vn -0.5700 -0.5683 -0.5934
vn -0.6656 -0.2771 -0.6930
vn -0.6908 -0.0742 -0.7192
vn -0.6906 -0.0768 -0.7191
vn -0.6908 0.0742 -0.7192
vn -0.6906 0.0768 -0.7191
vn -0.6656 0.2771 -0.6930
vn -0.5830 0.5401 -0.6070
vn -0.5700 0.5683 -0.5934
vn -0.4465 0.7645 -0.4649
vn -0.2183 0.8114 -0.5423
vn 0.1201 -0.9469 -0.2984
vn -0.0000 -0.5684 -0.8227
vn -0.0000 -0.2969 -0.9549
vn -0.0000 0.2969 -0.9549
vn -0.0000 0.5684 -0.8227
vn 0.1201 0.9469 -0.2984
vn 0.2763 -0.9611 -0.0000
vn 0.4464 -0.7646 -0.4648
vn 0.5699 -0.5683 -0.5934
vn 0.5830 -0.5401 -0.6070
vn 0.6615 -0.2966 -0.6888
vn 0.6656 -0.2769 -0.6930
vn 0.6908 -0.0741 -0.7192
vn 0.6908 0.0741 -0.7192
vn 0.6615 0.2966 -0.6888
vn 0.6656 0.2769 -0.6930
vn 0.5699 0.5683 -0.5934
vn 0.5830 0.5401 -0.6070
vn 0.4464 0.7646 -0.4648
vn 0.2763 0.9611 -0.0000
vn 0.4465 -0.7646 0.4649
vn 0.5830 -0.5400 0.6070
vn 0.5700 -0.5683 0.5934
vn 0.6656 -0.2771 0.6930
vn 0.6908 -0.0742 0.7192
vn 0.6908 0.0742 0.7192
vn 0.6656 0.2771 0.6930
vn 0.5830 0.5400 0.6070
vn 0.5700 0.5683 0.5934
vn 0.4465 0.7646 0.4649
vn 0.2701 -0.9496 -0.1590
vn 0.2701 -0.9496 0.1590
vn 0.4884 -0.8238 -0.2877
vn 0.4884 -0.8238 0.2877
vn 0.8288 -0.5595 -0.0000
vn 0.9567 -0.2912 -0.0000
vn 0.9971 -0.0762 -0.0000
vn 0.9971 0.0762 -0.0000
vn 0.9567 0.2912 -0.0000
vn 0.8288 0.5595 -0.0000
vn 0.4884 0.8238 -0.2877
vn 0.4884 0.8238 0.2877
vn 0.2701 0.9496 -0.1590
vn 0.2701 0.9496 0.1590
vn 0.0808 -0.9466 0.3122
vn 0.0380 -0.9884 0.1467
vn 0.1483 -0.8059 0.5732
vn 0.4019 -0.5595 0.7248
vn 0.2026 -0.5878 0.7832
vn 0.4639 -0.2912 0.8367
vn 0.2381 -0.3103 0.9203
vn 0.4835 -0.0762 0.8720
vn 0.2497 -0.0801 0.9650
vn 0.4835 0.0762 0.8720
vn 0.2497 0.0801 0.9650
vn 0.4639 0.2912 0.8367
vn 0.2381 0.3103 0.9203
vn 0.4019 0.5595 0.7248
vn 0.2026 0.5878 0.7832
vn 0.1483 0.8059 0.5732
vn 0.0808 0.9466 0.3122
vn 0.0380 0.9884 0.1467
vn -0.0808 -0.9466 0.3122
vn -0.0380 -0.9884 0.1467
vn -0.1483 -0.8059 0.5732
vn -0.2026 -0.5878 0.7832
vn -0.2381 -0.3103 0.9203
vn -0.2497 -0.0801 0.9650
vn -0.2497 0.0801 0.9650
vn -0.2381 0.3103 0.9203
vn -0.2026 0.5878 0.7832
vn -0.1483 0.8059 0.5732
vn -0.0808 0.9466 0.3122
vn -0.0380 0.9884 0.1467
vn -0.2701 -0.9496 0.1590
vn -0.4884 -0.8238 0.2877
vn -0.4019 -0.5595 0.7248
vn -0.4639 -0.2912 0.8367
vn -0.4835 -0.0762 0.8720
vn -0.4835 0.0762 0.8720
vn -0.4639 0.2912 0.8367
vn -0.4019 0.5595 0.7248
vn -0.4884 0.8238 0.2877
vn -0.2701 0.9496 0.1590
vn -0.2701 -0.9496 -0.1590
vn -0.4884 -0.8238 -0.2877
vn -0.8288 -0.5596 -0.0000
vn -0.9567 -0.2911 -0.0000
vn -0.9971 -0.0761 -0.0000
vn -0.9971 0.0761 -0.0000
vn -0.9567 0.2911 -0.0000
vn -0.8288 0.5596 -0.0000
vn -0.4884 0.8238 -0.2877
vn -0.2701 0.9496 -0.1590
vn -0.0811 -0.9466 -0.3121
vn -0.0381 -0.9884 -0.1467
vn -0.1490 -0.8059 -0.5731
vn -0.4019 -0.5595 -0.7248
vn -0.2035 -0.5877 -0.7831
vn -0.4639 -0.2911 -0.8367
vn -0.2392 -0.3103 -0.9201
vn -0.4835 -0.0761 -0.8720
vn -0.2508 -0.0800 -0.9647
vn -0.4835 0.0761 -0.8720
vn -0.2508 0.0800 -0.9647
vn -0.4639 0.2911 -0.8367
vn -0.2392 0.3103 -0.9201
vn -0.4019 0.5595 -0.7248
vn -0.2035 0.5877 -0.7831
vn -0.1490 0.8059 -0.5731
vn -0.0811 0.9466 -0.3121
vn -0.0381 0.9884 -0.1467
vn 0.0804 -0.9466 -0.3123
vn 0.0378 -0.9885 -0.1467
vn 0.1476 -0.8059 -0.5733
vn 0.2017 -0.5878 -0.7834
vn 0.2370 -0.3104 -0.9206
vn 0.2485 -0.0801 -0.9653
vn 0.2485 0.0801 -0.9653
vn 0.2370 0.3104 -0.9206
vn 0.2017 0.5878 -0.7834
vn 0.1476 0.8059 -0.5733
vn 0.0804 0.9466 -0.3123
vn 0.0378 0.9885 -0.1467
vn 0.4019 -0.5595 -0.7248
vn 0.4639 -0.2911 -0.8367
vn 0.4835 -0.0761 -0.8720
vn 0.4835 0.0761 -0.8720
vn 0.4639 0.2911 -0.8367
vn 0.4019 0.5595 -0.7248
vn 0.1980 -0.9600 0.1981
vn 0.9604 -0.2785 -0.0000
vn 0.9972 -0.0745 -0.0000
vn 0.9972 0.0745 -0.0000
vn 0.9604 0.2785 -0.0000
vn 0.1980 0.9600 0.1981
vn -0.1980 -0.9600 0.1981
vn -0.0000 -0.7659 0.6430
vn -0.0000 -0.5416 0.8406
vn -0.0000 -0.2784 0.9605
vn -0.0000 -0.0745 0.9972
vn -0.0000 0.0745 0.9972
vn -0.0000 0.2784 0.9605
vn -0.0000 0.5416 0.8406
vn -0.0000 0.7659 0.6430
vn -0.1980 0.9600 0.1981
vn -0.1200 -0.9469 -0.2984
vn -0.2181 -0.8114 -0.5423
vn -0.2181 0.8114 -0.5423
vn -0.1200 0.9469 -0.2984
vn 0.2183 -0.8113 -0.5423
vn 0.0003 -0.5684 -0.8228
vn 0.0004 -0.2968 -0.9549
vn 0.0004 -0.2969 -0.9549
vn 0.0004 -0.0768 -0.9970
vn 0.0004 0.0768 -0.9970
vn 0.0004 0.2968 -0.9549
vn 0.0004 0.2969 -0.9549
vn 0.0003 0.5684 -0.8228
vn 0.2183 0.8113 -0.5423
vn 0.6906 -0.0770 -0.7191
vn 0.6906 0.0770 -0.7191
vn 0.0003 -0.9511 -0.3090
vn 0.0004 -0.9510 -0.3091
vn 0.0002 -0.9877 -0.1565
vn 0.0006 -0.8090 -0.5877
vn 0.0007 -0.8090 -0.5878
vn 0.0008 -0.5878 -0.8090
vn 0.0010 -0.5878 -0.8090
vn 0.0010 -0.3092 -0.9510
vn 0.0011 -0.3090 -0.9511
vn 0.0010 -0.0787 -0.9969
vn 0.0012 -0.0785 -0.9969
vn 0.0010 0.0787 -0.9969
vn 0.0012 0.0785 -0.9969
vn 0.0010 0.3092 -0.9510
vn 0.0011 0.3090 -0.9511
vn 0.0008 0.5878 -0.8090
vn 0.0010 0.5878 -0.8090
vn 0.0006 0.8090 -0.5877
vn 0.0007 0.8090 -0.5878
vn 0.0003 0.9511 -0.3090
vn 0.0004 0.9510 -0.3091
vn 0.0002 0.9877 -0.1565
vn 0.0005 -0.9511 -0.3090
vn 0.0009 -0.8090 -0.5877
vn 0.0012 -0.5878 -0.8090
vn 0.0014 -0.3089 -0.9511
vn 0.0015 -0.0783 -0.9969
vn 0.0015 0.0783 -0.9969
vn 0.0014 0.3089 -0.9511
vn 0.0012 0.5878 -0.8090
vn 0.0009 0.8090 -0.5877
vn 0.0005 0.9511 -0.3090
vn 0.0007 -0.9511 -0.3090
vn 0.0003 -0.9877 -0.1564
vn 0.0013 -0.8090 -0.5878
vn 0.0018 -0.5877 -0.8091
vn 0.0021 -0.3090 -0.9511
vn 0.0022 -0.0784 -0.9969
vn 0.0022 0.0784 -0.9969
vn 0.0021 0.3090 -0.9511
vn 0.0018 0.5877 -0.8091
vn 0.0013 0.8090 -0.5878
vn 0.0007 0.9511 -0.3090
vn 0.0003 0.9877 -0.1564
vn 0.0016 -0.9510 -0.3092
vn 0.0008 -0.9877 -0.1564
vn 0.0030 -0.8089 -0.5879
vn 0.0042 -0.5877 -0.8091
vn 0.0049 -0.3089 -0.9511
vn 0.0052 -0.0784 -0.9969
vn 0.0052 0.0784 -0.9969
vn 0.0049 0.3089 -0.9511
vn 0.0042 0.5877 -0.8091
vn 0.0030 0.8089 -0.5879
vn 0.0016 0.9510 -0.3092
vn 0.0008 0.9877 -0.1564
vn 0.0904 -0.9465 -0.3098
vn 0.0422 -0.9886 -0.1446
vn 0.1656 -0.8066 -0.5675
vn 0.2264 -0.5890 -0.7758
vn 0.2662 -0.3111 -0.9124
vn 0.0076 -0.0772 -0.9970
vn 0.0076 0.0772 -0.9970
vn 0.2662 0.3111 -0.9124
vn 0.2264 0.5890 -0.7758
vn 0.1656 0.8066 -0.5675
vn 0.0904 0.9465 -0.3098
vn 0.0422 0.9886 -0.1446
vn 0.1570 -0.9517 -0.2637
vn 0.0800 -0.9877 -0.1344
vn 0.2998 -0.8102 -0.5037
vn 0.4133 -0.5890 -0.6944
vn 0.4863 -0.3096 -0.8171
vn 0.5297 -0.0772 -0.8447
vn 0.5099 -0.0785 -0.8567
vn 0.5297 0.0772 -0.8447
vn 0.5099 0.0785 -0.8567
vn 0.4863 0.3097 -0.8171
vn 0.4133 0.5890 -0.6944
vn 0.2998 0.8102 -0.5037
vn 0.1570 0.9517 -0.2637
vn 0.0800 0.9877 -0.1344
vn 0.1500 -0.9512 -0.2696
vn 0.0761 -0.9877 -0.1367
vn 0.2857 -0.8093 -0.5133
vn 0.3933 -0.5880 -0.7068
vn 0.4625 -0.3092 -0.8310
vn 0.4848 -0.0785 -0.8711
vn 0.4848 0.0785 -0.8711
vn 0.4625 0.3092 -0.8310
vn 0.3933 0.5881 -0.7067
vn 0.2857 0.8093 -0.5133
vn 0.1500 0.9512 -0.2696
vn 0.0761 0.9877 -0.1367
vn 0.1479 -0.9511 -0.2711
vn 0.0749 -0.9877 -0.1373
vn 0.2814 -0.8091 -0.5159
vn 0.3874 -0.5879 -0.7102
vn 0.4555 -0.3091 -0.8349
vn 0.4775 -0.0786 -0.8751
vn 0.4775 0.0786 -0.8751
vn 0.4555 0.3091 -0.8349
vn 0.3874 0.5879 -0.7102
vn 0.2814 0.8091 -0.5159
vn 0.1479 0.9511 -0.2711
vn 0.0749 0.9877 -0.1373
vn 0.1468 -0.9511 -0.2717
vn 0.0744 -0.9877 -0.1376
vn 0.2794 -0.8091 -0.5171
vn 0.3845 -0.5878 -0.7118
vn 0.4521 -0.3090 -0.8368
vn 0.4739 -0.0784 -0.8771
vn 0.4739 0.0784 -0.8771
vn 0.4521 0.3090 -0.8368
vn 0.3845 0.5878 -0.7118
vn 0.2794 0.8091 -0.5171
vn 0.1468 0.9511 -0.2717
vn 0.0744 0.9877 -0.1376
vn 0.1462 -0.9511 -0.2722
vn 0.0740 -0.9877 -0.1378
vn 0.2781 -0.8090 -0.5178
vn 0.3828 -0.5878 -0.7127
vn 0.4500 -0.3091 -0.8378
vn 0.4717 -0.0785 -0.8782
vn 0.4717 0.0785 -0.8782
vn 0.4500 0.3091 -0.8378
vn 0.3828 0.5878 -0.7127
vn 0.2781 0.8090 -0.5178
vn 0.1462 0.9511 -0.2722
vn 0.0740 0.9877 -0.1378
vn 0.2684 -0.9498 -0.1606
vn 0.1155 -0.9909 -0.0692
vn 0.4854 -0.8246 -0.2906
vn 0.3917 -0.5591 -0.7308
vn 0.4520 -0.2909 -0.8433
vn 0.4710 -0.0762 -0.8788
vn 0.4710 0.0762 -0.8788
vn 0.4520 0.2909 -0.8433
vn 0.3917 0.5591 -0.7308
vn 0.4854 0.8246 -0.2906
vn 0.2684 0.9498 -0.1606
vn 0.1155 0.9909 -0.0692
vn 0.8292 -0.5590 -0.0000
vn 0.9568 -0.2909 -0.0000
vn 0.9568 0.2909 -0.0000
vn 0.8292 0.5590 -0.0000
vn 0.6616 -0.2963 0.6888
vn 0.6614 -0.2970 0.6887
vn 0.6906 -0.0770 0.7191
vn 0.6906 -0.0771 0.7191
vn 0.6906 0.0770 0.7191
vn 0.6906 0.0771 0.7191
vn 0.6616 0.2963 0.6888
vn 0.6614 0.2970 0.6887
vn -0.2183 -0.8113 0.5424
vn -0.0000 -0.5685 0.8227
vn -0.0000 -0.2971 0.9548
vn -0.0000 -0.0769 0.9970
vn -0.0000 0.0769 0.9970
vn -0.0000 0.2971 0.9548
vn -0.0000 0.5685 0.8227
vn -0.2183 0.8113 0.5424
vn -0.5361 -0.8126 0.2285
vn -0.5700 -0.5683 0.5934
vn -0.6614 -0.2971 0.6887
vn -0.6616 -0.2964 0.6888
vn -0.6906 -0.0771 0.7191
vn -0.6906 -0.0770 0.7191
vn -0.6906 0.0771 0.7191
vn -0.6906 0.0770 0.7191
vn -0.6614 0.2971 0.6887
vn -0.6616 0.2964 0.6888
vn -0.5700 0.5683 0.5934
vn -0.5361 0.8126 0.2285
vn -0.1199 -0.9469 -0.2983
vn -0.0542 -0.9894 -0.1349
vn -0.2179 -0.8114 -0.5423
vn -0.5705 -0.5671 -0.5940
vn -0.5700 -0.5683 -0.5935
vn -0.6616 -0.2962 -0.6889
vn -0.6906 -0.0770 -0.7191
vn -0.6906 0.0770 -0.7191
vn -0.6616 0.2962 -0.6889
vn -0.5705 0.5671 -0.5940
vn -0.5700 0.5683 -0.5935
vn -0.2179 0.8114 -0.5423
vn -0.1199 0.9469 -0.2983
vn -0.0542 0.9894 -0.1349
vn 0.0008 -0.5683 -0.8228
vn 0.0009 -0.2971 -0.9548
vn 0.0009 -0.0772 -0.9970
vn 0.0009 0.0772 -0.9970
vn 0.0009 0.2971 -0.9548
vn 0.0008 0.5683 -0.8228
vn -0.1547 -0.9492 -0.2740
vn 0.1203 -0.9469 -0.2982
vn 0.0544 -0.9894 -0.1348
vn -0.0671 -0.9906 -0.1189
vn -0.2799 -0.8221 -0.4957
vn 0.0014 -0.5605 -0.8281
vn 0.0014 -0.5684 -0.8228
vn 0.0016 -0.2917 -0.9565
vn 0.0016 -0.2968 -0.9549
vn 0.0017 -0.0761 -0.9971
vn 0.0017 -0.0768 -0.9970
vn 0.0017 0.0761 -0.9971
vn 0.0017 0.0768 -0.9970
vn 0.0016 0.2917 -0.9565
vn 0.0016 0.2968 -0.9549
vn 0.0014 0.5605 -0.8281
vn 0.0014 0.5684 -0.8228
vn -0.2798 0.8221 -0.4957
vn -0.1547 0.9492 -0.2740
vn 0.1203 0.9469 -0.2983
vn -0.0671 0.9906 -0.1189
vn 0.6615 -0.2970 -0.6887
vn 0.6615 0.2970 -0.6887
vn 0.5362 0.8126 -0.2285
vn 0.1201 -0.9468 0.2984
vn 0.1201 0.9468 0.2984
vn -0.0808 -0.9466 0.3123
vn -0.1483 -0.8058 0.5733
vn -0.2026 -0.5876 0.7833
vn -0.0000 -0.2971 0.9549
vn -0.2381 -0.3105 0.9203
vn -0.0000 -0.0772 0.9970
vn -0.2497 -0.0802 0.9650
vn -0.0000 0.0772 0.9970
vn -0.2497 0.0802 0.9650
vn -0.0000 0.2971 0.9549
vn -0.2381 0.3105 0.9203
vn -0.2026 0.5876 0.7833
vn -0.1483 0.8058 0.5733
vn -0.0808 0.9466 0.3123
vn -0.4885 -0.8238 0.2877
vn -0.4020 -0.5594 0.7249
vn -0.4639 -0.2913 0.8366
vn -0.4835 -0.0763 0.8720
vn -0.4835 0.0763 0.8720
vn -0.4639 0.2913 0.8366
vn -0.4020 0.5594 0.7249
vn -0.4885 0.8238 0.2877
vn -0.3110 -0.9465 -0.0863
vn -0.1454 -0.9886 -0.0403
vn -0.5699 -0.8063 -0.1581
vn -0.8289 -0.5595 -0.0000
vn -0.7789 -0.5887 -0.2161
vn -0.9567 -0.2912 -0.0000
vn -0.9158 -0.3110 -0.2541
vn -0.9971 -0.0762 -0.0000
vn -0.9970 -0.0775 -0.0000
vn -0.9971 0.0762 -0.0000
vn -0.9970 0.0775 -0.0000
vn -0.9567 0.2912 -0.0000
vn -0.9158 0.3110 -0.2541
vn -0.8289 0.5595 -0.0000
vn -0.7789 0.5887 -0.2161
vn -0.5699 0.8064 -0.1581
vn -0.3110 0.9465 -0.0863
vn -0.1454 0.9886 -0.0403
vn -0.7097 -0.5606 -0.4266
vn -0.8198 -0.2918 -0.4928
vn -0.8545 -0.0773 -0.5137
vn -0.8546 -0.0762 -0.5137
vn -0.8545 0.0773 -0.5137
vn -0.8546 0.0762 -0.5137
vn -0.8198 0.2918 -0.4928
vn -0.7097 0.5606 -0.4266
vn 0.2762 -0.9611 -0.0000
vn -0.0000 -0.9589 0.2836
vn -0.0000 -0.9935 0.1135
vn 0.1090 -0.9940 -0.0000
vn 0.4443 -0.7672 0.4626
vn 0.5830 -0.5402 0.6070
vn 0.5815 -0.5433 0.6055
vn 0.6656 -0.2772 0.6930
vn 0.6651 -0.2796 0.6925
vn 0.6908 -0.0746 0.7192
vn 0.6908 0.0746 0.7192
vn 0.6656 0.2772 0.6930
vn 0.6651 0.2796 0.6925
vn 0.5830 0.5401 0.6070
vn 0.5815 0.5433 0.6055
vn 0.4443 0.7672 0.4626
vn 0.2762 0.9611 -0.0000
vn -0.0000 0.9589 0.2836
vn 0.1090 0.9940 -0.0000
vn -0.0000 0.9935 0.1135
vn -0.2825 -0.9592 0.0099
vn -0.1128 -0.9936 0.0040
vn -0.4443 -0.7671 0.4626
vn -0.4446 -0.7668 0.4629
vn -0.5815 -0.5434 0.6055
vn -0.5817 -0.5429 0.6057
vn -0.6650 -0.2797 0.6924
vn -0.6651 -0.2794 0.6925
vn -0.6908 -0.0747 0.7192
vn -0.6908 -0.0746 0.7192
vn -0.6908 0.0747 0.7192
vn -0.6908 0.0746 0.7192
vn -0.6650 0.2797 0.6924
vn -0.6651 0.2794 0.6925
vn -0.5815 0.5434 0.6055
vn -0.5817 0.5429 0.6057
vn -0.4443 0.7671 0.4626
vn -0.4446 0.7668 0.4629
vn -0.2825 0.9592 0.0099
vn -0.1128 0.9936 0.0040
vn -0.0097 -0.9608 -0.2770
vn -0.0039 -0.9940 -0.1095
vn -0.4762 -0.7667 -0.4306
vn -0.4779 -0.7647 -0.4321
vn -0.6228 -0.5431 -0.5632
vn -0.6240 -0.5407 -0.5642
vn -0.7122 -0.2793 -0.6440
vn -0.7126 -0.2775 -0.6443
vn -0.7397 -0.0744 -0.6688
vn -0.7397 -0.0742 -0.6688
vn -0.7397 0.0744 -0.6688
vn -0.7397 0.0742 -0.6688
vn -0.7122 0.2793 -0.6440
vn -0.7126 0.2775 -0.6443
vn -0.6228 0.5431 -0.5632
vn -0.6240 0.5407 -0.5642
vn -0.4762 0.7667 -0.4306
vn -0.4779 0.7647 -0.4321
vn -0.0097 0.9608 -0.2770
vn -0.0039 0.9940 -0.1095
vn 0.4462 -0.7650 -0.4645
vn 0.5829 -0.5403 -0.6069
vn 0.5831 -0.5399 -0.6071
vn 0.6655 -0.2773 -0.6929
vn 0.6656 -0.2770 -0.6930
vn 0.6908 -0.0743 -0.7192
vn 0.6908 0.0743 -0.7192
vn 0.6655 0.2773 -0.6929
vn 0.6656 0.2770 -0.6930
vn 0.5829 0.5403 -0.6069
vn 0.5831 0.5399 -0.6071
vn 0.4462 0.7650 -0.4645
vn 0.0392 -0.9530 0.3003
vn -0.2456 -0.9689 0.0319
vn -0.0928 -0.9956 0.0121
vn 0.0163 -0.9920 0.1253
vn -0.3063 -0.7754 0.5523
vn -0.3176 -0.7557 0.5727
vn -0.4042 -0.5525 0.7289
vn -0.4117 -0.5286 0.7424
vn -0.4646 -0.2865 0.8379
vn -0.4672 -0.2680 0.8426
vn -0.4836 -0.0757 0.8720
vn -0.4837 -0.0731 0.8722
vn -0.4836 0.0757 0.8720
vn -0.4837 0.0731 0.8722
vn -0.4646 0.2865 0.8379
vn -0.4672 0.2680 0.8426
vn -0.4042 0.5525 0.7289
vn -0.4117 0.5286 0.7424
vn -0.3063 0.7754 0.5523
vn -0.3176 0.7558 0.5727
vn 0.0392 0.9530 0.3003
vn -0.2456 0.9689 0.0319
vn 0.0163 0.9920 0.1253
vn -0.0928 0.9956 0.0121
vn -0.0000 -0.9589 -0.2836
vn -0.0000 -0.9935 -0.1135
vn -0.4538 -0.7556 -0.4725
vn -0.4444 -0.7671 -0.4627
vn -0.5879 -0.5289 -0.6121
vn -0.5816 -0.5433 -0.6055
vn -0.6673 -0.2680 -0.6948
vn -0.6650 -0.2798 -0.6924
vn -0.6908 -0.0730 -0.7193
vn -0.6908 -0.0747 -0.7192
vn -0.6908 0.0730 -0.7193
vn -0.6908 0.0747 -0.7192
vn -0.6673 0.2680 -0.6948
vn -0.6650 0.2798 -0.6924
vn -0.5879 0.5289 -0.6121
vn -0.5816 0.5433 -0.6055
vn -0.4538 0.7556 -0.4725
vn -0.4444 0.7671 -0.4627
vn -0.0000 0.9589 -0.2836
vn -0.0000 0.9935 -0.1135
vn 0.2763 -0.9611 0.0001
vn 0.4444 -0.7671 -0.4627
vn 0.4466 -0.7644 -0.4650
vn 0.5815 -0.5435 -0.6054
vn 0.6651 -0.2796 -0.6925
vn 0.6656 -0.2771 -0.6930
vn 0.6908 -0.0745 -0.7192
vn 0.6908 0.0745 -0.7192
vn 0.6651 0.2796 -0.6925
vn 0.6656 0.2771 -0.6930
vn 0.5815 0.5435 -0.6054
vn 0.4444 0.7671 -0.4627
vn 0.4466 0.7644 -0.4650
vn 0.2763 0.9611 0.0001
vn 0.4466 -0.7645 0.4650
vn 0.4376 -0.7752 0.4556
vn 0.5829 -0.5403 0.6069
vn 0.5772 -0.5529 0.6010
vn 0.6637 -0.2865 0.6910
vn 0.6907 -0.0755 0.7192
vn 0.6907 0.0755 0.7192
vn 0.6637 0.2865 0.6910
vn 0.5829 0.5403 0.6069
vn 0.5772 0.5529 0.6010
vn 0.4466 0.7645 0.4650
vn 0.4376 0.7752 0.4556
vn -0.1980 -0.9600 0.1980
vn -0.0000 -0.2785 0.9604
vn -0.0000 0.2785 0.9604
vn -0.1980 0.9600 0.1980
vn -0.2000 -0.9597 -0.1975
vn -0.0796 -0.9937 -0.0787
vn -0.6426 -0.7662 -0.0000
vn -0.8403 -0.5422 -0.0000
vn -0.9604 -0.2785 -0.0000
vn -0.9603 -0.2788 -0.0000
vn -0.9972 -0.0745 -0.0000
vn -0.9972 0.0745 -0.0000
vn -0.9604 0.2785 -0.0000
vn -0.9603 0.2788 -0.0000
vn -0.8403 0.5422 -0.0000
vn -0.6426 0.7662 -0.0000
vn -0.2000 0.9597 -0.1975
vn -0.0796 0.9937 -0.0787
vn 0.1961 -0.9603 -0.1984
vn 0.0778 -0.9939 -0.0787
vn -0.0077 -0.7663 -0.6425
vn -0.0077 -0.7655 -0.6434
vn -0.0100 -0.5421 -0.8402
vn -0.0100 -0.5412 -0.8408
vn -0.0115 -0.2788 -0.9603
vn -0.0115 -0.2781 -0.9605
vn -0.0119 -0.0745 -0.9971
vn -0.0119 -0.0744 -0.9972
vn -0.0119 0.0745 -0.9971
vn -0.0119 0.0744 -0.9972
vn -0.0115 0.2788 -0.9603
vn -0.0115 0.2781 -0.9605
vn -0.0100 0.5421 -0.8402
vn -0.0100 0.5412 -0.8408
vn -0.0077 0.7663 -0.6425
vn -0.0077 0.7655 -0.6434
vn 0.1961 0.9603 -0.1984
vn 0.6435 -0.7655 -0.0000
vn 0.9605 -0.2781 -0.0000
vn 0.9605 0.2781 -0.0000
vn 0.6435 0.7655 -0.0000
vn 0.0010 -0.9591 -0.2830
vn 0.2769 -0.9609 0.0011
vn 0.1095 -0.9940 0.0004
vn 0.0004 -0.9936 -0.1131
vn 0.4480 -0.7669 -0.4595
vn 0.4497 -0.7648 -0.4613
vn 0.5862 -0.5430 -0.6013
vn 0.5874 -0.5403 -0.6025
vn 0.6703 -0.2791 -0.6876
vn 0.6707 -0.2771 -0.6880
vn 0.6961 -0.0744 -0.7141
vn 0.6961 -0.0741 -0.7141
vn 0.6961 0.0744 -0.7141
vn 0.6961 0.0741 -0.7141
vn 0.6703 0.2791 -0.6876
vn 0.6707 0.2771 -0.6880
vn 0.5862 0.5430 -0.6013
vn 0.5874 0.5403 -0.6025
vn 0.4480 0.7669 -0.4595
vn 0.4497 0.7648 -0.4613
vn 0.0010 0.9591 -0.2830
vn 0.2769 0.9609 0.0011
vn 0.0004 0.9936 -0.1131
vn 0.1095 0.9940 0.0004
vn -0.0000 -0.9589 0.2837
vn 0.4463 -0.7648 0.4647
vn 0.5827 -0.5406 0.6067
vn 0.5814 -0.5435 0.6054
vn 0.6655 -0.2775 0.6929
vn 0.6651 -0.2797 0.6924
vn 0.6908 -0.0745 0.7192
vn 0.6908 0.0745 0.7192
vn 0.6655 0.2775 0.6929
vn 0.6651 0.2797 0.6925
vn 0.5827 0.5406 0.6067
vn 0.5814 0.5435 0.6054
vn 0.4463 0.7648 0.4647
vn -0.0000 0.9589 0.2837
vn -0.4443 -0.7672 0.4626
vn -0.4465 -0.7646 0.4649
vn -0.5815 -0.5434 0.6054
vn -0.5829 -0.5402 0.6069
vn -0.6656 -0.2770 0.6930
vn -0.6908 -0.0744 0.7192
vn -0.6908 0.0744 0.7192
vn -0.6656 0.2770 0.6930
vn -0.5815 0.5434 0.6054
vn -0.5829 0.5402 0.6069
vn -0.4443 0.7672 0.4626
vn -0.4465 0.7646 0.4649
vn -0.4446 -0.7669 -0.4629
vn -0.5817 -0.5430 -0.6056
vn -0.6651 -0.2793 -0.6925
vn -0.6908 -0.0745 -0.7192
vn -0.6908 0.0745 -0.7192
vn -0.6651 0.2793 -0.6925
vn -0.5817 0.5430 -0.6056
vn -0.4445 0.7669 -0.4629
vn -0.2788 -0.9603 0.0039
vn -0.0038 -0.9596 -0.2812
vn -0.0016 -0.9937 -0.1120
vn -0.1106 -0.9939 0.0015
vn -0.4584 -0.7654 -0.4517
vn -0.4577 -0.7663 -0.4510
vn -0.5990 -0.5412 -0.5902
vn -0.5985 -0.5422 -0.5898
vn -0.6843 -0.2778 -0.6743
vn -0.6841 -0.2786 -0.6741
vn -0.7103 -0.0742 -0.7000
vn -0.7103 -0.0743 -0.7000
vn -0.7103 0.0742 -0.7000
vn -0.7103 0.0743 -0.7000
vn -0.6843 0.2778 -0.6743
vn -0.6841 0.2786 -0.6741
vn -0.5990 0.5412 -0.5902
vn -0.5985 0.5422 -0.5898
vn -0.4584 0.7654 -0.4517
vn -0.4577 0.7663 -0.4510
vn -0.2788 0.9603 0.0039
vn -0.0038 0.9596 -0.2812
vn -0.1106 0.9939 0.0015
vn -0.0016 0.9937 -0.1120
vn 0.4450 -0.7663 -0.4634
vn 0.4465 -0.7646 -0.4649
vn 0.5820 -0.5422 -0.6060
vn 0.6653 -0.2787 -0.6927
vn 0.6908 -0.0744 -0.7192
vn 0.6908 0.0744 -0.7192
vn 0.6653 0.2787 -0.6927
vn 0.5820 0.5422 -0.6060
vn 0.4450 0.7663 -0.4634
vn 0.4465 0.7646 -0.4649
vn 0.4465 -0.7645 0.4649
vn 0.5815 -0.5434 0.6054
vn 0.6651 0.2797 0.6924
vn 0.5815 0.5434 0.6054
vn 0.4465 0.7645 0.4649
vn -0.4444 -0.7671 0.4627
vn -0.4458 -0.7654 0.4642
vn -0.5824 -0.5413 0.6064
vn -0.6651 -0.2796 0.6925
vn -0.6654 -0.2780 0.6928
vn -0.6908 -0.0745 0.7192
vn -0.6908 -0.0742 0.7192
vn -0.6908 0.0745 0.7192
vn -0.6908 0.0742 0.7192
vn -0.6651 0.2796 0.6925
vn -0.6654 0.2780 0.6928
vn -0.5824 0.5413 0.6064
vn -0.4444 0.7671 0.4627
vn -0.4458 0.7654 0.4642
vn 0.1909 -0.9563 -0.2215
vn 0.3141 -0.9491 -0.0232
vn 0.1556 -0.9878 -0.0115
vn 0.0778 -0.9929 -0.0902
vn 0.6304 -0.7706 -0.0938
vn 0.5899 -0.8063 -0.0436
vn 0.8278 -0.5474 -0.1231
vn 0.8086 -0.5854 -0.0598
vn 0.9488 -0.2826 -0.1411
vn 0.9489 -0.3076 -0.0702
vn 0.9863 -0.0749 -0.1467
vn 0.9942 -0.0784 -0.0735
vn 0.9863 0.0749 -0.1467
vn 0.9942 0.0784 -0.0735
vn 0.9488 0.2826 -0.1411
vn 0.9489 0.3076 -0.0702
vn 0.8278 0.5474 -0.1231
vn 0.8086 0.5854 -0.0598
vn 0.6304 0.7706 -0.0938
vn 0.5899 0.8063 -0.0436
vn 0.1909 0.9563 -0.2215
vn 0.3141 0.9491 -0.0232
vn 0.0778 0.9929 -0.0902
vn 0.1556 0.9878 -0.0115
vn 0.8405 -0.5418 -0.0000
vn 0.8405 0.5418 -0.0000
vn -0.8405 -0.5418 -0.0000
vn -0.8405 0.5418 -0.0000
vn -0.0000 -0.7706 -0.6373
vn -0.0000 -0.5473 -0.8369
vn -0.0000 -0.2827 -0.9592
vn -0.0000 -0.0751 -0.9972
vn -0.0000 0.0751 -0.9972
vn -0.0000 0.2827 -0.9592
vn -0.0000 0.5473 -0.8369
vn -0.0000 0.7706 -0.6373
vn 0.2182 -0.8114 0.5422
vn 0.2182 0.8114 0.5422
vn -0.1571 -0.9855 -0.0635
vn -0.0546 -0.9983 -0.0220
vn -0.4682 -0.7369 0.4875
vn -0.5990 -0.5022 0.6237
vn -0.6725 -0.2394 0.7003
vn -0.6911 -0.0679 0.7196
vn -0.6911 0.0678 0.7196
vn -0.6725 0.2394 0.7003
vn -0.5990 0.5022 0.6237
vn -0.4682 0.7369 0.4875
vn -0.1571 0.9855 -0.0635
vn -0.0546 0.9983 -0.0220
vn 0.1581 -0.9854 -0.0634
vn 0.0550 -0.9982 -0.0220
vn 0.0017 -0.7369 -0.6760
vn 0.0017 -0.7370 -0.6758
vn 0.0021 -0.5022 -0.8647
vn 0.0021 -0.5025 -0.8646
vn 0.0024 -0.2396 -0.9709
vn 0.0024 -0.2399 -0.9708
vn 0.0025 -0.0679 -0.9977
vn 0.0025 -0.0680 -0.9977
vn 0.0025 0.0679 -0.9977
vn 0.0025 0.0680 -0.9977
vn 0.0024 0.2396 -0.9709
vn 0.0024 0.2399 -0.9708
vn 0.0021 0.5022 -0.8647
vn 0.0021 0.5025 -0.8646
vn 0.0017 0.7369 -0.6760
vn 0.0017 0.7371 -0.6758
vn 0.1581 0.9854 -0.0634
vn 0.0550 0.9982 -0.0220
vn 0.4680 -0.7372 0.4873
vn 0.5990 -0.5023 0.6236
vn 0.6725 -0.2398 0.7002
vn 0.6911 -0.0680 0.7196
vn 0.6906 -0.0768 0.7191
vn 0.6911 0.0680 0.7196
vn 0.6906 0.0768 0.7191
vn 0.6725 0.2398 0.7002
vn 0.5990 0.5023 0.6236
vn 0.4681 0.7371 0.4874
vn -0.0694 -0.9842 0.1630
vn -0.0243 -0.9981 0.0570
vn 0.4670 -0.7386 0.4862
vn 0.5704 -0.5673 0.5939
vn 0.5980 -0.5047 0.6226
vn 0.6720 -0.2426 0.6997
vn 0.6911 -0.0685 0.7195
vn 0.6911 0.0685 0.7195
vn 0.6720 0.2426 0.6997
vn 0.5704 0.5673 0.5939
vn 0.5980 0.5047 0.6226
vn 0.4670 0.7386 0.4862
vn -0.0694 0.9842 0.1630
vn -0.0243 0.9981 0.0570
vn -0.0636 -0.9854 -0.1577
vn -0.0221 -0.9983 -0.0548
vn -0.6742 -0.7386 -0.0000
vn -0.6758 -0.7371 -0.0000
vn -0.8634 -0.5045 -0.0000
vn -0.8647 -0.5022 -0.0000
vn -0.9701 -0.2425 -0.0000
vn -0.9709 -0.2397 -0.0000
vn -0.9977 -0.0685 -0.0000
vn -0.9977 -0.0679 -0.0000
vn -0.9977 0.0685 -0.0000
vn -0.9977 0.0679 -0.0000
vn -0.9701 0.2425 -0.0000
vn -0.9709 0.2397 -0.0000
vn -0.8634 0.5045 -0.0000
vn -0.8647 0.5022 -0.0000
vn -0.6742 0.7386 -0.0000
vn -0.6758 0.7371 -0.0000
vn -0.0636 0.9854 -0.1577
vn -0.0221 0.9983 -0.0548
vn 0.2983 -0.9469 -0.1203
vn 0.1348 -0.9894 -0.0543
vn 0.4868 -0.7371 -0.4688
vn 0.5421 -0.8114 -0.2186
vn 0.6228 -0.5023 -0.5998
vn 0.5927 -0.5683 -0.5708
vn 0.6992 -0.2400 -0.6734
vn 0.6878 -0.2969 -0.6624
vn 0.7186 -0.0681 -0.6921
vn 0.7181 -0.0770 -0.6916
vn 0.7186 0.0681 -0.6921
vn 0.7181 0.0770 -0.6916
vn 0.6992 0.2400 -0.6734
vn 0.6878 0.2969 -0.6624
vn 0.6228 0.5023 -0.5998
vn 0.5927 0.5683 -0.5708
vn 0.4868 0.7371 -0.4688
vn 0.5421 0.8114 -0.2186
vn 0.2983 0.9469 -0.1203
vn 0.1348 0.9894 -0.0543
vn 0.8228 -0.5684 -0.0000
vn 0.8235 -0.5673 -0.0000
vn 0.9549 -0.2969 -0.0000
vn 0.9549 0.2969 -0.0000
vn 0.8228 0.5684 -0.0000
vn 0.8235 0.5673 -0.0000
vn -0.5362 -0.8126 -0.2285
vn -0.5362 0.8126 -0.2284
vn 0.0694 -0.9841 -0.1637
vn 0.0243 -0.9981 -0.0573
vn -0.4669 -0.7387 -0.4862
vn -0.5979 -0.5050 -0.6225
vn -0.6720 -0.2429 -0.6996
vn -0.6911 -0.0686 -0.7195
vn -0.6911 0.0686 -0.7195
vn -0.6720 0.2429 -0.6996
vn -0.5979 0.5050 -0.6225
vn -0.4669 0.7387 -0.4862
vn 0.0694 0.9841 -0.1637
vn 0.0243 0.9981 -0.0573
vn 0.0695 -0.9843 0.1622
vn 0.0243 -0.9981 0.0567
vn 0.6740 -0.7387 -0.0026
vn 0.6743 -0.7384 -0.0026
vn 0.8632 -0.5048 -0.0033
vn 0.8635 -0.5044 -0.0033
vn 0.9701 -0.2428 -0.0037
vn 0.9702 -0.2423 -0.0037
vn 0.9976 -0.0686 -0.0038
vn 0.9976 -0.0685 -0.0038
vn 0.9976 0.0686 -0.0038
vn 0.9976 0.0685 -0.0038
vn 0.9701 0.2428 -0.0037
vn 0.9702 0.2423 -0.0037
vn 0.8632 0.5048 -0.0033
vn 0.8635 0.5044 -0.0033
vn 0.6740 0.7387 -0.0026
vn 0.6743 0.7384 -0.0026
vn 0.0695 0.9843 0.1622
vn 0.0243 0.9981 0.0567
vn -0.4671 -0.7384 0.4864
vn -0.5981 -0.5044 0.6228
vn -0.6721 -0.2423 0.6997
vn -0.6911 -0.0685 0.7195
vn -0.6911 0.0685 0.7195
vn -0.6721 0.2423 0.6997
vn -0.5981 0.5044 0.6228
vn -0.5705 0.5673 0.5940
vn -0.4671 0.7384 0.4863
vn -0.0000 -0.5684 0.8227
vn -0.0000 0.5684 0.8227
vn -0.1575 -0.9855 -0.0634
vn -0.0548 -0.9983 -0.0220
vn -0.4681 -0.7371 0.4874
vn -0.5991 -0.5021 0.6237
vn -0.6725 -0.2396 0.7002
vn -0.6911 -0.0680 0.7196
vn -0.6911 0.0680 0.7196
vn -0.6725 0.2396 0.7002
vn -0.5991 0.5021 0.6237
vn -0.4681 0.7371 0.4874
vn -0.1575 0.9855 -0.0634
vn -0.0548 0.9983 -0.0220
vn 0.1576 -0.9855 -0.0635
vn 0.0548 -0.9983 -0.0220
vn 0.0003 -0.7370 -0.6759
vn 0.0003 -0.7371 -0.6758
vn 0.0004 -0.5021 -0.8648
vn 0.0004 -0.5022 -0.8648
vn 0.0004 -0.2394 -0.9709
vn 0.0005 -0.0678 -0.9977
vn 0.0005 0.0678 -0.9977
vn 0.0004 0.2394 -0.9709
vn 0.0004 0.5021 -0.8648
vn 0.0004 0.5022 -0.8648
vn 0.0003 0.7370 -0.6759
vn 0.0003 0.7371 -0.6758
vn 0.1576 0.9855 -0.0635
vn 0.0548 0.9983 -0.0220
vn 0.4682 -0.7370 0.4875
vn 0.5989 -0.5024 0.6236
vn 0.6725 -0.2397 0.7002
vn 0.6725 0.2397 0.7002
vn 0.5989 0.5024 0.6236
vn 0.4682 0.7370 0.4875
vn 0.1572 -0.9855 0.0634
vn -0.1579 -0.9854 0.0633
vn -0.0549 -0.9982 0.0220
vn 0.0546 -0.9983 0.0220
vn -0.0012 -0.7370 0.6759
vn -0.0012 -0.7371 0.6757
vn -0.0015 -0.5021 0.8648
vn -0.0015 -0.5023 0.8647
vn -0.0017 -0.2394 0.9709
vn -0.0017 -0.2397 0.9708
vn -0.0017 -0.0679 0.9977
vn -0.0017 0.0679 0.9977
vn -0.0017 0.2394 0.9709
vn -0.0017 0.2397 0.9708
vn -0.0015 0.5021 0.8648
vn -0.0015 0.5023 0.8647
vn -0.0012 0.7370 0.6759
vn -0.0012 0.7371 0.6757
vn 0.1572 0.9855 0.0634
vn -0.1579 0.9854 0.0633
vn 0.0546 0.9983 0.0220
vn -0.0549 0.9982 0.0221
vn -0.4681 -0.7371 -0.4874
vn -0.5990 -0.5023 -0.6236
vn -0.5699 -0.5683 -0.5934
vn -0.6725 -0.2400 -0.7002
vn -0.6911 -0.0681 -0.7196
vn -0.6911 0.0681 -0.7196
vn -0.6725 0.2400 -0.7002
vn -0.5990 0.5023 -0.6236
vn -0.5699 0.5683 -0.5934
vn -0.4681 0.7371 -0.4874
vn 0.2182 -0.8113 -0.5423
vn -0.0000 -0.0770 -0.9970
vn -0.0000 0.0770 -0.9970
vn 0.2182 0.8113 -0.5423
vn 0.4682 -0.7370 -0.4875
vn 0.5990 -0.5021 -0.6237
vn 0.6725 -0.2396 -0.7002
vn 0.6911 -0.0679 -0.7196
vn 0.6911 0.0679 -0.7196
vn 0.6725 0.2396 -0.7002
vn 0.5990 0.5021 -0.6237
vn 0.4682 0.7370 -0.4875
vn -0.2519 -0.9519 -0.1744
vn -0.1062 -0.9916 -0.0735
vn -0.4557 -0.8324 -0.3154
vn -0.8320 -0.5547 -0.0000
vn -0.9576 -0.2879 -0.0000
vn -0.9971 -0.0758 -0.0000
vn -0.9971 0.0758 -0.0000
vn -0.9576 0.2879 -0.0000
vn -0.8320 0.5547 -0.0000
vn -0.4557 0.8324 -0.3154
vn -0.2519 0.9519 -0.1744
vn -0.1062 0.9916 -0.0735
vn -0.1737 -0.9774 -0.1202
vn -0.3893 -0.8808 -0.2696
vn -0.2929 -0.5549 -0.7787
vn -0.2770 -0.6170 -0.7366
vn -0.3371 -0.2879 -0.8964
vn -0.3326 -0.3276 -0.8843
vn -0.3510 -0.0756 -0.9333
vn -0.3509 -0.0810 -0.9329
vn -0.3510 0.0756 -0.9333
vn -0.3509 0.0810 -0.9329
vn -0.3371 0.2879 -0.8964
vn -0.3326 0.3276 -0.8843
vn -0.2929 0.5549 -0.7787
vn -0.2770 0.6170 -0.7366
vn -0.3893 0.8808 -0.2696
vn -0.1737 0.9774 -0.1202
vn -0.1750 -0.9772 0.1200
vn -0.1068 -0.9916 0.0733
vn -0.3916 -0.8800 0.2686
vn -0.7870 -0.6169 -0.0000
vn -0.7872 -0.6167 -0.0000
vn -0.9449 -0.3275 -0.0000
vn -0.9449 -0.3273 -0.0000
vn -0.9967 -0.0810 -0.0000
vn -0.9967 0.0810 -0.0000
vn -0.9449 0.3275 -0.0000
vn -0.9449 0.3273 -0.0000
vn -0.7870 0.6169 -0.0000
vn -0.7872 0.6167 -0.0000
vn -0.3916 0.8800 0.2686
vn -0.1750 0.9772 0.1200
vn -0.1068 0.9916 0.0733
vn -0.2531 -0.9518 0.1735
vn -0.1068 -0.9916 0.0732
vn -0.4578 -0.8318 0.3139
vn -0.2836 -0.6167 0.7344
vn -0.2997 -0.5550 0.7760
vn -0.3404 -0.3274 0.8815
vn -0.3450 -0.2881 0.8933
vn -0.3590 -0.0811 0.9298
vn -0.3592 -0.0758 0.9302
vn -0.3590 0.0811 0.9298
vn -0.3592 0.0758 0.9302
vn -0.3404 0.3274 0.8815
vn -0.3450 0.2881 0.8933
vn -0.2836 0.6167 0.7344
vn -0.2997 0.5550 0.7760
vn -0.4578 0.8318 0.3139
vn -0.2531 0.9518 0.1735
vn -0.1068 0.9916 0.0732
vn -0.8318 -0.5550 -0.0000
vn -0.9576 -0.2882 -0.0000
vn -0.9576 0.2882 -0.0000
vn -0.8318 0.5550 -0.0000
vn -0.6562 -0.3203 -0.6832
vn -0.6561 -0.3209 -0.6831
vn -0.6905 -0.0802 -0.7189
vn -0.6905 0.0802 -0.7189
vn -0.6562 0.3203 -0.6832
vn -0.6561 0.3209 -0.6831
vn -0.5506 -0.6068 0.5732
vn -0.5511 -0.6059 0.5738
vn -0.6561 0.3208 0.6831
vn -0.5506 0.6068 0.5732
vn -0.5511 0.6059 0.5738
vn -0.1611 -0.9847 0.0672
vn -0.0562 -0.9981 0.0235
vn -0.0000 -0.7379 0.6749
vn -0.0000 -0.3200 0.9474
vn -0.0000 -0.2413 0.9705
vn -0.0000 -0.0798 0.9968
vn -0.0000 -0.0682 0.9977
vn -0.0000 0.0798 0.9968
vn -0.0000 0.0682 0.9977
vn -0.0000 0.3200 0.9474
vn -0.0000 0.2413 0.9705
vn -0.0000 0.7379 0.6749
vn -0.1611 0.9847 0.0672
vn -0.0562 0.9981 0.0235
vn -0.1685 -0.9857 0.0022
vn -0.1105 -0.9939 0.0014
vn -0.4798 -0.7380 -0.4744
vn -0.3791 -0.8460 -0.3748
vn -0.6143 -0.5037 -0.6074
vn -0.5537 -0.6276 -0.5474
vn -0.6900 -0.2417 -0.6822
vn -0.6701 -0.3349 -0.6625
vn -0.7095 -0.0684 -0.7014
vn -0.7087 -0.0822 -0.7007
vn -0.7095 0.0684 -0.7014
vn -0.7087 0.0822 -0.7007
vn -0.6900 0.2417 -0.6822
vn -0.6701 0.3349 -0.6625
vn -0.6143 0.5037 -0.6074
vn -0.5537 0.6276 -0.5474
vn -0.4798 0.7381 -0.4744
vn -0.3791 0.8460 -0.3748
vn -0.1685 0.9857 0.0022
vn -0.1105 0.9939 0.0014
vn -0.0548 -0.9983 -0.0221
vn -0.3693 -0.8460 0.3845
vn -0.5393 -0.6275 0.5616
vn -0.5989 -0.5025 0.6236
vn -0.6527 -0.3350 0.6795
vn -0.6725 -0.2397 0.7002
vn -0.6904 -0.0821 0.7188
vn -0.6904 0.0821 0.7188
vn -0.6911 0.0679 0.7196
vn -0.6527 0.3350 0.6795
vn -0.6725 0.2397 0.7002
vn -0.5393 0.6275 0.5616
vn -0.5989 0.5025 0.6236
vn -0.3693 0.8460 0.3845
vn -0.0548 0.9983 -0.0221
vn -0.0000 -0.7369 -0.6760
vn 0.2182 -0.8113 -0.5424
vn -0.0000 -0.5021 -0.8648
vn -0.0000 -0.5682 -0.8229
vn -0.0000 0.5021 -0.8648
vn -0.0000 0.5682 -0.8229
vn -0.0000 0.7369 -0.6760
vn 0.2182 0.8113 -0.5424
vn 0.6615 -0.2967 -0.6888
vn 0.6617 -0.2960 -0.6889
vn 0.6907 -0.0766 -0.7191
vn 0.6907 0.0766 -0.7191
vn 0.6615 0.2967 -0.6888
vn 0.6617 0.2960 -0.6889
vn 0.3066 -0.9465 0.1006
vn 0.1414 -0.9889 0.0464
vn 0.5598 -0.8080 0.1837
vn 0.7660 -0.5916 0.2514
vn 0.9542 -0.2990 -0.0000
vn 0.9542 0.2990 -0.0000
vn 0.7660 0.5916 0.2514
vn 0.5598 0.8080 0.1837
vn 0.3066 0.9465 0.1006
vn 0.1414 0.9889 0.0464
vn 0.2542 -0.9635 0.0834
vn 0.5201 -0.8369 0.1707
vn 0.7439 -0.6222 0.2441
vn 0.7686 -0.2993 0.5654
vn 0.7637 -0.3183 0.5617
vn 0.8032 -0.0773 0.5907
vn 0.8030 -0.0799 0.5906
vn 0.8032 0.0773 0.5907
vn 0.8030 0.0799 0.5906
vn 0.7686 0.2993 0.5654
vn 0.7637 0.3183 0.5617
vn 0.7438 0.6222 0.2441
vn 0.5201 0.8369 0.1707
vn 0.2542 0.9635 0.0834
vn 0.2439 -0.9655 -0.0913
vn 0.1374 -0.9892 -0.0514
vn 0.5050 -0.8422 -0.1890
vn 0.7277 -0.6296 -0.2723
vn 0.9480 -0.3183 -0.0000
vn 0.9476 -0.3196 -0.0000
vn 0.9968 -0.0799 -0.0000
vn 0.9968 0.0799 -0.0000
vn 0.9480 0.3183 -0.0000
vn 0.9476 0.3196 -0.0000
vn 0.7277 0.6296 -0.2723
vn 0.5050 0.8422 -0.1890
vn 0.2439 0.9655 -0.0913
vn 0.1374 0.9892 -0.0514
vn 0.3018 -0.9467 -0.1129
vn 0.5493 -0.8099 -0.2056
vn 0.7528 -0.5949 -0.2817
vn 0.7148 -0.3195 -0.6221
vn 0.7201 -0.2977 -0.6267
vn 0.7519 -0.0799 -0.6544
vn 0.7521 -0.0770 -0.6545
vn 0.7519 0.0799 -0.6544
vn 0.7521 0.0770 -0.6545
vn 0.7148 0.3195 -0.6221
vn 0.7201 0.2977 -0.6267
vn 0.7528 0.5949 -0.2817
vn 0.5493 0.8099 -0.2056
vn 0.3018 0.9467 -0.1129
vn 0.3052 -0.9465 0.1045
vn 0.1402 -0.9890 0.0480
vn 0.5567 -0.8086 0.1906
vn 0.7621 -0.5926 0.2609
vn 0.9547 -0.2976 -0.0000
vn 0.9544 -0.2986 -0.0000
vn 0.9970 -0.0770 -0.0000
vn 0.9970 0.0770 -0.0000
vn 0.9547 0.2976 -0.0000
vn 0.9544 0.2986 -0.0000
vn 0.7621 0.5926 0.2609
vn 0.5567 0.8086 0.1906
vn 0.3052 0.9465 0.1045
vn 0.1402 0.9890 0.0480
vn 0.2510 -0.9642 0.0859
vn 0.5155 -0.8385 0.1765
vn 0.7390 -0.6244 0.2530
vn 0.7541 -0.2986 0.5849
vn 0.7490 -0.3185 0.5810
vn 0.7878 -0.0770 0.6111
vn 0.7877 -0.0796 0.6109
vn 0.7878 0.0770 0.6111
vn 0.7877 0.0796 0.6109
vn 0.7541 0.2986 0.5849
vn 0.7490 0.3185 0.5810
vn 0.7390 0.6244 0.2530
vn 0.5155 0.8385 0.1765
vn 0.2510 0.9642 0.0859
vn 0.2520 -0.9640 -0.0851
vn 0.1406 -0.9889 -0.0475
vn 0.5170 -0.8380 -0.1746
vn 0.7405 -0.6237 -0.2502
vn 0.9479 -0.3185 -0.0000
vn 0.9479 -0.3184 -0.0000
vn 0.9968 -0.0797 -0.0000
vn 0.9968 0.0797 -0.0000
vn 0.9479 0.3185 -0.0000
vn 0.9479 0.3184 -0.0000
vn 0.7405 0.6237 -0.2502
vn 0.5170 0.8380 -0.1746
vn 0.2520 0.9640 -0.0851
vn 0.1406 0.9889 -0.0475
vn 0.3057 -0.9465 -0.1032
vn 0.5577 -0.8084 -0.1884
vn 0.7634 -0.5923 -0.2579
vn 0.7538 -0.3185 -0.5748
vn 0.7588 -0.2988 -0.5787
vn 0.7926 -0.0796 -0.6045
vn 0.7928 -0.0770 -0.6046
vn 0.7926 0.0796 -0.6045
vn 0.7928 0.0770 -0.6046
vn 0.7538 0.3185 -0.5748
vn 0.7588 0.2988 -0.5787
vn 0.7634 0.5923 -0.2579
vn 0.5577 0.8084 -0.1884
vn 0.3057 0.9465 -0.1032
vn 0.2981 -0.9469 0.1206
vn 0.1347 -0.9894 0.0545
vn 0.5418 -0.8115 0.2191
vn 0.9543 -0.2988 -0.0000
vn 0.9543 0.2988 -0.0000
vn 0.5418 0.8115 0.2191
vn 0.2981 0.9469 0.1206
vn 0.1347 0.9894 0.0545
vn 0.1254 -0.9471 0.2956
vn 0.0563 -0.9895 0.1328
vn 0.2276 -0.8125 0.5367
vn 0.5914 -0.5685 0.5719
vn 0.5919 -0.5675 0.5724
vn 0.6864 -0.2968 0.6638
vn 0.6866 -0.2962 0.6640
vn 0.7167 -0.0767 0.6931
vn 0.7167 0.0767 0.6931
vn 0.6864 0.2968 0.6638
vn 0.6866 0.2962 0.6640
vn 0.5914 0.5685 0.5719
vn 0.5919 0.5675 0.5724
vn 0.2276 0.8125 0.5367
vn 0.1254 0.9471 0.2956
vn 0.0563 0.9895 0.1328
vn -0.1692 -0.9826 0.0772
vn -0.0597 -0.9978 0.0272
vn -0.0000 -0.2463 0.9692
vn -0.0000 -0.0694 0.9976
vn -0.0000 0.0694 0.9976
vn -0.0000 0.2463 0.9692
vn -0.1692 0.9826 0.0772
vn -0.0597 0.9978 0.0272
vn -0.2441 -0.9655 -0.0912
vn -0.1375 -0.9892 -0.0514
vn -0.5075 -0.7404 -0.4406
vn -0.5053 -0.8421 -0.1887
vn -0.6507 -0.5075 -0.5649
vn -0.7279 -0.6295 -0.2720
vn -0.7319 -0.2460 -0.6355
vn -0.7155 -0.3194 -0.6213
vn -0.7533 -0.0692 -0.6540
vn -0.7527 -0.0798 -0.6535
vn -0.7533 0.0692 -0.6540
vn -0.7527 0.0798 -0.6535
vn -0.7319 0.2460 -0.6355
vn -0.7155 0.3194 -0.6213
vn -0.6507 0.5075 -0.5649
vn -0.7279 0.6295 -0.2720
vn -0.5075 0.7405 -0.4406
vn -0.5053 0.8421 -0.1887
vn -0.2441 0.9655 -0.0912
vn -0.1375 0.9892 -0.0514
vn -0.9476 -0.3195 -0.0000
vn -0.9476 0.3195 -0.0000
vn -0.1979 -0.9600 -0.1980
vn -0.9605 -0.2782 -0.0000
vn -0.9605 0.2782 -0.0000
vn -0.1979 0.9600 -0.1980
vn 0.1981 -0.9600 -0.1980
vn 0.0004 -0.7658 -0.6431
vn 0.0005 -0.5417 -0.8406
vn 0.0005 -0.5417 -0.8405
vn 0.0006 -0.2784 -0.9605
vn 0.0006 -0.0744 -0.9972
vn 0.0006 0.0744 -0.9972
vn 0.0006 0.2784 -0.9605
vn 0.0005 0.5417 -0.8406
vn 0.0005 0.5417 -0.8405
vn 0.0004 0.7658 -0.6431
vn 0.0004 0.7658 -0.6430
vn 0.1981 0.9600 -0.1980
vn -0.1978 -0.9600 -0.1981
vn 0.1982 -0.9600 -0.1979
vn 0.0788 -0.9938 -0.0787
vn -0.0786 -0.9938 -0.0787
vn 0.0008 -0.7658 -0.6431
vn 0.0008 -0.7659 -0.6430
vn 0.0011 -0.5417 -0.8405
vn 0.0011 -0.5418 -0.8405
vn 0.0012 -0.2783 -0.9605
vn 0.0012 -0.2784 -0.9605
vn 0.0013 -0.0743 -0.9972
vn 0.0013 0.0743 -0.9972
vn 0.0012 0.2783 -0.9605
vn 0.0012 0.2784 -0.9605
vn 0.0011 0.5417 -0.8405
vn 0.0011 0.5418 -0.8405
vn 0.0008 0.7658 -0.6431
vn 0.0008 0.7659 -0.6430
vn -0.1978 0.9600 -0.1981
vn 0.1982 0.9600 -0.1979
vn -0.0786 0.9938 -0.0787
vn 0.0788 0.9938 -0.0787
vn 0.8405 -0.5417 -0.0000
vn 0.8405 0.5417 -0.0000
vn -0.6431 -0.7658 -0.0000
vn -0.6431 0.7658 -0.0000
vn -0.0000 -0.5418 0.8405
vn -0.0000 -0.0744 0.9972
vn -0.0000 0.0744 0.9972
vn -0.0000 0.5418 0.8405
vn -0.1597 -0.9851 -0.0631
vn -0.0556 -0.9982 -0.0221
vn -0.4679 -0.7374 0.4871
vn -0.5987 -0.5029 0.6234
vn -0.6724 -0.2404 0.7001
vn -0.6724 0.2404 0.7001
vn -0.5987 0.5029 0.6234
vn -0.4679 0.7374 0.4871
vn -0.1597 0.9851 -0.0631
vn -0.0556 0.9982 -0.0221
vn 0.1963 -0.9603 -0.1982
vn 0.0779 -0.9938 -0.0787
vn -0.0071 -0.7374 -0.6754
vn -0.0068 -0.7655 -0.6434
vn -0.0091 -0.5029 -0.8643
vn -0.0089 -0.5414 -0.8407
vn -0.0102 -0.2403 -0.9706
vn -0.0101 -0.2779 -0.9606
vn -0.0105 -0.0680 -0.9976
vn -0.0105 -0.0742 -0.9972
vn -0.0105 0.0680 -0.9976
vn -0.0105 0.0742 -0.9972
vn -0.0102 0.2403 -0.9706
vn -0.0101 0.2779 -0.9606
vn -0.0091 0.5029 -0.8643
vn -0.0089 0.5414 -0.8407
vn -0.0071 0.7374 -0.6754
vn -0.0068 0.7655 -0.6434
vn 0.1963 0.9603 -0.1982
vn 0.0779 0.9938 -0.0787
vn 0.6434 -0.7655 -0.0000
vn 0.8408 -0.5413 -0.0000
vn 0.8408 0.5413 -0.0000
vn 0.6434 0.7655 -0.0000
vn -0.1963 -0.9603 -0.1983
vn 0.1597 -0.9851 -0.0633
vn 0.0556 -0.9982 -0.0221
vn -0.0779 -0.9938 -0.0787
vn 0.0068 -0.7655 -0.6435
vn 0.0071 -0.7374 -0.6755
vn 0.0089 -0.5414 -0.8407
vn 0.0091 -0.5029 -0.8643
vn 0.0101 -0.2779 -0.9605
vn 0.0102 -0.2403 -0.9706
vn 0.0105 -0.0742 -0.9972
vn 0.0105 -0.0680 -0.9976
vn 0.0105 0.0742 -0.9972
vn 0.0105 0.0680 -0.9976
vn 0.0101 0.2779 -0.9605
vn 0.0102 0.2403 -0.9706
vn 0.0089 0.5414 -0.8407
vn 0.0091 0.5029 -0.8643
vn 0.0068 0.7655 -0.6435
vn 0.0071 0.7374 -0.6755
vn -0.1963 0.9603 -0.1983
vn 0.1597 0.9851 -0.0633
vn -0.0779 0.9938 -0.0787
vn 0.0556 0.9982 -0.0221
vn 0.4679 -0.7374 0.4872
vn 0.5987 -0.5030 0.6233
vn 0.6724 -0.2404 0.7001
vn 0.6724 0.2404 0.7001
vn 0.5987 0.5030 0.6233
vn 0.4679 0.7374 0.4872
vn -0.0000 -0.2967 0.9550
vn -0.0000 -0.2782 0.9605
vn -0.0000 0.2967 0.9550
vn -0.0000 0.2782 0.9605
vn -0.6434 -0.7655 -0.0000
vn -0.8408 -0.5414 -0.0000
vn -0.9606 -0.2780 -0.0000
vn -0.9606 0.2780 -0.0000
vn -0.8408 0.5414 -0.0000
vn -0.6434 0.7655 -0.0000
vn 0.0695 -0.9842 -0.1629
vn 0.2541 -0.9636 -0.0835
vn 0.1413 -0.9889 -0.0464
vn 0.0243 -0.9981 -0.0570
vn 0.6742 -0.7386 -0.0000
vn 0.5201 -0.8369 -0.1708
vn 0.8633 -0.5046 -0.0000
vn 0.7437 -0.6223 -0.2443
vn 0.9701 -0.2427 -0.0000
vn 0.9976 -0.0686 -0.0000
vn 0.9976 0.0686 -0.0000
vn 0.9701 0.2427 -0.0000
vn 0.8633 0.5046 -0.0000
vn 0.7437 0.6223 -0.2443
vn 0.6742 0.7386 -0.0000
vn 0.5201 0.8369 -0.1708
vn 0.0695 0.9842 -0.1629
vn 0.2541 0.9636 -0.0835
vn 0.0243 0.9981 -0.0570
vn 0.1413 0.9889 -0.0464
vn 0.3067 -0.9465 -0.1007
vn 0.5598 -0.8080 -0.1839
vn 0.7659 -0.5917 -0.2515
vn 0.7634 -0.3183 -0.5621
vn 0.7684 -0.2992 -0.5658
vn 0.8027 -0.0796 -0.5910
vn 0.8029 -0.0770 -0.5912
vn 0.8027 0.0796 -0.5910
vn 0.8029 0.0770 -0.5912
vn 0.7634 0.3183 -0.5621
vn 0.7684 0.2992 -0.5658
vn 0.7659 0.5917 -0.2515
vn 0.5598 0.8080 -0.1839
vn 0.3067 0.9465 -0.1007
vn 0.3014 -0.9467 0.1139
vn 0.1371 -0.9892 0.0518
vn 0.5484 -0.8101 0.2073
vn 0.7516 -0.5953 0.2841
vn 0.9542 -0.2992 -0.0000
vn 0.9547 -0.2977 -0.0000
vn 0.9970 -0.0772 -0.0000
vn 0.9970 0.0772 -0.0000
vn 0.9542 0.2992 -0.0000
vn 0.9547 0.2977 -0.0000
vn 0.7516 0.5953 0.2841
vn 0.5484 0.8101 0.2073
vn 0.3014 0.9467 0.1139
vn 0.1371 0.9892 0.0518
vn 0.2431 -0.9656 0.0919
vn 0.5038 -0.8426 0.1904
vn 0.7262 -0.6303 0.2745
vn 0.7159 -0.2978 0.6315
vn 0.7106 -0.3198 0.6268
vn 0.7477 -0.0771 0.6595
vn 0.7475 -0.0800 0.6594
vn 0.7477 0.0771 0.6595
vn 0.7475 0.0800 0.6594
vn 0.7159 0.2978 0.6315
vn 0.7106 0.3198 0.6268
vn 0.7262 0.6303 0.2745
vn 0.5038 0.8426 0.1904
vn 0.2431 0.9656 0.0919
vn 0.2509 -0.9642 -0.0861
vn 0.1402 -0.9890 -0.0481
vn 0.5154 -0.8385 -0.1767
vn 0.7388 -0.6245 -0.2534
vn 0.9475 -0.3197 -0.0000
vn 0.9478 -0.3187 -0.0000
vn 0.9475 0.3197 -0.0000
vn 0.9478 0.3187 -0.0000
vn 0.7388 0.6245 -0.2534
vn 0.5154 0.8385 -0.1767
vn 0.2509 0.9642 -0.0861
vn 0.1402 0.9890 -0.0481
vn 0.3052 -0.9465 -0.1046
vn 0.5566 -0.8086 -0.1909
vn 0.7620 -0.5926 -0.2613
vn 0.7484 -0.3186 -0.5817
vn 0.7535 -0.2987 -0.5857
vn 0.7870 -0.0798 -0.6118
vn 0.7872 -0.0771 -0.6119
vn 0.7870 0.0798 -0.6118
vn 0.7872 0.0771 -0.6119
vn 0.7484 0.3186 -0.5817
vn 0.7535 0.2987 -0.5857
vn 0.7620 0.5926 -0.2613
vn 0.5566 0.8086 -0.1909
vn 0.3052 0.9465 -0.1046
vn 0.3059 -0.9465 0.1027
vn 0.1408 -0.9889 0.0473
vn 0.5582 -0.8083 0.1874
vn 0.7640 -0.5921 0.2564
vn 0.9544 -0.2987 -0.0000
vn 0.9543 -0.2989 -0.0000
vn 0.9544 0.2987 -0.0000
vn 0.9543 0.2989 -0.0000
vn 0.7640 0.5921 0.2564
vn 0.5582 0.8083 0.1874
vn 0.3059 0.9465 0.1027
vn 0.1408 0.9889 0.0473
vn 0.2525 -0.9639 0.0848
vn 0.5177 -0.8377 0.1738
vn 0.7413 -0.6234 0.2488
vn 0.7610 -0.2990 0.5758
vn 0.7559 -0.3186 0.5719
vn 0.7951 -0.0771 0.6016
vn 0.7949 -0.0797 0.6015
vn 0.7951 0.0771 0.6016
vn 0.7949 0.0797 0.6015
vn 0.7610 0.2990 0.5758
vn 0.7559 0.3186 0.5719
vn 0.7413 0.6234 0.2488
vn 0.5177 0.8377 0.1738
vn 0.2525 0.9639 0.0848
vn -0.1971 -0.9602 -0.1981
vn -0.0782 -0.9938 -0.0787
vn -0.6432 -0.7657 -0.0000
vn -0.8406 -0.5416 -0.0000
vn -0.8406 0.5416 -0.0000
vn -0.6432 0.7657 -0.0000
vn -0.1971 0.9602 -0.1981
vn -0.0782 0.9938 -0.0787
vn -0.0947 -0.9668 -0.2373
vn -0.0538 -0.9894 -0.1349
vn 0.0037 -0.7657 -0.6432
vn -0.1976 -0.8460 -0.4952
vn 0.0049 -0.5416 -0.8406
vn 0.0046 -0.6059 -0.7955
vn 0.0055 -0.2779 -0.9606
vn 0.0055 -0.3202 -0.9473
vn 0.0058 -0.0741 -0.9972
vn 0.0058 -0.0797 -0.9968
vn 0.0058 0.0741 -0.9972
vn 0.0058 0.0797 -0.9968
vn 0.0055 0.2779 -0.9606
vn 0.0055 0.3202 -0.9473
vn 0.0049 0.5416 -0.8406
vn 0.0046 0.6059 -0.7955
vn 0.0037 0.7657 -0.6432
vn -0.1976 0.8460 -0.4952
vn -0.0947 0.9668 -0.2373
vn -0.0538 0.9894 -0.1349
vn -0.4669 -0.7387 -0.4861
vn -0.5510 -0.6060 -0.5737
vn -0.5980 -0.5047 -0.6226
vn -0.6720 -0.2425 -0.6997
vn -0.6911 -0.0684 -0.7195
vn -0.6911 0.0684 -0.7195
vn -0.6720 0.2425 -0.6997
vn -0.5510 0.6060 -0.5737
vn -0.5980 0.5047 -0.6226
vn -0.4669 0.7387 -0.4861
vn 0.0947 -0.9668 -0.2374
vn 0.1970 -0.9602 -0.1982
vn 0.0783 -0.9938 -0.0787
vn 0.0538 -0.9894 -0.1349
vn 0.1977 -0.8459 -0.4953
vn -0.0037 -0.7656 -0.6433
vn -0.0046 -0.6060 -0.7954
vn -0.0049 -0.5418 -0.8405
vn -0.0055 -0.3205 -0.9472
vn -0.0055 -0.2783 -0.9605
vn -0.0058 -0.0799 -0.9968
vn -0.0058 -0.0743 -0.9972
vn -0.0058 0.0799 -0.9968
vn -0.0058 0.0743 -0.9972
vn -0.0055 0.3205 -0.9472
vn -0.0055 0.2783 -0.9605
vn -0.0046 0.6060 -0.7954
vn -0.0049 0.5418 -0.8405
vn 0.1977 0.8459 -0.4953
vn -0.0037 0.7656 -0.6433
vn 0.0947 0.9668 -0.2374
vn 0.1970 0.9602 -0.1982
vn 0.0538 0.9894 -0.1349
vn 0.0783 0.9938 -0.0787
vn 0.6432 -0.7657 -0.0000
vn 0.8407 -0.5414 -0.0000
vn 0.9606 -0.2781 -0.0000
vn 0.9606 0.2781 -0.0000
vn 0.8407 0.5414 -0.0000
vn 0.6432 0.7657 -0.0000
vn -0.2525 -0.9639 0.0848
vn -0.1408 -0.9889 0.0473
vn -0.5177 -0.8377 0.1738
vn -0.7413 -0.6233 0.2488
vn -0.9480 -0.3184 -0.0000
vn -0.9480 0.3184 -0.0000
vn -0.7413 0.6233 0.2488
vn -0.5177 0.8377 0.1738
vn -0.2525 0.9639 0.0848
vn -0.1408 0.9889 0.0473
vn -0.3059 -0.9465 0.1027
vn -0.5582 -0.8083 0.1874
vn -0.7640 -0.5921 0.2564
vn -0.7559 -0.3185 0.5720
vn -0.7610 -0.2989 0.5758
vn -0.7949 -0.0797 0.6015
vn -0.7951 -0.0771 0.6016
vn -0.7949 0.0797 0.6015
vn -0.7951 0.0771 0.6016
vn -0.7559 0.3185 0.5720
vn -0.7610 0.2989 0.5758
vn -0.7640 0.5921 0.2564
vn -0.5582 0.8083 0.1874
vn -0.3059 0.9465 0.1027
vn -0.3051 -0.9465 -0.1046
vn -0.1402 -0.9890 -0.0481
vn -0.5566 -0.8086 -0.1909
vn -0.7620 -0.5926 -0.2613
vn -0.9543 -0.2988 -0.0000
vn -0.9544 -0.2986 -0.0000
vn -0.9543 0.2988 -0.0000
vn -0.9544 0.2986 -0.0000
vn -0.7620 0.5926 -0.2613
vn -0.5566 0.8086 -0.1909
vn -0.3051 0.9465 -0.1046
vn -0.1402 0.9890 -0.0481
vn -0.2509 -0.9642 -0.0861
vn -0.5153 -0.8386 -0.1767
vn -0.7388 -0.6245 -0.2534
vn -0.7535 -0.2986 -0.5857
vn -0.7484 -0.3186 -0.5817
vn -0.7872 -0.0771 -0.6119
vn -0.7870 -0.0798 -0.6118
vn -0.7872 0.0771 -0.6119
vn -0.7870 0.0798 -0.6118
vn -0.7535 0.2986 -0.5857
vn -0.7484 0.3186 -0.5817
vn -0.7388 0.6245 -0.2534
vn -0.5153 0.8386 -0.1767
vn -0.2509 0.9642 -0.0861
vn -0.2431 -0.9656 0.0919
vn -0.1371 -0.9892 0.0518
vn -0.5037 -0.8426 0.1904
vn -0.7263 -0.6302 0.2746
vn -0.7263 0.6302 0.2746
vn -0.5037 0.8426 0.1904
vn -0.2431 0.9656 0.0919
vn -0.1371 0.9892 0.0518
vn -0.3013 -0.9467 0.1139
vn -0.5484 -0.8101 0.2073
vn -0.7517 -0.5952 0.2841
vn -0.7106 -0.3197 0.6268
vn -0.7159 -0.2977 0.6315
vn -0.7475 -0.0800 0.6594
vn -0.7477 -0.0771 0.6595
vn -0.7475 0.0800 0.6594
vn -0.7477 0.0771 0.6595
vn -0.7106 0.3197 0.6268
vn -0.7159 0.2977 0.6315
vn -0.7517 0.5952 0.2841
vn -0.5484 0.8101 0.2073
vn -0.3013 0.9467 0.1139
vn -0.3066 -0.9465 -0.1007
vn -0.1414 -0.9889 -0.0464
vn -0.5598 -0.8080 -0.1839
vn -0.7659 -0.5917 -0.2515
vn -0.9542 -0.2992 -0.0000
vn -0.9970 -0.0773 -0.0000
vn -0.9970 0.0773 -0.0000
vn -0.9542 0.2992 -0.0000
vn -0.7659 0.5917 -0.2515
vn -0.5598 0.8080 -0.1839
vn -0.3066 0.9465 -0.1007
vn -0.1414 0.9889 -0.0464
vn -0.2541 -0.9636 -0.0834
vn -0.5200 -0.8369 -0.1708
vn -0.7437 -0.6223 -0.2443
vn -0.7684 -0.2992 -0.5658
vn -0.7634 -0.3183 -0.5621
vn -0.8029 -0.0771 -0.5912
vn -0.8027 -0.0797 -0.5910
vn -0.8029 0.0771 -0.5912
vn -0.8027 0.0797 -0.5910
vn -0.7684 0.2992 -0.5658
vn -0.7634 0.3183 -0.5621
vn -0.7437 0.6223 -0.2443
vn -0.5200 0.8369 -0.1708
vn -0.2541 0.9636 -0.0834
vn -0.0693 -0.9842 -0.1630
vn -0.0243 -0.9981 -0.0570
vn -0.6741 -0.7386 -0.0000
vn -0.9480 -0.3182 -0.0000
vn -0.9968 -0.0796 -0.0000
vn -0.9968 0.0796 -0.0000
vn -0.9480 0.3182 -0.0000
vn -0.6741 0.7386 -0.0000
vn -0.0693 0.9842 -0.1630
vn -0.0243 0.9981 -0.0570
vn 0.4670 -0.7385 -0.4863
vn 0.5980 -0.5047 -0.6227
vn 0.5511 -0.6059 -0.5738
vn 0.6720 -0.2424 -0.6997
vn 0.6562 -0.3202 -0.6833
vn 0.6911 -0.0684 -0.7195
vn 0.6905 -0.0798 -0.7189
vn 0.6911 0.0684 -0.7195
vn 0.6905 0.0798 -0.7189
vn 0.6720 0.2424 -0.6997
vn 0.6562 0.3202 -0.6833
vn 0.5980 0.5047 -0.6227
vn 0.5511 0.6059 -0.5738
vn 0.4670 0.7385 -0.4863
vn -0.1576 -0.9855 0.0633
vn -0.0548 -0.9983 0.0221
vn -0.5991 -0.5021 -0.6237
vn -0.6725 -0.2395 -0.7002
vn -0.6615 -0.2967 -0.6888
vn -0.6911 -0.0679 -0.7196
vn -0.6911 0.0679 -0.7196
vn -0.6725 0.2395 -0.7002
vn -0.6615 0.2967 -0.6888
vn -0.5991 0.5021 -0.6237
vn -0.4680 0.7372 -0.4873
vn -0.1576 0.9855 0.0633
vn -0.0548 0.9983 0.0221
vn 0.1965 -0.9589 -0.2046
vn 0.0786 -0.9935 -0.0819
vn -0.0000 -0.7673 -0.6413
vn -0.0000 -0.5432 -0.8396
vn -0.0000 -0.2967 -0.9550
vn -0.0000 -0.2795 -0.9602
vn -0.0000 -0.0746 -0.9972
vn -0.0000 0.0746 -0.9972
vn -0.0000 0.2967 -0.9550
vn -0.0000 0.2795 -0.9602
vn -0.0000 0.5432 -0.8396
vn -0.0000 0.7673 -0.6413
vn 0.1965 0.9589 -0.2046
vn 0.0786 0.9935 -0.0819
vn 0.1993 -0.9611 0.1912
vn 0.0786 -0.9940 0.0756
vn 0.6409 -0.7672 -0.0260
vn 0.6441 -0.7645 -0.0262
vn 0.8388 -0.5434 -0.0341
vn 0.8409 -0.5401 -0.0342
vn 0.9593 -0.2796 -0.0390
vn 0.9600 -0.2771 -0.0390
vn 0.9964 -0.0745 -0.0405
vn 0.9964 -0.0742 -0.0405
vn 0.9964 0.0745 -0.0405
vn 0.9964 0.0742 -0.0405
vn 0.9593 0.2796 -0.0390
vn 0.9600 0.2771 -0.0390
vn 0.8388 0.5434 -0.0341
vn 0.8409 0.5401 -0.0342
vn 0.6409 0.7672 -0.0260
vn 0.6441 0.7645 -0.0262
vn 0.1993 0.9611 0.1912
vn 0.0786 0.9940 0.0756
vn -0.0000 -0.7644 0.6447
vn -0.0000 -0.7369 0.6760
vn -0.0000 -0.5399 0.8417
vn -0.0000 -0.5021 0.8648
vn -0.0000 -0.2770 0.9609
vn -0.0000 -0.2396 0.9709
vn -0.0000 -0.0742 0.9972
vn -0.0000 -0.0679 0.9977
vn -0.0000 0.0742 0.9972
vn -0.0000 0.0679 0.9977
vn -0.0000 0.2770 0.9609
vn -0.0000 0.2396 0.9709
vn -0.0000 0.5399 0.8417
vn -0.0000 0.5021 0.8648
vn -0.0000 0.7644 0.6447
vn -0.0000 0.7369 0.6760
vn -0.1992 -0.9611 0.1913
vn -0.1965 -0.9589 -0.2045
vn -0.0786 -0.9935 -0.0819
vn -0.0786 -0.9940 0.0756
vn -0.6441 -0.7645 -0.0262
vn -0.6409 -0.7672 -0.0260
vn -0.8409 -0.5402 -0.0342
vn -0.8388 -0.5434 -0.0341
vn -0.9600 -0.2771 -0.0390
vn -0.9593 -0.2796 -0.0390
vn -0.9964 -0.0742 -0.0405
vn -0.9964 -0.0745 -0.0405
vn -0.9964 0.0742 -0.0405
vn -0.9964 0.0745 -0.0405
vn -0.9600 0.2771 -0.0390
vn -0.9593 0.2796 -0.0390
vn -0.8409 0.5402 -0.0342
vn -0.8388 0.5434 -0.0341
vn -0.6441 0.7645 -0.0262
vn -0.6409 0.7672 -0.0260
vn -0.1992 0.9611 0.1913
vn -0.1965 0.9589 -0.2045
vn -0.0786 0.9940 0.0756
vn -0.0786 0.9935 -0.0819
vn -0.0000 -0.7672 -0.6414
vn 0.2183 -0.8114 -0.5423
vn -0.0000 -0.5433 -0.8396
vn -0.0000 -0.2792 -0.9602
vn -0.0000 -0.2965 -0.9550
vn -0.0000 -0.0766 -0.9971
vn -0.0000 0.0766 -0.9971
vn -0.0000 0.2792 -0.9602
vn -0.0000 0.2965 -0.9550
vn -0.0000 0.5433 -0.8396
vn -0.0000 0.7672 -0.6414
vn 0.1576 -0.9855 0.0634
vn 0.0548 -0.9983 0.0221
vn 0.5700 -0.5682 -0.5935
vn 0.5991 -0.5020 -0.6238
vn 0.6725 -0.2398 -0.7002
vn 0.6911 -0.0681 -0.7196
vn 0.6911 0.0681 -0.7196
vn 0.6725 0.2398 -0.7002
vn 0.5700 0.5682 -0.5935
vn 0.5991 0.5020 -0.6237
vn 0.4681 0.7371 -0.4874
vn 0.1576 0.9855 0.0634
vn 0.0548 0.9983 0.0221
vn -0.0000 -0.7370 0.6758
vn -0.0000 -0.7645 0.6446
vn -0.0000 -0.5400 0.8417
vn -0.0000 0.5400 0.8417
vn -0.0000 0.7370 0.6758
vn -0.0000 0.7645 0.6446
vt 0.143369 0.878388
vt 0.866783 0.872710
vt 0.858212 0.878449
vt 0.133524 0.871796
vt 0.866783 0.572603
vt 0.133524 0.573139
vt 0.143742 0.566298
vt 0.857366 0.566298
vt 0.866937 0.872756
vt 0.866937 0.572557
vt 0.867076 0.872797
vt 0.867076 0.572516
vt 0.867186 0.872830
vt 0.867186 0.572483
vt 0.867257 0.872851
vt 0.867257 0.572462
vt 0.867282 0.872858
vt 0.867282 0.572455
vt 0.857428 0.566190
vt 0.857484 0.566094
vt 0.857528 0.566017
vt 0.857557 0.565967
vt 0.857567 0.565950
vt 0.143680 0.566190
vt 0.143624 0.566094
vt 0.143580 0.566017
vt 0.143551 0.565967
vt 0.143541 0.565950
vt 0.133370 0.573093
vt 0.133231 0.573052
vt 0.133121 0.573019
vt 0.133050 0.572998
vt 0.133026 0.572991
vt 0.133370 0.871842
vt 0.133231 0.871883
vt 0.133121 0.871916
vt 0.133050 0.871937
vt 0.133026 0.871944
vt 0.143307 0.878495
vt 0.143251 0.878592
vt 0.143207 0.878669
vt 0.143179 0.878718
vt 0.143169 0.878735
vt 0.858274 0.878556
vt 0.858330 0.878653
vt 0.858374 0.878730
vt 0.858403 0.878779
vt 0.858412 0.878796
vt 0.030419 0.999251
vt 0.999150 0.981145
vt 0.971507 0.999652
vt 0.001936 0.980181
vt 0.999150 0.921715
vt 0.001936 0.921433
vt 0.992464 0.917239
vt 0.008268 0.917193
vt 0.992464 0.061471
vt 0.008268 0.059389
vt 0.999501 0.056759
vt 0.000896 0.054454
vt 0.999501 0.016616
vt 0.000896 0.017631
vt 0.025888 0.000898
vt 0.086862 0.006225
vt 0.914456 0.006225
vt 0.976298 0.001081
vt 0.078906 0.000898
vt 0.922140 0.001081
vt 0.999304 0.981191
vt 0.999304 0.921670
vt 0.999443 0.981232
vt 0.999443 0.921628
vt 0.999553 0.981265
vt 0.999553 0.921596
vt 0.999624 0.981286
vt 0.999624 0.921574
vt 0.999648 0.981293
vt 0.999648 0.921567
vt 0.992618 0.917193
vt 0.992757 0.917152
vt 0.992867 0.917119
vt 0.992938 0.917098
vt 0.992962 0.917091
vt 0.992618 0.061517
vt 0.992757 0.061558
vt 0.992867 0.061591
vt 0.992938 0.061612
vt 0.992962 0.061619
vt 0.999655 0.056805
vt 0.999795 0.056846
vt 0.999905 0.056879
vt 0.999976 0.056900
vt 1.000000 0.056907
vt 0.999655 0.016570
vt 0.999795 0.016529
vt 0.999905 0.016496
vt 0.999976 0.016475
vt 1.000000 0.016468
vt 0.976360 0.000973
vt 0.976416 0.000876
vt 0.976460 0.000799
vt 0.976489 0.000750
vt 0.976499 0.000733
vt 0.922078 0.000973
vt 0.922022 0.000876
vt 0.921978 0.000799
vt 0.921949 0.000750
vt 0.921939 0.000733
vt 0.914394 0.006118
vt 0.914338 0.006021
vt 0.914294 0.005944
vt 0.914265 0.005895
vt 0.914256 0.005877
vt 0.086924 0.006118
vt 0.086980 0.006021
vt 0.087025 0.005944
vt 0.087053 0.005895
vt 0.087063 0.005877
vt 0.078968 0.000791
vt 0.079024 0.000694
vt 0.079068 0.000617
vt 0.079097 0.000568
vt 0.079107 0.000551
vt 0.025826 0.000791
vt 0.025770 0.000694
vt 0.025726 0.000617
vt 0.025697 0.000568
vt 0.025688 0.000551
vt 0.000742 0.017585
vt 0.000603 0.017544
vt 0.000493 0.017511
vt 0.000422 0.017490
vt 0.000397 0.017483
vt 0.000742 0.054499
vt 0.000603 0.054541
vt 0.000493 0.054573
vt 0.000422 0.054594
vt 0.000397 0.054602
vt 0.008114 0.059435
vt 0.007975 0.059476
vt 0.007865 0.059509
vt 0.007794 0.059530
vt 0.007770 0.059537
vt 0.008114 0.917148
vt 0.007975 0.917106
vt 0.007865 0.917073
vt 0.007794 0.917052
vt 0.007770 0.917045
vt 0.001781 0.921387
vt 0.001642 0.921346
vt 0.001532 0.921313
vt 0.001461 0.921292
vt 0.001437 0.921285
vt 0.001781 0.980227
vt 0.001642 0.980268
vt 0.001532 0.980301
vt 0.001461 0.980322
vt 0.001437 0.980329
vt 0.030357 0.999358
vt 0.030301 0.999455
vt 0.030257 0.999532
vt 0.030228 0.999582
vt 0.030218 0.999599
vt 0.971569 0.999760
vt 0.971625 0.999857
vt 0.971669 0.999934
vt 0.971698 0.999983
vt 0.971708 1.000000
vt 0.040134 0.922604
vt 0.122658 0.973159
vt 0.115645 0.973159
vt 0.094354 0.954210
vt 0.155586 0.911037
vt 0.040134 0.792507
vt 0.076416 0.898313
vt 0.095421 0.911037
vt 0.071436 0.762841
vt 0.076416 0.548371
vt 0.071436 0.627437
vt 0.026922 0.591782
vt 0.026922 0.350641
vt 0.067981 0.507274
vt 0.097199 0.534457
vt 0.127129 0.534457
vt 0.127129 0.523196
vt 0.067981 0.432155
vt 0.126113 0.416914
vt 0.126113 0.398270
vt 0.110767 0.387996
vt 0.064322 0.317028
vt 0.110767 0.059147
vt 0.064322 0.171553
vt 0.030378 0.140526
vt 0.030378 0.057651
vt 0.160261 0.019411
vt 0.083429 0.019411
vt 0.110921 0.059188
vt 0.160599 0.019303
vt 0.111060 0.059224
vt 0.160903 0.019206
vt 0.111170 0.059252
vt 0.161145 0.019130
vt 0.111241 0.059271
vt 0.161300 0.019080
vt 0.111266 0.059277
vt 0.161354 0.019063
vt 0.083363 0.019303
vt 0.083304 0.019206
vt 0.083258 0.019130
vt 0.083228 0.019080
vt 0.083217 0.019063
vt 0.030224 0.057607
vt 0.030085 0.057568
vt 0.029974 0.057537
vt 0.029904 0.057517
vt 0.029879 0.057510
vt 0.030224 0.140562
vt 0.030085 0.140595
vt 0.029974 0.140621
vt 0.029904 0.140638
vt 0.029879 0.140643
vt 0.064168 0.171590
vt 0.064029 0.171622
vt 0.063919 0.171648
vt 0.063848 0.171665
vt 0.063824 0.171671
vt 0.064168 0.316991
vt 0.064029 0.316958
vt 0.063919 0.316931
vt 0.063848 0.316915
vt 0.063824 0.316909
vt 0.026768 0.350604
vt 0.026629 0.350571
vt 0.026519 0.350544
vt 0.026448 0.350527
vt 0.026424 0.350522
vt 0.026768 0.591823
vt 0.026629 0.591859
vt 0.026519 0.591888
vt 0.026448 0.591906
vt 0.026424 0.591912
vt 0.071282 0.627477
vt 0.071143 0.627513
vt 0.071033 0.627542
vt 0.070962 0.627560
vt 0.070938 0.627567
vt 0.071282 0.762806
vt 0.071143 0.762774
vt 0.071033 0.762748
vt 0.070962 0.762732
vt 0.070938 0.762727
vt 0.039980 0.792472
vt 0.039841 0.792440
vt 0.039731 0.792415
vt 0.039660 0.792399
vt 0.039636 0.792393
vt 0.039980 0.922650
vt 0.039841 0.922691
vt 0.039731 0.922724
vt 0.039660 0.922745
vt 0.039636 0.922752
vt 0.115583 0.973267
vt 0.115527 0.973364
vt 0.115483 0.973441
vt 0.115454 0.973490
vt 0.115445 0.973507
vt 0.123041 0.973267
vt 0.123386 0.973364
vt 0.123660 0.973441
vt 0.123836 0.973490
vt 0.123897 0.973507
vt 0.094573 0.954208
vt 0.094771 0.954206
vt 0.094928 0.954204
vt 0.095029 0.954203
vt 0.095064 0.954203
vt 0.155955 0.910929
vt 0.156288 0.910832
vt 0.156552 0.910756
vt 0.156721 0.910706
vt 0.156780 0.910689
vt 0.095483 0.910929
vt 0.095539 0.910832
vt 0.095583 0.910756
vt 0.095612 0.910706
vt 0.095622 0.910689
vt 0.076570 0.898267
vt 0.076709 0.898226
vt 0.076819 0.898193
vt 0.076890 0.898172
vt 0.076915 0.898165
vt 0.076570 0.548417
vt 0.076709 0.548458
vt 0.076819 0.548491
vt 0.076890 0.548512
vt 0.076915 0.548519
vt 0.097261 0.534564
vt 0.097317 0.534661
vt 0.097362 0.534738
vt 0.097390 0.534787
vt 0.097400 0.534804
vt 0.127284 0.534564
vt 0.127422 0.534661
vt 0.127533 0.534738
vt 0.127604 0.534787
vt 0.127628 0.534804
vt 0.127284 0.523122
vt 0.127422 0.523056
vt 0.127533 0.523003
vt 0.127604 0.522969
vt 0.127628 0.522957
vt 0.068135 0.507200
vt 0.068274 0.507134
vt 0.068384 0.507081
vt 0.068455 0.507047
vt 0.068479 0.507036
vt 0.068135 0.432230
vt 0.068274 0.432297
vt 0.068384 0.432350
vt 0.068455 0.432384
vt 0.068479 0.432396
vt 0.126267 0.416988
vt 0.126406 0.417055
vt 0.126516 0.417108
vt 0.126587 0.417143
vt 0.126612 0.417154
vt 0.126267 0.398224
vt 0.126406 0.398183
vt 0.126516 0.398150
vt 0.126587 0.398129
vt 0.126612 0.398122
vt 0.110921 0.387950
vt 0.111060 0.387909
vt 0.111170 0.387876
vt 0.111241 0.387855
vt 0.111266 0.387848
vt 0.128206 0.523072
vt 0.934224 0.508061
vt 0.873571 0.524034
vt 0.067554 0.507099
vt 0.868945 0.505463
vt 0.922690 0.494890
vt 0.934224 0.432235
vt 0.067554 0.432235
vt 0.077740 0.495160
vt 0.131602 0.504278
vt 0.887854 0.498156
vt 0.113133 0.497139
vt 0.887854 0.442362
vt 0.909647 0.494782
vt 0.089930 0.495160
vt 0.113133 0.442771
vt 0.077740 0.446855
vt 0.090541 0.492304
vt 0.922690 0.445868
vt 0.909647 0.445868
vt 0.090541 0.446855
vt 0.133821 0.434772
vt 0.868217 0.434772
vt 0.125044 0.417416
vt 0.877308 0.417416
vt 0.934378 0.432160
vt 0.877336 0.417308
vt 0.934517 0.432093
vt 0.877361 0.417211
vt 0.934627 0.432039
vt 0.877381 0.417135
vt 0.934698 0.432005
vt 0.877394 0.417085
vt 0.934722 0.431993
vt 0.877398 0.417068
vt 0.125017 0.417308
vt 0.124992 0.417211
vt 0.124972 0.417135
vt 0.124959 0.417085
vt 0.124955 0.417068
vt 0.067400 0.432160
vt 0.067261 0.432092
vt 0.067150 0.432039
vt 0.067080 0.432004
vt 0.067055 0.431993
vt 0.067400 0.507173
vt 0.067261 0.507240
vt 0.067150 0.507293
vt 0.067080 0.507327
vt 0.067055 0.507339
vt 0.128178 0.523180
vt 0.128152 0.523276
vt 0.128132 0.523353
vt 0.128119 0.523403
vt 0.128115 0.523420
vt 0.873599 0.524142
vt 0.873624 0.524239
vt 0.873644 0.524316
vt 0.873657 0.524365
vt 0.873662 0.524382
vt 0.934378 0.508135
vt 0.934517 0.508202
vt 0.934627 0.508255
vt 0.934698 0.508289
vt 0.934722 0.508301
vt 0.113287 0.497076
vt 0.113287 0.442835
vt 0.113426 0.497019
vt 0.113426 0.442892
vt 0.113536 0.496974
vt 0.113536 0.442937
vt 0.113607 0.496944
vt 0.113607 0.442966
vt 0.113631 0.496934
vt 0.113631 0.442976
vt 0.133860 0.434880
vt 0.133896 0.434977
vt 0.133925 0.435054
vt 0.133943 0.435103
vt 0.133950 0.435120
vt 0.868177 0.434880
vt 0.868142 0.434977
vt 0.868113 0.435054
vt 0.868095 0.435103
vt 0.868088 0.435120
vt 0.887700 0.442426
vt 0.887561 0.442483
vt 0.887451 0.442528
vt 0.887380 0.442557
vt 0.887355 0.442567
vt 0.887700 0.498092
vt 0.887561 0.498035
vt 0.887451 0.497990
vt 0.887380 0.497961
vt 0.887355 0.497951
vt 0.868905 0.505355
vt 0.868869 0.505258
vt 0.868841 0.505181
vt 0.868823 0.505132
vt 0.868817 0.505115
vt 0.131642 0.504171
vt 0.131678 0.504074
vt 0.131707 0.503997
vt 0.131725 0.503948
vt 0.131731 0.503931
vt 0.090387 0.446962
vt 0.090387 0.492296
vt 0.090248 0.447059
vt 0.090248 0.492289
vt 0.090138 0.447136
vt 0.090138 0.492283
vt 0.090067 0.447185
vt 0.090067 0.492279
vt 0.090042 0.447202
vt 0.090042 0.492278
vt 0.089797 0.495053
vt 0.089677 0.494956
vt 0.089582 0.494879
vt 0.089521 0.494830
vt 0.089500 0.494813
vt 0.077894 0.495053
vt 0.078033 0.494956
vt 0.078144 0.494879
vt 0.078214 0.494830
vt 0.078239 0.494813
vt 0.077894 0.446962
vt 0.078033 0.447059
vt 0.078144 0.447136
vt 0.078214 0.447185
vt 0.078239 0.447202
vt 0.909801 0.445976
vt 0.922536 0.445976
vt 0.909940 0.446073
vt 0.922397 0.446073
vt 0.910050 0.446150
vt 0.922286 0.446150
vt 0.910121 0.446199
vt 0.922215 0.446199
vt 0.910145 0.446216
vt 0.922191 0.446216
vt 0.922536 0.494781
vt 0.922397 0.494683
vt 0.922286 0.494605
vt 0.922215 0.494555
vt 0.922191 0.494538
vt 0.909801 0.494675
vt 0.909940 0.494580
vt 0.910050 0.494504
vt 0.910121 0.494455
vt 0.910145 0.494438
vt 0.095724 0.954358
vt 0.166958 0.977994
vt 0.150628 0.994196
vt 0.847700 0.993811
vt 0.836607 0.977994
vt 0.906916 0.954166
vt 0.129500 0.952915
vt 0.873643 0.953204
vt 0.156377 0.910864
vt 0.845401 0.910864
vt 0.834513 0.927006
vt 0.168665 0.926693
vt 0.907135 0.954168
vt 0.845465 0.910757
vt 0.907333 0.954170
vt 0.845523 0.910660
vt 0.907490 0.954171
vt 0.845569 0.910583
vt 0.907591 0.954172
vt 0.845599 0.910534
vt 0.907626 0.954172
vt 0.845609 0.910517
vt 0.156312 0.910757
vt 0.156253 0.910660
vt 0.156206 0.910583
vt 0.156176 0.910534
vt 0.156166 0.910517
vt 0.095510 0.954358
vt 0.095317 0.954358
vt 0.095163 0.954357
vt 0.095065 0.954357
vt 0.095031 0.954357
vt 0.150562 0.994304
vt 0.150503 0.994401
vt 0.150456 0.994477
vt 0.150426 0.994527
vt 0.150415 0.994544
vt 0.847762 0.993919
vt 0.847818 0.994015
vt 0.847863 0.994092
vt 0.847891 0.994142
vt 0.847901 0.994159
vt 0.168727 0.926801
vt 0.834451 0.927114
vt 0.168783 0.926898
vt 0.834395 0.927210
vt 0.168827 0.926975
vt 0.834351 0.927287
vt 0.168856 0.927024
vt 0.834323 0.927337
vt 0.168866 0.927041
vt 0.834313 0.927354
vt 0.873421 0.953204
vt 0.873220 0.953204
vt 0.873061 0.953204
vt 0.872958 0.953204
vt 0.872923 0.953204
vt 0.836545 0.977887
vt 0.836489 0.977790
vt 0.836444 0.977713
vt 0.836416 0.977663
vt 0.836406 0.977646
vt 0.167020 0.977887
vt 0.167076 0.977790
vt 0.167121 0.977713
vt 0.167149 0.977663
vt 0.167159 0.977646
vt 0.129722 0.952915
vt 0.129923 0.952915
vt 0.130082 0.952915
vt 0.130184 0.952915
vt 0.130219 0.952915
vt 0.077615 0.897489
vt 0.347479 0.909866
vt 0.096586 0.910191
vt 0.632084 0.897699
vt 0.903951 0.910131
vt 0.650652 0.910131
vt 0.922842 0.897489
vt 0.365642 0.897699
vt 0.077615 0.824742
vt 0.858210 0.878448
vt 0.866780 0.872710
vt 0.922842 0.826011
vt 0.866780 0.572605
vt 0.901391 0.811655
vt 0.099964 0.809778
vt 0.133524 0.573140
vt 0.901391 0.633786
vt 0.099964 0.633444
vt 0.924325 0.618432
vt 0.076573 0.617783
vt 0.924325 0.548271
vt 0.076573 0.547706
vt 0.143738 0.566296
vt 0.857366 0.566296
vt 0.627512 0.544284
vt 0.904760 0.535173
vt 0.097431 0.533741
vt 0.375640 0.544284
vt 0.359893 0.533741
vt 0.641121 0.535173
vt 0.365704 0.897807
vt 0.632022 0.897807
vt 0.365760 0.897903
vt 0.631966 0.897903
vt 0.365805 0.897980
vt 0.631922 0.897980
vt 0.365833 0.898030
vt 0.631893 0.898030
vt 0.365843 0.898047
vt 0.631883 0.898047
vt 0.650590 0.910238
vt 0.650534 0.910335
vt 0.650489 0.910412
vt 0.650461 0.910461
vt 0.650451 0.910478
vt 0.904013 0.910238
vt 0.904069 0.910335
vt 0.904114 0.910412
vt 0.904142 0.910461
vt 0.904152 0.910478
vt 0.922996 0.897534
vt 0.923135 0.897576
vt 0.923246 0.897609
vt 0.923316 0.897629
vt 0.923341 0.897637
vt 0.922996 0.825965
vt 0.923135 0.825924
vt 0.923246 0.825891
vt 0.923316 0.825870
vt 0.923341 0.825862
vt 0.901545 0.811609
vt 0.901684 0.811568
vt 0.901795 0.811535
vt 0.901865 0.811514
vt 0.901890 0.811507
vt 0.901545 0.633832
vt 0.901684 0.633874
vt 0.901795 0.633906
vt 0.901865 0.633927
vt 0.901890 0.633935
vt 0.924479 0.618478
vt 0.924618 0.618519
vt 0.924728 0.618552
vt 0.924799 0.618573
vt 0.924823 0.618580
vt 0.924479 0.548226
vt 0.924618 0.548184
vt 0.924728 0.548152
vt 0.924799 0.548131
vt 0.924823 0.548123
vt 0.904822 0.535065
vt 0.904878 0.534968
vt 0.904922 0.534891
vt 0.904951 0.534842
vt 0.904960 0.534825
vt 0.641059 0.535065
vt 0.641003 0.534968
vt 0.640958 0.534891
vt 0.640930 0.534842
vt 0.640920 0.534825
vt 0.627450 0.544177
vt 0.627394 0.544080
vt 0.627349 0.544003
vt 0.627321 0.543954
vt 0.627311 0.543936
vt 0.375702 0.544177
vt 0.375758 0.544080
vt 0.375802 0.544003
vt 0.375831 0.543954
vt 0.375841 0.543936
vt 0.359955 0.533634
vt 0.360011 0.533537
vt 0.360055 0.533460
vt 0.360084 0.533411
vt 0.360094 0.533394
vt 0.097369 0.533634
vt 0.097313 0.533537
vt 0.097269 0.533460
vt 0.097240 0.533411
vt 0.097230 0.533394
vt 0.076418 0.547660
vt 0.076279 0.547619
vt 0.076169 0.547586
vt 0.076098 0.547565
vt 0.076074 0.547558
vt 0.076418 0.617829
vt 0.076279 0.617870
vt 0.076169 0.617903
vt 0.076098 0.617924
vt 0.076074 0.617931
vt 0.099810 0.633489
vt 0.099671 0.633531
vt 0.099561 0.633563
vt 0.099490 0.633584
vt 0.099465 0.633592
vt 0.099810 0.809733
vt 0.099671 0.809691
vt 0.099561 0.809659
vt 0.099490 0.809638
vt 0.099465 0.809630
vt 0.077460 0.824696
vt 0.077322 0.824655
vt 0.077211 0.824622
vt 0.077140 0.824601
vt 0.077116 0.824594
vt 0.077460 0.897534
vt 0.077322 0.897576
vt 0.077211 0.897608
vt 0.077140 0.897629
vt 0.077116 0.897637
vt 0.096525 0.910298
vt 0.096469 0.910395
vt 0.096424 0.910472
vt 0.096396 0.910521
vt 0.096386 0.910538
vt 0.347541 0.909973
vt 0.347597 0.910070
vt 0.347641 0.910147
vt 0.347670 0.910196
vt 0.347680 0.910213
vt 0.133678 0.871751
vt 0.133678 0.573186
vt 0.133817 0.871709
vt 0.133817 0.573227
vt 0.133927 0.871677
vt 0.133927 0.573260
vt 0.133998 0.871655
vt 0.133998 0.573281
vt 0.134023 0.871648
vt 0.134023 0.573288
vt 0.143800 0.566403
vt 0.143856 0.566500
vt 0.143900 0.566577
vt 0.143929 0.566626
vt 0.143938 0.566643
vt 0.857304 0.566403
vt 0.857248 0.566500
vt 0.857204 0.566577
vt 0.857175 0.566626
vt 0.857165 0.566643
vt 0.866626 0.572650
vt 0.866487 0.572692
vt 0.866377 0.572724
vt 0.866306 0.572745
vt 0.866282 0.572753
vt 0.866626 0.872665
vt 0.866487 0.872623
vt 0.866377 0.872591
vt 0.866306 0.872570
vt 0.866282 0.872562
vt 0.858148 0.878341
vt 0.858092 0.878244
vt 0.858048 0.878167
vt 0.858020 0.878117
vt 0.858010 0.878100
vt 0.143431 0.878280
vt 0.143487 0.878183
vt 0.143532 0.878107
vt 0.143560 0.878057
vt 0.143570 0.878040
vt 0.125619 0.397401
vt 0.889381 0.388337
vt 0.874119 0.398549
vt 0.110815 0.387489
vt 0.851150 0.381042
vt 0.859199 0.375653
vt 0.889381 0.058107
vt 0.110815 0.058492
vt 0.138698 0.374595
vt 0.148615 0.381235
vt 0.859199 0.179544
vt 0.138698 0.179544
vt 0.140495 0.146202
vt 0.149765 0.152408
vt 0.562341 0.153040
vt 0.851446 0.152703
vt 0.858866 0.147741
vt 0.170774 0.152395
vt 0.223305 0.152355
vt 0.291611 0.152293
vt 0.359947 0.152211
vt 0.412566 0.152112
vt 0.433724 0.151999
vt 0.558595 0.148704
vt 0.147362 0.150799
vt 0.149078 0.151949
vt 0.434414 0.151698
vt 0.435866 0.151127
vt 0.437684 0.150431
vt 0.145130 0.149305
vt 0.439472 0.149755
vt 0.440835 0.149243
vt 0.142898 0.147811
vt 0.441377 0.149041
vt 0.441377 0.141373
vt 0.558595 0.044713
vt 0.141182 0.146662
vt 0.858866 0.064554
vt 0.140495 0.064181
vt 0.441377 0.122205
vt 0.441377 0.097286
vt 0.441377 0.072367
vt 0.441377 0.053198
vt 0.826267 0.042728
vt 0.172636 0.042662
vt 0.179085 0.005375
vt 0.820967 0.005375
vt 0.441377 0.045531
vt 0.437101 0.042662
vt 0.563733 0.042728
vt 0.889535 0.058065
vt 0.821036 0.005267
vt 0.889674 0.058028
vt 0.821097 0.005170
vt 0.889784 0.057998
vt 0.821146 0.005093
vt 0.889855 0.057979
vt 0.821178 0.005044
vt 0.889880 0.057973
vt 0.821189 0.005027
vt 0.179017 0.005267
vt 0.178954 0.005170
vt 0.178905 0.005093
vt 0.178874 0.005044
vt 0.178863 0.005027
vt 0.110661 0.058451
vt 0.110522 0.058413
vt 0.110412 0.058384
vt 0.110341 0.058365
vt 0.110317 0.058359
vt 0.110661 0.387535
vt 0.110522 0.387576
vt 0.110412 0.387609
vt 0.110341 0.387630
vt 0.110317 0.387637
vt 0.125557 0.397508
vt 0.125501 0.397605
vt 0.125456 0.397682
vt 0.125428 0.397731
vt 0.125418 0.397748
vt 0.874181 0.398657
vt 0.874237 0.398754
vt 0.874281 0.398831
vt 0.874309 0.398880
vt 0.874319 0.398897
vt 0.889535 0.388383
vt 0.889674 0.388424
vt 0.889784 0.388457
vt 0.889855 0.388478
vt 0.889880 0.388485
vt 0.138852 0.179652
vt 0.859044 0.179652
vt 0.138991 0.179748
vt 0.858905 0.179748
vt 0.139102 0.179825
vt 0.858795 0.179825
vt 0.139172 0.179875
vt 0.858724 0.179875
vt 0.139197 0.179892
vt 0.858700 0.179892
vt 0.859044 0.375608
vt 0.858905 0.375566
vt 0.858795 0.375534
vt 0.858724 0.375513
vt 0.858700 0.375505
vt 0.851088 0.380935
vt 0.851032 0.380838
vt 0.850987 0.380761
vt 0.850959 0.380712
vt 0.850949 0.380695
vt 0.148677 0.381127
vt 0.148733 0.381030
vt 0.148778 0.380953
vt 0.148806 0.380904
vt 0.148816 0.380887
vt 0.138852 0.374549
vt 0.138991 0.374508
vt 0.139102 0.374475
vt 0.139172 0.374454
vt 0.139197 0.374447
vt 0.558749 0.044776
vt 0.563773 0.042836
vt 0.558888 0.044833
vt 0.563809 0.042933
vt 0.558998 0.044879
vt 0.563837 0.043010
vt 0.559069 0.044908
vt 0.563856 0.043059
vt 0.559093 0.044918
vt 0.563862 0.043076
vt 0.826205 0.042836
vt 0.826149 0.042933
vt 0.826105 0.043010
vt 0.826076 0.043059
vt 0.826067 0.043076
vt 0.858712 0.064600
vt 0.858573 0.064641
vt 0.858463 0.064674
vt 0.858392 0.064695
vt 0.858368 0.064702
vt 0.858712 0.147696
vt 0.858573 0.147654
vt 0.858463 0.147622
vt 0.858392 0.147601
vt 0.858368 0.147593
vt 0.851384 0.152596
vt 0.851328 0.152499
vt 0.851284 0.152422
vt 0.851255 0.152373
vt 0.851246 0.152356
vt 0.562428 0.152932
vt 0.562506 0.152835
vt 0.562568 0.152758
vt 0.562608 0.152709
vt 0.562622 0.152692
vt 0.558749 0.148674
vt 0.558888 0.148647
vt 0.558998 0.148625
vt 0.559069 0.148612
vt 0.559093 0.148607
vt 0.140649 0.064227
vt 0.172698 0.042770
vt 0.140788 0.064268
vt 0.172754 0.042867
vt 0.140898 0.064301
vt 0.172798 0.042943
vt 0.140969 0.064322
vt 0.172826 0.042993
vt 0.140993 0.064329
vt 0.172836 0.043010
vt 0.437039 0.042770
vt 0.436983 0.042867
vt 0.436939 0.042943
vt 0.436910 0.042993
vt 0.436900 0.043010
vt 0.441223 0.045577
vt 0.441084 0.045618
vt 0.440974 0.045651
vt 0.440903 0.045672
vt 0.440878 0.045679
vt 0.441223 0.053198
vt 0.441084 0.053198
vt 0.440974 0.053198
vt 0.440903 0.053198
vt 0.440878 0.053198
vt 0.441223 0.072367
vt 0.441084 0.072367
vt 0.440974 0.072367
vt 0.440903 0.072367
vt 0.440878 0.072367
vt 0.441223 0.097286
vt 0.441084 0.097286
vt 0.440974 0.097286
vt 0.440903 0.097286
vt 0.440878 0.097286
vt 0.441223 0.122205
vt 0.441084 0.122205
vt 0.440974 0.122205
vt 0.440903 0.122205
vt 0.440878 0.122205
vt 0.441223 0.141373
vt 0.441084 0.141373
vt 0.440974 0.141373
vt 0.440903 0.141373
vt 0.440878 0.141373
vt 0.441223 0.148976
vt 0.441084 0.148918
vt 0.440974 0.148872
vt 0.440903 0.148843
vt 0.440878 0.148833
vt 0.440762 0.149149
vt 0.440696 0.149063
vt 0.440644 0.148995
vt 0.440610 0.148952
vt 0.440599 0.148937
vt 0.439399 0.149660
vt 0.439333 0.149575
vt 0.439280 0.149507
vt 0.439246 0.149464
vt 0.439235 0.149449
vt 0.437610 0.150336
vt 0.437543 0.150251
vt 0.437490 0.150184
vt 0.437457 0.150141
vt 0.437445 0.150126
vt 0.435791 0.151033
vt 0.435723 0.150948
vt 0.435670 0.150881
vt 0.435635 0.150838
vt 0.435623 0.150823
vt 0.434335 0.151605
vt 0.434264 0.151522
vt 0.434208 0.151456
vt 0.434171 0.151413
vt 0.434159 0.151399
vt 0.433679 0.151892
vt 0.433638 0.151796
vt 0.433606 0.151719
vt 0.433586 0.151670
vt 0.433578 0.151653
vt 0.412565 0.152005
vt 0.412565 0.151908
vt 0.412564 0.151831
vt 0.412564 0.151782
vt 0.412564 0.151765
vt 0.359946 0.152104
vt 0.359946 0.152007
vt 0.359946 0.151930
vt 0.359946 0.151881
vt 0.359946 0.151864
vt 0.291611 0.152186
vt 0.291611 0.152089
vt 0.291610 0.152012
vt 0.291610 0.151963
vt 0.291610 0.151946
vt 0.223305 0.152248
vt 0.223305 0.152151
vt 0.223305 0.152074
vt 0.223304 0.152025
vt 0.223304 0.152008
vt 0.170774 0.152287
vt 0.170774 0.152190
vt 0.170774 0.152113
vt 0.170774 0.152064
vt 0.170774 0.152047
vt 0.149827 0.152301
vt 0.149883 0.152204
vt 0.149927 0.152127
vt 0.149956 0.152078
vt 0.149966 0.152061
vt 0.149185 0.151871
vt 0.149282 0.151801
vt 0.149358 0.151746
vt 0.149407 0.151710
vt 0.149424 0.151698
vt 0.147468 0.150722
vt 0.147565 0.150652
vt 0.147641 0.150597
vt 0.147690 0.150561
vt 0.147707 0.150549
vt 0.145237 0.149228
vt 0.145333 0.149158
vt 0.145409 0.149102
vt 0.145458 0.149067
vt 0.145475 0.149054
vt 0.143005 0.147733
vt 0.143101 0.147664
vt 0.143178 0.147608
vt 0.143227 0.147573
vt 0.143244 0.147560
vt 0.141288 0.146584
vt 0.141385 0.146514
vt 0.141461 0.146459
vt 0.141510 0.146423
vt 0.141527 0.146411
vt 0.140649 0.146156
vt 0.140788 0.146115
vt 0.140898 0.146082
vt 0.140969 0.146061
vt 0.140993 0.146054
vt 0.917607 0.019139
vt 0.999012 0.057787
vt 0.971267 0.057787
vt 0.999012 0.015941
vt 0.917607 0.000359
vt 0.977772 0.001720
vt 0.917453 0.019182
vt 0.971202 0.057894
vt 0.917314 0.019221
vt 0.971143 0.057991
vt 0.917203 0.019252
vt 0.971096 0.058068
vt 0.917132 0.019272
vt 0.971066 0.058117
vt 0.917108 0.019279
vt 0.971056 0.058134
vt 0.999166 0.057894
vt 0.999305 0.057991
vt 0.999416 0.058068
vt 0.999486 0.058117
vt 0.999511 0.058134
vt 0.999166 0.015895
vt 0.999305 0.015854
vt 0.999416 0.015821
vt 0.999486 0.015800
vt 0.999511 0.015793
vt 0.977836 0.001614
vt 0.977893 0.001518
vt 0.977939 0.001442
vt 0.977969 0.001394
vt 0.977979 0.001377
vt 0.917453 0.000248
vt 0.917314 0.000148
vt 0.917203 0.000069
vt 0.917132 0.000018
vt 0.917108 0.000000
vt 0.000499 0.015941
vt 0.028244 0.057787
vt 0.000499 0.057787
vt 0.081904 0.019139
vt 0.081904 0.000359
vt 0.021739 0.001720
vt 0.082058 0.000248
vt 0.021675 0.001614
vt 0.082197 0.000148
vt 0.021617 0.001518
vt 0.082307 0.000069
vt 0.021571 0.001442
vt 0.082378 0.000018
vt 0.021542 0.001394
vt 0.082403 0.000000
vt 0.021532 0.001377
vt 0.000344 0.015895
vt 0.000206 0.015854
vt 0.000095 0.015821
vt 0.000024 0.015800
vt 0.000000 0.015793
vt 0.000344 0.057894
vt 0.000206 0.057991
vt 0.000095 0.058068
vt 0.000024 0.058117
vt 0.000000 0.058134
vt 0.028309 0.057894
vt 0.028368 0.057991
vt 0.028414 0.058068
vt 0.028444 0.058117
vt 0.028455 0.058134
vt 0.082058 0.019182
vt 0.082197 0.019221
vt 0.082307 0.019252
vt 0.082378 0.019272
vt 0.082403 0.019279
vt 0.884976 0.973908
vt 0.972175 0.998811
vt 0.884976 0.999628
vt 0.998192 0.981392
vt 0.998192 0.917977
vt 0.968516 0.917977
vt 0.884822 0.999737
vt 0.972238 0.998918
vt 0.884683 0.999835
vt 0.972294 0.999014
vt 0.884573 0.999913
vt 0.972339 0.999091
vt 0.884502 0.999963
vt 0.972368 0.999140
vt 0.884478 0.999980
vt 0.972378 0.999157
vt 0.998346 0.981438
vt 0.998485 0.981479
vt 0.998595 0.981512
vt 0.998666 0.981533
vt 0.998690 0.981541
vt 0.998346 0.917870
vt 0.998485 0.917773
vt 0.998595 0.917696
vt 0.998666 0.917647
vt 0.998690 0.917630
vt 0.968454 0.917870
vt 0.968398 0.917773
vt 0.968354 0.917696
vt 0.968325 0.917647
vt 0.968315 0.917630
vt 0.884822 0.973862
vt 0.884683 0.973821
vt 0.884573 0.973788
vt 0.884502 0.973767
vt 0.884478 0.973760
vt 0.027939 0.998811
vt 0.115137 0.973908
vt 0.115137 0.999628
vt 0.001921 0.981392
vt 0.001921 0.917977
vt 0.031597 0.917977
vt 0.115291 0.973862
vt 0.031659 0.917870
vt 0.115430 0.973821
vt 0.031715 0.917773
vt 0.115540 0.973788
vt 0.031760 0.917696
vt 0.115611 0.973767
vt 0.031788 0.917647
vt 0.115636 0.973760
vt 0.031798 0.917630
vt 0.001767 0.917870
vt 0.001628 0.917773
vt 0.001518 0.917696
vt 0.001447 0.917647
vt 0.001423 0.917630
vt 0.001767 0.981438
vt 0.001628 0.981479
vt 0.001518 0.981512
vt 0.001447 0.981533
vt 0.001423 0.981541
vt 0.027876 0.998918
vt 0.027819 0.999014
vt 0.027774 0.999091
vt 0.027745 0.999140
vt 0.027735 0.999157
vt 0.115291 0.999737
vt 0.115430 0.999835
vt 0.115540 0.999913
vt 0.115611 0.999963
vt 0.115636 0.999980
vt 0.836608 0.977995
vt 0.166961 0.977995
vt 0.873640 0.953202
vt 0.834576 0.926899
vt 0.168603 0.926586
vt 0.834632 0.926802
vt 0.168547 0.926489
vt 0.834676 0.926725
vt 0.168503 0.926412
vt 0.834704 0.926676
vt 0.168475 0.926363
vt 0.834714 0.926659
vt 0.168465 0.926346
vt 0.129277 0.952915
vt 0.129077 0.952915
vt 0.128918 0.952915
vt 0.128815 0.952915
vt 0.128780 0.952915
vt 0.166899 0.978103
vt 0.166843 0.978200
vt 0.166798 0.978277
vt 0.166770 0.978326
vt 0.166760 0.978343
vt 0.836670 0.978103
vt 0.836726 0.978200
vt 0.836770 0.978277
vt 0.836798 0.978326
vt 0.836808 0.978343
vt 0.873863 0.953202
vt 0.874063 0.953202
vt 0.874222 0.953202
vt 0.874325 0.953202
vt 0.874360 0.953202
vt 0.131601 0.504280
vt 0.887852 0.498156
vt 0.868946 0.505464
vt 0.113135 0.497142
vt 0.887852 0.442363
vt 0.113135 0.442770
vt 0.133824 0.434772
vt 0.868215 0.434772
vt 0.888006 0.498219
vt 0.888006 0.442300
vt 0.888145 0.498277
vt 0.888145 0.442243
vt 0.888255 0.498322
vt 0.888255 0.442198
vt 0.888326 0.498351
vt 0.888326 0.442168
vt 0.888351 0.498361
vt 0.888351 0.442158
vt 0.868254 0.434665
vt 0.868290 0.434568
vt 0.868319 0.434491
vt 0.868337 0.434442
vt 0.868344 0.434425
vt 0.133785 0.434665
vt 0.133749 0.434568
vt 0.133720 0.434491
vt 0.133702 0.434442
vt 0.133695 0.434425
vt 0.112981 0.442707
vt 0.112842 0.442650
vt 0.112731 0.442604
vt 0.112661 0.442575
vt 0.112636 0.442565
vt 0.112981 0.497205
vt 0.112842 0.497262
vt 0.112731 0.497308
vt 0.112661 0.497337
vt 0.112636 0.497347
vt 0.131561 0.504387
vt 0.131525 0.504484
vt 0.131496 0.504561
vt 0.131478 0.504610
vt 0.131472 0.504627
vt 0.868986 0.505571
vt 0.869022 0.505668
vt 0.869050 0.505745
vt 0.869068 0.505795
vt 0.869075 0.505812
vt 0.851150 0.381042
vt 0.859199 0.375653
vt 0.859353 0.375699
vt 0.859353 0.179437
vt 0.859492 0.375740
vt 0.859492 0.179340
vt 0.859602 0.375773
vt 0.859602 0.179263
vt 0.859673 0.375794
vt 0.859673 0.179214
vt 0.859697 0.375802
vt 0.859697 0.179197
vt 0.138544 0.179437
vt 0.138405 0.179340
vt 0.138295 0.179263
vt 0.138224 0.179214
vt 0.138200 0.179197
vt 0.138544 0.374641
vt 0.138405 0.374682
vt 0.138295 0.374715
vt 0.138224 0.374736
vt 0.138200 0.374743
vt 0.148553 0.381342
vt 0.148498 0.381439
vt 0.148453 0.381516
vt 0.148425 0.381565
vt 0.148415 0.381582
vt 0.851212 0.381149
vt 0.851268 0.381246
vt 0.851312 0.381323
vt 0.851341 0.381373
vt 0.851351 0.381390
vt 0.140495 0.146202
vt 0.170775 0.152395
vt 0.223306 0.152355
vt 0.291612 0.152293
vt 0.359948 0.152211
vt 0.412568 0.152113
vt 0.433726 0.152000
vt 0.434416 0.151698
vt 0.435869 0.151127
vt 0.437687 0.150431
vt 0.439476 0.149755
vt 0.440839 0.149243
vt 0.441381 0.149041
vt 0.441381 0.045531
vt 0.140495 0.064183
vt 0.172635 0.042665
vt 0.437101 0.042665
vt 0.170775 0.152502
vt 0.223306 0.152463
vt 0.170775 0.152599
vt 0.223306 0.152560
vt 0.170775 0.152676
vt 0.223306 0.152636
vt 0.170775 0.152725
vt 0.223306 0.152686
vt 0.170775 0.152742
vt 0.223306 0.152703
vt 0.291612 0.152401
vt 0.291613 0.152498
vt 0.291613 0.152574
vt 0.291613 0.152624
vt 0.291613 0.152641
vt 0.359949 0.152319
vt 0.359949 0.152416
vt 0.359949 0.152493
vt 0.359949 0.152542
vt 0.359949 0.152559
vt 0.412569 0.152220
vt 0.412570 0.152317
vt 0.412570 0.152394
vt 0.412571 0.152443
vt 0.412571 0.152460
vt 0.433771 0.152107
vt 0.433811 0.152204
vt 0.433843 0.152280
vt 0.433864 0.152330
vt 0.433871 0.152347
vt 0.434495 0.151790
vt 0.434566 0.151873
vt 0.434623 0.151940
vt 0.434659 0.151982
vt 0.434671 0.151997
vt 0.435944 0.151221
vt 0.436011 0.151305
vt 0.436065 0.151372
vt 0.436099 0.151416
vt 0.436111 0.151430
vt 0.437761 0.150525
vt 0.437827 0.150610
vt 0.437880 0.150678
vt 0.437914 0.150721
vt 0.437926 0.150736
vt 0.439549 0.149849
vt 0.439615 0.149935
vt 0.439667 0.150002
vt 0.439701 0.150046
vt 0.439713 0.150061
vt 0.440912 0.149338
vt 0.440978 0.149423
vt 0.441030 0.149491
vt 0.441063 0.149534
vt 0.441075 0.149549
vt 0.441536 0.149105
vt 0.441674 0.149163
vt 0.441785 0.149209
vt 0.441856 0.149238
vt 0.441880 0.149249
vt 0.441536 0.045485
vt 0.441674 0.045444
vt 0.441785 0.045411
vt 0.441856 0.045390
vt 0.441880 0.045383
vt 0.437163 0.042557
vt 0.437219 0.042460
vt 0.437263 0.042383
vt 0.437291 0.042334
vt 0.437301 0.042317
vt 0.172573 0.042557
vt 0.172517 0.042460
vt 0.172472 0.042383
vt 0.172444 0.042334
vt 0.172434 0.042317
vt 0.140341 0.064137
vt 0.140202 0.064095
vt 0.140091 0.064063
vt 0.140021 0.064042
vt 0.139996 0.064034
vt 0.140341 0.146248
vt 0.140202 0.146289
vt 0.140091 0.146322
vt 0.140021 0.146343
vt 0.139996 0.146350
vt 0.149703 0.152516
vt 0.149647 0.152613
vt 0.149603 0.152690
vt 0.149575 0.152739
vt 0.149565 0.152756
vt 0.558597 0.148704
vt 0.851446 0.152706
vt 0.562337 0.153041
vt 0.858865 0.147739
vt 0.558597 0.044716
vt 0.858865 0.064554
vt 0.826269 0.042731
vt 0.563731 0.042731
vt 0.562250 0.153149
vt 0.851508 0.152813
vt 0.562172 0.153246
vt 0.851564 0.152910
vt 0.562109 0.153323
vt 0.851608 0.152987
vt 0.562069 0.153372
vt 0.851637 0.153036
vt 0.562055 0.153389
vt 0.851647 0.153053
vt 0.859019 0.147784
vt 0.859158 0.147826
vt 0.859268 0.147858
vt 0.859339 0.147879
vt 0.859363 0.147887
vt 0.859019 0.064508
vt 0.859158 0.064467
vt 0.859268 0.064434
vt 0.859339 0.064413
vt 0.859363 0.064406
vt 0.826331 0.042623
vt 0.826387 0.042526
vt 0.826431 0.042450
vt 0.826460 0.042400
vt 0.826470 0.042383
vt 0.563692 0.042623
vt 0.563656 0.042526
vt 0.563627 0.042450
vt 0.563609 0.042400
vt 0.563602 0.042383
vt 0.558443 0.044652
vt 0.558304 0.044595
vt 0.558193 0.044550
vt 0.558123 0.044521
vt 0.558098 0.044511
vt 0.558443 0.148733
vt 0.558304 0.148760
vt 0.558193 0.148782
vt 0.558123 0.148795
vt 0.558098 0.148800
vt 0.025398 0.040708
vt 0.058834 0.023153
vt 0.028752 0.043294
vt 0.055226 0.020738
vt 0.059057 0.023153
vt 0.055226 0.020589
vt 0.059257 0.023153
vt 0.055226 0.020454
vt 0.059416 0.023153
vt 0.055226 0.020348
vt 0.059519 0.023153
vt 0.055226 0.020279
vt 0.059554 0.023153
vt 0.055226 0.020256
vt 0.025183 0.040703
vt 0.024990 0.040698
vt 0.024836 0.040694
vt 0.024738 0.040692
vt 0.024704 0.040691
vt 0.028744 0.043448
vt 0.028737 0.043587
vt 0.028731 0.043697
vt 0.028728 0.043768
vt 0.028726 0.043792
vt 0.940188 0.023417
vt 0.975461 0.040890
vt 0.970874 0.043961
vt 0.946004 0.021169
vt 0.946029 0.021037
vt 0.939931 0.023394
vt 0.946051 0.020917
vt 0.939699 0.023373
vt 0.946069 0.020822
vt 0.939515 0.023356
vt 0.946080 0.020762
vt 0.939397 0.023345
vt 0.946084 0.020741
vt 0.939356 0.023341
vt 0.970874 0.044110
vt 0.970874 0.044245
vt 0.970874 0.044351
vt 0.970874 0.044420
vt 0.970874 0.044443
vt 0.975683 0.040890
vt 0.975884 0.040890
vt 0.976043 0.040890
vt 0.976145 0.040890
vt 0.976180 0.040890
vt 0.909646 0.494782
vt 0.922688 0.445866
vt 0.922688 0.494890
vt 0.909646 0.445866
vt 0.922842 0.445758
vt 0.909492 0.445758
vt 0.922981 0.445661
vt 0.909353 0.445661
vt 0.923091 0.445585
vt 0.909243 0.445585
vt 0.923162 0.445535
vt 0.909172 0.445535
vt 0.923187 0.445518
vt 0.909148 0.445518
vt 0.909492 0.494888
vt 0.909353 0.494983
vt 0.909243 0.495059
vt 0.909172 0.495108
vt 0.909148 0.495125
vt 0.922842 0.494999
vt 0.922981 0.495097
vt 0.923091 0.495175
vt 0.923162 0.495225
vt 0.923187 0.495242
vt 0.919080 0.976800
vt 0.969133 0.955400
vt 0.928430 0.983059
vt 0.960088 0.949345
vt 0.928431 0.983209
vt 0.969355 0.955400
vt 0.928432 0.983344
vt 0.969554 0.955399
vt 0.928432 0.983451
vt 0.969713 0.955399
vt 0.928433 0.983519
vt 0.969815 0.955399
vt 0.928433 0.983543
vt 0.969850 0.955398
vt 0.960088 0.949196
vt 0.960088 0.949061
vt 0.960088 0.948955
vt 0.960088 0.948886
vt 0.960088 0.948863
vt 0.918858 0.976800
vt 0.918657 0.976800
vt 0.918498 0.976800
vt 0.918396 0.976800
vt 0.918361 0.976800
vt 0.031766 0.955225
vt 0.079339 0.975817
vt 0.069853 0.982168
vt 0.040174 0.949595
vt 0.031547 0.955222
vt 0.069850 0.982319
vt 0.031349 0.955221
vt 0.069848 0.982455
vt 0.031192 0.955219
vt 0.069846 0.982563
vt 0.031091 0.955218
vt 0.069844 0.982632
vt 0.031056 0.955218
vt 0.069844 0.982656
vt 0.079562 0.975817
vt 0.079762 0.975817
vt 0.079922 0.975817
vt 0.080024 0.975817
vt 0.080059 0.975817
vt 0.040174 0.949446
vt 0.040174 0.949312
vt 0.040174 0.949205
vt 0.040174 0.949137
vt 0.040174 0.949113
vt 0.077737 0.446852
vt 0.089933 0.495162
vt 0.077737 0.495162
vt 0.090543 0.492305
vt 0.090543 0.446852
vt 0.090066 0.495270
vt 0.090697 0.492313
vt 0.090186 0.495367
vt 0.090836 0.492320
vt 0.090281 0.495444
vt 0.090946 0.492325
vt 0.090342 0.495493
vt 0.091017 0.492329
vt 0.090363 0.495510
vt 0.091041 0.492330
vt 0.090697 0.446745
vt 0.090836 0.446648
vt 0.090946 0.446571
vt 0.091017 0.446522
vt 0.091041 0.446505
vt 0.077583 0.446745
vt 0.077444 0.446648
vt 0.077334 0.446571
vt 0.077263 0.446522
vt 0.077239 0.446505
vt 0.077583 0.495270
vt 0.077444 0.495367
vt 0.077334 0.495444
vt 0.077263 0.495493
vt 0.077239 0.495510
vt 0.482528 0.164557
vt 0.531880 0.173374
vt 0.469197 0.173482
vt 0.518711 0.164557
vt 0.518773 0.164450
vt 0.482466 0.164450
vt 0.518829 0.164353
vt 0.482410 0.164353
vt 0.518873 0.164276
vt 0.482365 0.164276
vt 0.518902 0.164227
vt 0.482337 0.164227
vt 0.518911 0.164210
vt 0.482327 0.164210
vt 0.468813 0.173590
vt 0.468467 0.173688
vt 0.468192 0.173765
vt 0.468016 0.173815
vt 0.467955 0.173832
vt 0.532261 0.173480
vt 0.532606 0.173577
vt 0.532879 0.173653
vt 0.533055 0.173702
vt 0.533115 0.173719
vt 0.075908 0.618047
vt 0.098470 0.809382
vt 0.075908 0.825712
vt 0.098470 0.633152
vt 0.098624 0.633106
vt 0.075754 0.617795
vt 0.098763 0.633065
vt 0.075615 0.617567
vt 0.098873 0.633032
vt 0.075505 0.617387
vt 0.098944 0.633011
vt 0.075434 0.617271
vt 0.098968 0.633004
vt 0.075409 0.617231
vt 0.075754 0.825978
vt 0.075615 0.826218
vt 0.075505 0.826409
vt 0.075434 0.826531
vt 0.075409 0.826574
vt 0.098624 0.809425
vt 0.098763 0.809464
vt 0.098873 0.809495
vt 0.098944 0.809515
vt 0.098968 0.809522
vt 0.901993 0.811583
vt 0.923786 0.619431
vt 0.922654 0.825415
vt 0.901993 0.634021
vt 0.901839 0.633975
vt 0.901839 0.811628
vt 0.901700 0.633934
vt 0.901700 0.811670
vt 0.901590 0.633901
vt 0.901590 0.811702
vt 0.901519 0.633880
vt 0.901519 0.811724
vt 0.901494 0.633873
vt 0.901494 0.811731
vt 0.922806 0.825666
vt 0.922944 0.825893
vt 0.923053 0.826073
vt 0.923124 0.826188
vt 0.923148 0.826228
vt 0.923941 0.619178
vt 0.924081 0.618950
vt 0.924192 0.618768
vt 0.924264 0.618652
vt 0.924289 0.618612
vt 0.366792 0.898932
vt 0.649502 0.909613
vt 0.350695 0.909709
vt 0.633548 0.898932
vt 0.633610 0.898825
vt 0.366730 0.898825
vt 0.633666 0.898728
vt 0.366674 0.898728
vt 0.633711 0.898651
vt 0.366630 0.898651
vt 0.633739 0.898602
vt 0.366601 0.898602
vt 0.633749 0.898585
vt 0.366591 0.898585
vt 0.350312 0.909817
vt 0.349966 0.909914
vt 0.349692 0.909991
vt 0.349516 0.910040
vt 0.349455 0.910057
vt 0.649884 0.909720
vt 0.650230 0.909817
vt 0.650504 0.909894
vt 0.650679 0.909943
vt 0.650740 0.909960
vt 0.361187 0.535197
vt 0.627080 0.544242
vt 0.374697 0.544242
vt 0.641094 0.534860
vt 0.641477 0.534752
vt 0.360805 0.535090
vt 0.641823 0.534655
vt 0.360460 0.534993
vt 0.642098 0.534577
vt 0.360186 0.534917
vt 0.642274 0.534528
vt 0.360011 0.534868
vt 0.642335 0.534511
vt 0.359950 0.534851
vt 0.374635 0.544349
vt 0.374579 0.544446
vt 0.374535 0.544523
vt 0.374506 0.544572
vt 0.374496 0.544589
vt 0.627142 0.544349
vt 0.627198 0.544446
vt 0.627243 0.544523
vt 0.627271 0.544572
vt 0.627281 0.544589
vt 0.907495 0.954210
vt 0.886203 0.973159
vt 0.879191 0.973159
vt 0.961714 0.922604
vt 0.846262 0.911037
vt 0.906427 0.911037
vt 0.925432 0.898313
vt 0.961714 0.792507
vt 0.925432 0.548371
vt 0.930412 0.762841
vt 0.930412 0.627437
vt 0.974926 0.591782
vt 0.974926 0.350641
vt 0.904649 0.534457
vt 0.933867 0.507274
vt 0.874719 0.523196
vt 0.874719 0.534457
vt 0.933867 0.432155
vt 0.875735 0.416914
vt 0.875735 0.398270
vt 0.891081 0.387996
vt 0.891081 0.059147
vt 0.937526 0.317028
vt 0.937526 0.171553
vt 0.971470 0.140526
vt 0.971470 0.057651
vt 0.841588 0.019411
vt 0.918420 0.019411
vt 0.890927 0.387950
vt 0.875581 0.398224
vt 0.890788 0.387909
vt 0.875442 0.398183
vt 0.890678 0.387876
vt 0.875332 0.398150
vt 0.890607 0.387855
vt 0.875261 0.398129
vt 0.890583 0.387848
vt 0.875237 0.398122
vt 0.875581 0.416988
vt 0.875442 0.417055
vt 0.875332 0.417108
vt 0.875261 0.417143
vt 0.875237 0.417154
vt 0.933713 0.432230
vt 0.933574 0.432297
vt 0.933464 0.432350
vt 0.933393 0.432384
vt 0.933369 0.432396
vt 0.933713 0.507200
vt 0.933574 0.507134
vt 0.933464 0.507081
vt 0.933393 0.507047
vt 0.933369 0.507036
vt 0.874565 0.523122
vt 0.874426 0.523056
vt 0.874315 0.523003
vt 0.874245 0.522969
vt 0.874220 0.522957
vt 0.874565 0.534564
vt 0.874426 0.534661
vt 0.874315 0.534738
vt 0.874245 0.534787
vt 0.874220 0.534804
vt 0.904587 0.534564
vt 0.904531 0.534661
vt 0.904486 0.534738
vt 0.904458 0.534787
vt 0.904448 0.534804
vt 0.925278 0.548417
vt 0.925139 0.548458
vt 0.925029 0.548491
vt 0.924958 0.548512
vt 0.924934 0.548519
vt 0.925278 0.898267
vt 0.925139 0.898226
vt 0.925029 0.898193
vt 0.924958 0.898172
vt 0.924934 0.898165
vt 0.906365 0.910929
vt 0.906309 0.910832
vt 0.906265 0.910756
vt 0.906237 0.910706
vt 0.906227 0.910689
vt 0.845894 0.910929
vt 0.845561 0.910832
vt 0.845297 0.910756
vt 0.845127 0.910706
vt 0.845069 0.910689
vt 0.907275 0.954208
vt 0.907077 0.954206
vt 0.906920 0.954204
vt 0.906819 0.954203
vt 0.906784 0.954203
vt 0.878808 0.973267
vt 0.878462 0.973364
vt 0.878188 0.973441
vt 0.878012 0.973490
vt 0.877952 0.973507
vt 0.886265 0.973267
vt 0.886321 0.973364
vt 0.886365 0.973441
vt 0.886394 0.973490
vt 0.886404 0.973507
vt 0.961868 0.922650
vt 0.962007 0.922691
vt 0.962117 0.922724
vt 0.962188 0.922745
vt 0.962213 0.922752
vt 0.961868 0.792472
vt 0.962007 0.792440
vt 0.962117 0.792415
vt 0.962188 0.792399
vt 0.962213 0.792393
vt 0.930566 0.762806
vt 0.930705 0.762774
vt 0.930815 0.762748
vt 0.930886 0.762732
vt 0.930911 0.762727
vt 0.930566 0.627477
vt 0.930705 0.627513
vt 0.930815 0.627542
vt 0.930886 0.627560
vt 0.930911 0.627567
vt 0.975080 0.591823
vt 0.975219 0.591859
vt 0.975329 0.591888
vt 0.975400 0.591906
vt 0.975424 0.591912
vt 0.975080 0.350604
vt 0.975219 0.350571
vt 0.975329 0.350544
vt 0.975400 0.350527
vt 0.975424 0.350522
vt 0.937680 0.316991
vt 0.937819 0.316958
vt 0.937930 0.316931
vt 0.938000 0.316915
vt 0.938025 0.316909
vt 0.937680 0.171590
vt 0.937819 0.171622
vt 0.937930 0.171648
vt 0.938000 0.171665
vt 0.938025 0.171671
vt 0.971624 0.140562
vt 0.971763 0.140595
vt 0.971874 0.140621
vt 0.971945 0.140638
vt 0.971969 0.140643
vt 0.971624 0.057607
vt 0.971763 0.057568
vt 0.971874 0.057537
vt 0.971945 0.057517
vt 0.971969 0.057510
vt 0.918485 0.019303
vt 0.918544 0.019206
vt 0.918591 0.019130
vt 0.918621 0.019080
vt 0.918631 0.019063
vt 0.841250 0.019303
vt 0.840945 0.019206
vt 0.840703 0.019130
vt 0.840548 0.019080
vt 0.840494 0.019063
vt 0.890927 0.059188
vt 0.890788 0.059224
vt 0.890678 0.059252
vt 0.890607 0.059271
vt 0.890583 0.059277
vt 0.125300 0.397998
vt 0.876302 0.416914
vt 0.125300 0.417254
vt 0.876302 0.397998
vt 0.876456 0.397891
vt 0.125146 0.397891
vt 0.876595 0.397794
vt 0.125007 0.397794
vt 0.876705 0.397717
vt 0.124897 0.397717
vt 0.876776 0.397667
vt 0.124826 0.397667
vt 0.876801 0.397650
vt 0.124802 0.397650
vt 0.125146 0.417361
vt 0.125007 0.417458
vt 0.124897 0.417535
vt 0.124826 0.417585
vt 0.124802 0.417602
vt 0.876456 0.417021
vt 0.876595 0.417118
vt 0.876705 0.417195
vt 0.876776 0.417244
vt 0.876801 0.417261
vt 0.125707 0.523457
vt 0.875152 0.534234
vt 0.125707 0.534899
vt 0.875152 0.523457
vt 0.125553 0.535007
vt 0.875306 0.534342
vt 0.125414 0.535104
vt 0.875445 0.534438
vt 0.125303 0.535181
vt 0.875555 0.534515
vt 0.125232 0.535230
vt 0.875626 0.534564
vt 0.125208 0.535247
vt 0.875651 0.534581
vt 0.875306 0.523350
vt 0.875445 0.523253
vt 0.875555 0.523176
vt 0.875626 0.523127
vt 0.875651 0.523110
vt 0.125553 0.523350
vt 0.125414 0.523253
vt 0.125303 0.523176
vt 0.125232 0.523127
vt 0.125208 0.523110
vt 0.847685 0.995409
vt 0.884679 0.973704
vt 0.884679 0.995681
vt 0.880105 0.973704
vt 0.884833 0.973596
vt 0.880043 0.973596
vt 0.884972 0.973499
vt 0.879987 0.973499
vt 0.885082 0.973423
vt 0.879943 0.973423
vt 0.885153 0.973373
vt 0.879914 0.973373
vt 0.885177 0.973356
vt 0.879905 0.973356
vt 0.847307 0.995514
vt 0.846965 0.995608
vt 0.846694 0.995683
vt 0.846520 0.995731
vt 0.846460 0.995748
vt 0.884833 0.995790
vt 0.884972 0.995888
vt 0.885082 0.995965
vt 0.885153 0.996015
vt 0.885177 0.996032
vt 0.115256 0.973704
vt 0.152249 0.995409
vt 0.115256 0.995681
vt 0.119829 0.973704
vt 0.115102 0.995790
vt 0.152628 0.995514
vt 0.114963 0.995888
vt 0.152969 0.995608
vt 0.114852 0.995965
vt 0.153240 0.995683
vt 0.114782 0.996015
vt 0.153414 0.995731
vt 0.114757 0.996032
vt 0.153474 0.995748
vt 0.119891 0.973596
vt 0.119947 0.973499
vt 0.119991 0.973423
vt 0.120020 0.973373
vt 0.120030 0.973356
vt 0.115102 0.973596
vt 0.114963 0.973499
vt 0.114852 0.973423
vt 0.114782 0.973373
vt 0.114757 0.973356
vt 0.034657 0.916916
vt 0.040134 0.792677
vt 0.040134 0.920583
vt 0.008051 0.058876
vt 0.008051 0.917023
vt 0.026770 0.592163
vt 0.071578 0.762909
vt 0.071578 0.627574
vt 0.026770 0.350743
vt 0.064392 0.317004
vt 0.030760 0.140861
vt 0.064392 0.171846
vt 0.030760 0.058876
vt 0.040288 0.920835
vt 0.040288 0.792713
vt 0.040427 0.921062
vt 0.040427 0.792744
vt 0.040538 0.921243
vt 0.040538 0.792770
vt 0.040608 0.921359
vt 0.040608 0.792786
vt 0.040633 0.921399
vt 0.040633 0.792791
vt 0.071732 0.762944
vt 0.071871 0.762976
vt 0.071981 0.763001
vt 0.072052 0.763017
vt 0.072077 0.763023
vt 0.071732 0.627533
vt 0.071871 0.627497
vt 0.071981 0.627468
vt 0.072052 0.627449
vt 0.072077 0.627443
vt 0.026924 0.592122
vt 0.027063 0.592085
vt 0.027173 0.592056
vt 0.027244 0.592038
vt 0.027268 0.592031
vt 0.026924 0.350779
vt 0.027063 0.350813
vt 0.027173 0.350839
vt 0.027244 0.350856
vt 0.027268 0.350862
vt 0.064546 0.317040
vt 0.064685 0.317074
vt 0.064795 0.317100
vt 0.064866 0.317117
vt 0.064890 0.317123
vt 0.064546 0.171810
vt 0.064685 0.171778
vt 0.064795 0.171752
vt 0.064866 0.171735
vt 0.064890 0.171729
vt 0.030914 0.140825
vt 0.031053 0.140793
vt 0.031163 0.140767
vt 0.031234 0.140750
vt 0.031258 0.140745
vt 0.030914 0.058769
vt 0.031053 0.058672
vt 0.031163 0.058595
vt 0.031234 0.058546
vt 0.031258 0.058529
vt 0.007897 0.058769
vt 0.007758 0.058672
vt 0.007648 0.058595
vt 0.007577 0.058546
vt 0.007552 0.058529
vt 0.007897 0.917131
vt 0.007758 0.917228
vt 0.007648 0.917305
vt 0.007577 0.917355
vt 0.007552 0.917372
vt 0.034595 0.917023
vt 0.034539 0.917120
vt 0.034495 0.917197
vt 0.034467 0.917247
vt 0.034457 0.917264
vt 0.963107 0.792677
vt 0.968585 0.916916
vt 0.963107 0.920583
vt 0.995190 0.058876
vt 0.995190 0.917023
vt 0.976471 0.592163
vt 0.931663 0.762909
vt 0.931663 0.627574
vt 0.976471 0.350743
vt 0.938850 0.317004
vt 0.938850 0.171846
vt 0.972482 0.140861
vt 0.972482 0.058876
vt 0.968647 0.917023
vt 0.995344 0.917131
vt 0.968702 0.917120
vt 0.995483 0.917228
vt 0.968746 0.917197
vt 0.995594 0.917305
vt 0.968775 0.917247
vt 0.995665 0.917355
vt 0.968784 0.917264
vt 0.995689 0.917372
vt 0.995344 0.058769
vt 0.995483 0.058672
vt 0.995594 0.058595
vt 0.995665 0.058546
vt 0.995689 0.058529
vt 0.972328 0.058769
vt 0.972189 0.058672
vt 0.972078 0.058595
vt 0.972008 0.058546
vt 0.971983 0.058529
vt 0.972328 0.140825
vt 0.972189 0.140793
vt 0.972078 0.140767
vt 0.972008 0.140750
vt 0.971983 0.140745
vt 0.938696 0.171810
vt 0.938557 0.171778
vt 0.938446 0.171752
vt 0.938376 0.171735
vt 0.938351 0.171729
vt 0.938696 0.317040
vt 0.938557 0.317074
vt 0.938446 0.317100
vt 0.938376 0.317117
vt 0.938351 0.317123
vt 0.976317 0.350779
vt 0.976178 0.350813
vt 0.976068 0.350839
vt 0.975997 0.350856
vt 0.975973 0.350862
vt 0.976317 0.592122
vt 0.976178 0.592085
vt 0.976068 0.592056
vt 0.975997 0.592038
vt 0.975973 0.592031
vt 0.931509 0.627533
vt 0.931370 0.627497
vt 0.931260 0.627468
vt 0.931189 0.627449
vt 0.931165 0.627443
vt 0.931509 0.762944
vt 0.931370 0.762976
vt 0.931260 0.763001
vt 0.931189 0.763017
vt 0.931165 0.763023
vt 0.962953 0.792713
vt 0.962814 0.792744
vt 0.962704 0.792770
vt 0.962633 0.792786
vt 0.962609 0.792791
vt 0.962953 0.920835
vt 0.962814 0.921062
vt 0.962704 0.921243
vt 0.962633 0.921359
vt 0.962609 0.921399
vt 0.820550 0.005054
vt 0.916997 0.019003
vt 0.841384 0.019003
vt 0.917810 0.005054
vt 0.820167 0.004946
vt 0.841322 0.019110
vt 0.819822 0.004850
vt 0.841266 0.019207
vt 0.819548 0.004773
vt 0.841222 0.019284
vt 0.819372 0.004723
vt 0.841193 0.019333
vt 0.819311 0.004706
vt 0.841184 0.019350
vt 0.917145 0.019110
vt 0.917278 0.019207
vt 0.917384 0.019284
vt 0.917452 0.019333
vt 0.917476 0.019350
vt 0.917970 0.004946
vt 0.918115 0.004850
vt 0.918230 0.004773
vt 0.918304 0.004723
vt 0.918329 0.004706
vt 0.082659 0.005054
vt 0.159085 0.019003
vt 0.083472 0.019003
vt 0.179919 0.005054
vt 0.082499 0.004946
vt 0.083324 0.019110
vt 0.082354 0.004850
vt 0.083191 0.019207
vt 0.082239 0.004773
vt 0.083085 0.019284
vt 0.082165 0.004723
vt 0.083017 0.019333
vt 0.082140 0.004706
vt 0.082993 0.019350
vt 0.159147 0.019110
vt 0.159203 0.019207
vt 0.159247 0.019284
vt 0.159275 0.019333
vt 0.159285 0.019350
vt 0.180302 0.004946
vt 0.180647 0.004850
vt 0.180921 0.004773
vt 0.181097 0.004723
vt 0.181158 0.004706
s 1
usemtl Card_Art
f 7/1/1 1/2/1 8/3/1
f 6/4/1 1/2/1 7/1/1
f 6/4/1 2/5/1 1/2/1
f 5/6/1 2/5/1 6/4/1
f 4/7/1 2/5/1 5/6/1
f 4/7/1 3/8/1 2/5/1
f 15/1/2 16/3/2 9/2/2
f 14/4/2 15/1/2 9/2/2
f 14/4/2 9/2/2 10/5/2
f 13/6/2 14/4/2 10/5/2
f 12/7/2 13/6/2 10/5/2
f 12/7/2 10/5/2 11/8/2
f 18/9/3 30/10/4 29/5/5 17/2/6
f 19/11/7 31/12/8 30/10/4 18/9/3
f 20/13/9 32/14/9 31/12/8 19/11/7
f 21/15/10 33/16/10 32/14/9 20/13/9
f 22/17/11 34/18/11 33/16/10 21/15/10
f 23/17/12 35/18/12 34/18/11 22/17/11
f 24/15/13 36/16/13 35/18/12 23/17/12
f 25/13/14 37/14/14 36/16/13 24/15/13
f 26/11/15 38/12/16 37/14/14 25/13/14
f 27/9/17 39/10/18 38/12/16 26/11/15
f 28/2/19 40/5/20 39/10/18 27/9/17
f 30/10/4 42/19/21 41/8/22 29/5/5
f 31/12/8 43/20/23 42/19/21 30/10/4
f 32/14/24 44/21/25 43/20/23 31/12/8
f 33/16/26 45/22/27 44/21/25 32/14/24
f 34/18/28 46/23/29 45/22/27 33/16/26
f 35/18/30 47/23/31 46/23/29 34/18/28
f 36/16/32 48/22/33 47/23/31 35/18/30
f 37/14/34 49/21/35 48/22/33 36/16/32
f 38/12/16 50/20/36 49/21/35 37/14/34
f 39/10/18 51/19/37 50/20/36 38/12/16
f 40/5/20 52/8/38 51/19/37 39/10/18
f 42/19/21 54/24/39 53/7/40 41/8/22
f 43/20/23 55/25/41 54/24/39 42/19/21
f 44/21/42 56/26/42 55/25/41 43/20/23
f 45/22/43 57/27/43 56/26/42 44/21/42
f 46/23/44 58/28/44 57/27/43 45/22/43
f 47/23/45 59/28/45 58/28/44 46/23/44
f 48/22/46 60/27/46 59/28/45 47/23/45
f 49/21/47 61/26/47 60/27/46 48/22/46
f 50/20/36 62/25/48 61/26/47 49/21/47
f 51/19/37 63/24/49 62/25/48 50/20/36
f 52/8/38 64/7/50 63/24/49 51/19/37
f 54/24/39 66/29/51 65/6/52 53/7/40
f 55/25/41 67/30/53 66/29/51 54/24/39
f 56/26/54 68/31/55 67/30/53 55/25/41
f 57/27/56 69/32/57 68/31/55 56/26/54
f 58/28/58 70/33/59 69/32/57 57/27/56
f 59/28/60 71/33/61 70/33/59 58/28/58
f 60/27/62 72/32/63 71/33/61 59/28/60
f 61/26/64 73/31/65 72/32/63 60/27/62
f 62/25/48 74/30/66 73/31/65 61/26/64
f 63/24/49 75/29/67 74/30/66 62/25/48
f 64/7/50 76/6/68 75/29/67 63/24/49
f 66/29/51 78/34/69 77/4/70 65/6/52
f 67/30/53 79/35/71 78/34/69 66/29/51
f 68/31/72 80/36/72 79/35/71 67/30/53
f 69/32/73 81/37/74 80/36/72 68/31/72
f 70/33/75 82/38/75 81/37/74 69/32/73
f 71/33/76 83/38/76 82/38/75 70/33/75
f 72/32/77 84/37/78 83/38/76 71/33/76
f 73/31/79 85/36/79 84/37/78 72/32/77
f 74/30/66 86/35/80 85/36/79 73/31/79
f 75/29/67 87/34/81 86/35/80 74/30/66
f 76/6/68 88/4/82 87/34/81 75/29/67
f 78/34/69 90/39/83 89/1/84 77/4/70
f 79/35/71 91/40/85 90/39/83 78/34/69
f 80/36/86 92/41/87 91/40/85 79/35/71
f 81/37/88 93/42/89 92/41/87 80/36/86
f 82/38/90 94/43/91 93/42/89 81/37/88
f 83/38/92 95/43/93 94/43/91 82/38/90
f 84/37/94 96/42/95 95/43/93 83/38/92
f 85/36/96 97/41/97 96/42/95 84/37/94
f 86/35/80 98/40/98 97/41/97 85/36/96
f 87/34/81 99/39/99 98/40/98 86/35/80
f 88/4/82 100/1/100 99/39/99 87/34/81
f 90/39/83 102/44/101 101/3/102 89/1/84
f 91/40/85 103/45/103 102/44/101 90/39/83
f 92/41/104 104/46/104 103/45/103 91/40/85
f 93/42/105 105/47/105 104/46/104 92/41/104
f 94/43/106 106/48/107 105/47/105 93/42/105
f 95/43/108 107/48/109 106/48/107 94/43/106
f 96/42/110 108/47/110 107/48/109 95/43/108
f 97/41/111 109/46/111 108/47/110 96/42/110
f 98/40/98 110/45/112 109/46/111 97/41/111
f 99/39/99 111/44/113 110/45/112 98/40/98
f 100/1/100 112/3/114 111/44/113 99/39/99
f 102/44/101 18/9/3 17/2/6 101/3/102
f 103/45/103 19/11/7 18/9/3 102/44/101
f 104/46/115 20/13/116 19/11/7 103/45/103
f 105/47/117 21/15/118 20/13/116 104/46/115
f 106/48/119 22/17/120 21/15/118 105/47/117
f 107/48/121 23/17/122 22/17/120 106/48/119
f 108/47/123 24/15/124 23/17/122 107/48/121
f 109/46/125 25/13/126 24/15/124 108/47/123
f 110/45/112 26/11/15 25/13/126 109/46/125
f 111/44/113 27/9/17 26/11/15 110/45/112
f 112/3/114 28/2/19 27/9/17 111/44/113
usemtl Card_Base
f 131/49/1 113/50/1 132/51/1
f 130/52/1 113/50/1 131/49/1
f 130/52/1 114/53/1 113/50/1
f 129/54/1 114/53/1 130/52/1
f 129/54/1 115/55/1 114/53/1
f 128/56/1 115/55/1 129/54/1
f 128/56/1 116/57/1 115/55/1
f 127/58/1 116/57/1 128/56/1
f 127/58/1 117/59/1 116/57/1
f 126/60/1 117/59/1 127/58/1
f 126/60/1 118/61/1 117/59/1
f 125/62/1 118/61/1 126/60/1
f 124/63/1 122/64/1 125/62/1
f 122/64/1 118/61/1 125/62/1
f 122/64/1 121/65/1 118/61/1
f 121/65/1 119/66/1 118/61/1
f 124/63/1 123/67/1 122/64/1
f 120/68/1 119/66/1 121/65/1
f 151/49/2 152/51/2 133/50/2
f 150/52/2 151/49/2 133/50/2
f 150/52/2 133/50/2 134/53/2
f 149/54/2 150/52/2 134/53/2
f 149/54/2 134/53/2 135/55/2
f 148/56/2 149/54/2 135/55/2
f 148/56/2 135/55/2 136/57/2
f 147/58/2 148/56/2 136/57/2
f 147/58/2 136/57/2 137/59/2
f 146/60/2 147/58/2 137/59/2
f 146/60/2 137/59/2 138/61/2
f 145/62/2 146/60/2 138/61/2
f 144/63/2 145/62/2 142/64/2
f 142/64/2 145/62/2 138/61/2
f 142/64/2 138/61/2 141/65/2
f 141/65/2 138/61/2 139/66/2
f 144/63/2 142/64/2 143/67/2
f 140/68/2 141/65/2 139/66/2
f 154/69/3 166/70/4 165/53/127 153/50/128
f 155/71/129 167/72/130 166/70/4 154/69/3
f 156/73/9 168/74/9 167/72/130 155/71/129
f 157/75/131 169/76/131 168/74/9 156/73/9
f 158/77/132 170/78/132 169/76/131 157/75/131
f 159/77/133 171/78/133 170/78/132 158/77/132
f 160/75/134 172/76/134 171/78/133 159/77/133
f 161/73/14 173/74/14 172/76/134 160/75/134
f 162/71/135 174/72/136 173/74/14 161/73/14
f 163/69/137 175/70/138 174/72/136 162/71/135
f 164/50/139 176/53/140 175/70/138 163/69/137
f 166/70/4 178/79/141 177/55/127 165/53/127
f 167/72/130 179/80/142 178/79/141 166/70/4
f 168/74/143 180/81/144 179/80/142 167/72/130
f 169/76/145 181/82/146 180/81/144 168/74/143
f 170/78/147 182/83/148 181/82/146 169/76/145
f 171/78/149 183/83/150 182/83/148 170/78/147
f 172/76/151 184/82/152 183/83/150 171/78/149
f 173/74/153 185/81/154 184/82/152 172/76/151
f 174/72/136 186/80/155 185/81/154 173/74/153
f 175/70/138 187/79/156 186/80/155 174/72/136
f 176/53/140 188/55/140 187/79/156 175/70/138
f 178/79/141 190/84/157 189/57/128 177/55/127
f 179/80/142 191/85/158 190/84/157 178/79/141
f 180/81/159 192/86/159 191/85/158 179/80/142
f 181/82/160 193/87/160 192/86/159 180/81/159
f 182/83/161 194/88/161 193/87/160 181/82/160
f 183/83/162 195/88/162 194/88/161 182/83/161
f 184/82/163 196/87/163 195/88/162 183/83/162
f 185/81/164 197/86/164 196/87/163 184/82/163
f 186/80/155 198/85/165 197/86/164 185/81/164
f 187/79/156 199/84/166 198/85/165 186/80/155
f 188/55/140 200/57/167 199/84/166 187/79/156
f 190/84/157 202/89/3 201/59/128 189/57/128
f 191/85/158 203/90/129 202/89/3 190/84/157
f 192/86/168 204/91/116 203/90/129 191/85/158
f 193/87/169 205/92/118 204/91/116 192/86/168
f 194/88/170 206/93/120 205/92/118 193/87/169
f 195/88/171 207/93/122 206/93/120 194/88/170
f 196/87/172 208/92/124 207/93/122 195/88/171
f 197/86/173 209/91/126 208/92/124 196/87/172
f 198/85/165 210/90/135 209/91/126 197/86/173
f 199/84/166 211/89/17 210/90/135 198/85/165
f 200/57/167 212/59/167 211/89/17 199/84/166
f 202/89/3 214/94/174 213/61/127 201/59/128
f 203/90/129 215/95/130 214/94/174 202/89/3
f 204/91/9 216/96/9 215/95/130 203/90/129
f 205/92/131 217/97/131 216/96/9 204/91/9
f 206/93/132 218/98/132 217/97/131 205/92/131
f 207/93/133 219/98/133 218/98/132 206/93/132
f 208/92/134 220/97/134 219/98/133 207/93/133
f 209/91/14 221/96/14 220/97/134 208/92/134
f 210/90/135 222/95/136 221/96/14 209/91/14
f 211/89/17 223/94/175 222/95/136 210/90/135
f 212/59/167 224/61/140 223/94/175 211/89/17
f 214/94/174 226/99/21 225/66/22 213/61/127
f 215/95/130 227/100/23 226/99/21 214/94/174
f 216/96/143 228/101/176 227/100/23 215/95/130
f 217/97/145 229/102/177 228/101/176 216/96/143
f 218/98/147 230/103/178 229/102/177 217/97/145
f 219/98/149 231/103/179 230/103/178 218/98/147
f 220/97/151 232/102/180 231/103/179 219/98/149
f 221/96/153 233/101/181 232/102/180 220/97/151
f 222/95/136 234/100/36 233/101/181 221/96/153
f 223/94/175 235/99/37 234/100/36 222/95/136
f 224/61/140 236/66/38 235/99/37 223/94/175
f 226/99/21 238/104/182 237/68/40 225/66/22
f 227/100/23 239/105/183 238/104/182 226/99/21
f 228/101/184 240/106/184 239/105/183 227/100/23
f 229/102/185 241/107/185 240/106/184 228/101/184
f 230/103/186 242/108/186 241/107/185 229/102/185
f 231/103/187 243/108/187 242/108/186 230/103/186
f 232/102/188 244/107/188 243/108/187 231/103/187
f 233/101/189 245/106/189 244/107/188 232/102/188
f 234/100/36 246/105/190 245/106/189 233/101/189
f 235/99/37 247/104/191 246/105/190 234/100/36
f 236/66/38 248/68/50 247/104/191 235/99/37
f 238/104/182 250/109/192 249/65/193 237/68/40
f 239/105/183 251/110/194 250/109/192 238/104/182
f 240/106/195 252/111/196 251/110/194 239/105/183
f 241/107/197 253/112/198 252/111/196 240/106/195
f 242/108/199 254/113/200 253/112/198 241/107/197
f 243/108/61 255/113/201 254/113/200 242/108/199
f 244/107/202 256/112/203 255/113/201 243/108/61
f 245/106/204 257/111/205 256/112/203 244/107/202
f 246/105/190 258/110/206 257/111/205 245/106/204
f 247/104/191 259/109/207 258/110/206 246/105/190
f 248/68/50 260/65/50 259/109/207 247/104/191
f 250/109/192 262/114/208 261/64/209 249/65/193
f 251/110/194 263/115/210 262/114/208 250/109/192
f 252/111/211 264/116/211 263/115/210 251/110/194
f 253/112/212 265/117/212 264/116/211 252/111/211
f 254/113/213 266/118/213 265/117/212 253/112/212
f 255/113/214 267/118/214 266/118/213 254/113/213
f 256/112/215 268/117/215 267/118/214 255/113/214
f 257/111/216 269/116/216 268/117/215 256/112/215
f 258/110/206 270/115/217 269/116/216 257/111/216
f 259/109/207 271/114/218 270/115/217 258/110/206
f 260/65/50 272/64/219 271/114/218 259/109/207
f 262/114/208 274/119/220 273/67/209 261/64/209
f 263/115/210 275/120/221 274/119/220 262/114/208
f 264/116/222 276/121/223 275/120/221 263/115/210
f 265/117/224 277/122/27 276/121/223 264/116/222
f 266/118/225 278/123/226 277/122/27 265/117/224
f 267/118/227 279/123/228 278/123/226 266/118/225
f 268/117/229 280/122/33 279/123/228 267/118/227
f 269/116/230 281/121/231 280/122/33 268/117/229
f 270/115/217 282/120/232 281/121/231 269/116/230
f 271/114/218 283/119/233 282/120/232 270/115/217
f 272/64/219 284/67/219 283/119/233 271/114/218
f 274/119/220 286/124/39 285/63/193 273/67/209
f 275/120/221 287/125/234 286/124/39 274/119/220
f 276/121/42 288/126/42 287/125/234 275/120/221
f 277/122/185 289/127/185 288/126/42 276/121/42
f 278/123/186 290/128/186 289/127/185 277/122/185
f 279/123/187 291/128/187 290/128/186 278/123/186
f 280/122/188 292/127/188 291/128/187 279/123/187
f 281/121/47 293/126/47 292/127/188 280/122/188
f 282/120/232 294/125/235 293/126/47 281/121/47
f 283/119/233 295/124/191 294/125/235 282/120/232
f 284/67/219 296/63/236 295/124/191 283/119/233
f 286/124/39 298/129/51 297/62/237 285/63/193
f 287/125/234 299/130/53 298/129/51 286/124/39
f 288/126/195 300/131/55 299/130/53 287/125/234
f 289/127/56 301/132/238 300/131/55 288/126/195
f 290/128/239 302/133/59 301/132/238 289/127/56
f 291/128/60 303/133/61 302/133/59 290/128/239
f 292/127/62 304/132/240 303/133/61 291/128/60
f 293/126/204 305/131/65 304/132/240 292/127/62
f 294/125/235 306/130/66 305/131/65 293/126/204
f 295/124/191 307/129/67 306/130/66 294/125/235
f 296/63/236 308/62/241 307/129/67 295/124/191
f 298/129/51 310/134/69 309/60/70 297/62/237
f 299/130/53 311/135/242 310/134/69 298/129/51
f 300/131/72 312/136/72 311/135/242 299/130/53
f 301/132/243 313/137/243 312/136/72 300/131/72
f 302/133/244 314/138/244 313/137/243 301/132/243
f 303/133/245 315/138/245 314/138/244 302/133/244
f 304/132/246 316/137/246 315/138/245 303/133/245
f 305/131/79 317/136/79 316/137/246 304/132/246
f 306/130/66 318/135/247 317/136/79 305/131/79
f 307/129/67 319/134/81 318/135/247 306/130/66
f 308/62/241 320/60/82 319/134/81 307/129/67
f 310/134/69 322/139/248 321/58/249 309/60/70
f 311/135/242 323/140/250 322/139/248 310/134/69
f 312/136/251 324/141/252 323/140/250 311/135/242
f 313/137/253 325/142/254 324/141/252 312/136/251
f 314/138/255 326/143/256 325/142/254 313/137/253
f 315/138/257 327/143/258 326/143/256 314/138/255
f 316/137/259 328/142/260 327/143/258 315/138/257
f 317/136/261 329/141/262 328/142/260 316/137/259
f 318/135/247 330/140/263 329/141/262 317/136/261
f 319/134/81 331/139/264 330/140/263 318/135/247
f 320/60/82 332/58/265 331/139/264 319/134/81
f 322/139/248 334/144/266 333/56/237 321/58/249
f 323/140/250 335/145/267 334/144/266 322/139/248
f 324/141/268 336/146/268 335/145/267 323/140/250
f 325/142/269 337/147/269 336/146/268 324/141/268
f 326/143/270 338/148/270 337/147/269 325/142/269
f 327/143/271 339/148/271 338/148/270 326/143/270
f 328/142/272 340/147/272 339/148/271 327/143/271
f 329/141/273 341/146/273 340/147/272 328/142/272
f 330/140/263 342/145/274 341/146/273 329/141/273
f 331/139/264 343/144/275 342/145/274 330/140/263
f 332/58/265 344/56/241 343/144/275 331/139/264
f 334/144/266 346/149/51 345/54/237 333/56/237
f 335/145/267 347/150/53 346/149/51 334/144/266
f 336/146/276 348/151/277 347/150/53 335/145/267
f 337/147/278 349/152/279 348/151/277 336/146/276
f 338/148/280 350/153/281 349/152/279 337/147/278
f 339/148/282 351/153/283 350/153/281 338/148/280
f 340/147/284 352/152/240 351/153/283 339/148/282
f 341/146/285 353/151/286 352/152/240 340/147/284
f 342/145/274 354/150/66 353/151/286 341/146/285
f 343/144/275 355/149/67 354/150/66 342/145/274
f 344/56/241 356/54/68 355/149/67 343/144/275
f 346/149/51 358/154/287 357/52/249 345/54/237
f 347/150/53 359/155/71 358/154/287 346/149/51
f 348/151/72 360/156/72 359/155/71 347/150/53
f 349/152/288 361/157/288 360/156/72 348/151/72
f 350/153/289 362/158/289 361/157/288 349/152/288
f 351/153/290 363/158/290 362/158/289 350/153/289
f 352/152/291 364/157/291 363/158/290 351/153/290
f 353/151/79 365/156/79 364/157/291 352/152/291
f 354/150/66 366/155/80 365/156/79 353/151/79
f 355/149/67 367/154/292 366/155/80 354/150/66
f 356/54/68 368/52/265 367/154/292 355/149/67
f 358/154/287 370/159/293 369/49/84 357/52/249
f 359/155/71 371/160/294 370/159/293 358/154/287
f 360/156/295 372/161/87 371/160/294 359/155/71
f 361/157/296 373/162/297 372/161/87 360/156/295
f 362/158/91 374/163/255 373/162/297 361/157/296
f 363/158/93 375/163/257 374/163/255 362/158/91
f 364/157/298 376/162/299 375/163/257 363/158/93
f 365/156/300 377/161/97 376/162/299 364/157/298
f 366/155/80 378/160/301 377/161/97 365/156/300
f 367/154/292 379/159/302 378/160/301 366/155/80
f 368/52/265 380/49/100 379/159/302 367/154/292
f 370/159/293 382/164/303 381/51/304 369/49/84
f 371/160/294 383/165/305 382/164/303 370/159/293
f 372/161/306 384/166/307 383/165/305 371/160/294
f 373/162/308 385/167/309 384/166/307 372/161/306
f 374/163/310 386/168/310 385/167/309 373/162/308
f 375/163/311 387/168/311 386/168/310 374/163/310
f 376/162/312 388/167/313 387/168/311 375/163/311
f 377/161/314 389/166/315 388/167/313 376/162/312
f 378/160/301 390/165/316 389/166/315 377/161/314
f 379/159/302 391/164/317 390/165/316 378/160/301
f 380/49/100 392/51/318 391/164/317 379/159/302
f 382/164/303 154/69/3 153/50/128 381/51/304
f 383/165/305 155/71/129 154/69/3 382/164/303
f 384/166/319 156/73/116 155/71/129 383/165/305
f 385/167/320 157/75/118 156/73/116 384/166/319
f 386/168/119 158/77/120 157/75/118 385/167/320
f 387/168/121 159/77/122 158/77/120 386/168/119
f 388/167/321 160/75/124 159/77/122 387/168/121
f 389/166/322 161/73/126 160/75/124 388/167/321
f 390/165/316 162/71/135 161/73/126 389/166/322
f 391/164/317 163/69/137 162/71/135 390/165/316
f 392/51/318 164/50/139 163/69/137 391/164/317
usemtl Card_Inner
f 405/169/1 407/170/1 406/171/1
f 405/169/1 408/172/1 407/170/1
f 405/169/1 409/173/1 408/172/1
f 404/174/1 411/175/1 405/169/1
f 411/175/1 410/176/1 405/169/1
f 410/176/1 409/173/1 405/169/1
f 404/174/1 403/177/1 411/175/1
f 403/177/1 412/178/1 411/175/1
f 402/179/1 412/178/1 403/177/1
f 401/180/1 412/178/1 402/179/1
f 400/181/1 412/178/1 401/180/1
f 400/181/1 416/182/1 412/178/1
f 416/182/1 413/183/1 412/178/1
f 416/182/1 414/184/1 413/183/1
f 416/182/1 415/185/1 414/184/1
f 400/181/1 417/186/1 416/182/1
f 400/181/1 418/187/1 417/186/1
f 400/181/1 419/188/1 418/187/1
f 400/181/1 420/189/1 419/188/1
f 400/181/1 399/190/1 420/189/1
f 399/190/1 393/191/1 420/189/1
f 398/192/1 393/191/1 399/190/1
f 397/193/1 393/191/1 398/192/1
f 396/194/1 393/191/1 397/193/1
f 396/194/1 394/195/1 393/191/1
f 395/196/1 394/195/1 396/194/1
f 433/169/2 434/171/2 435/170/2
f 433/169/2 435/170/2 436/172/2
f 433/169/2 436/172/2 437/173/2
f 432/174/2 433/169/2 439/175/2
f 439/175/2 433/169/2 438/176/2
f 438/176/2 433/169/2 437/173/2
f 432/174/2 439/175/2 431/177/2
f 431/177/2 439/175/2 440/178/2
f 430/179/2 431/177/2 440/178/2
f 429/180/2 430/179/2 440/178/2
f 428/181/2 429/180/2 440/178/2
f 428/181/2 440/178/2 444/182/2
f 444/182/2 440/178/2 441/183/2
f 444/182/2 441/183/2 442/184/2
f 444/182/2 442/184/2 443/185/2
f 428/181/2 444/182/2 445/186/2
f 428/181/2 445/186/2 446/187/2
f 428/181/2 446/187/2 447/188/2
f 428/181/2 447/188/2 448/189/2
f 428/181/2 448/189/2 427/190/2
f 427/190/2 448/189/2 421/191/2
f 426/192/2 427/190/2 421/191/2
f 425/193/2 426/192/2 421/191/2
f 424/194/2 425/193/2 421/191/2
f 424/194/2 421/191/2 422/195/2
f 423/196/2 424/194/2 422/195/2
f 450/197/323 462/198/324 461/195/325 449/191/326
f 451/199/327 463/200/328 462/198/324 450/197/323
f 452/201/329 464/202/330 463/200/328 451/199/327
f 453/203/331 465/204/332 464/202/330 452/201/329
f 454/205/333 466/206/334 465/204/332 453/203/331
f 455/205/335 467/206/336 466/206/334 454/205/333
f 456/203/337 468/204/338 467/206/336 455/205/335
f 457/201/339 469/202/340 468/204/338 456/203/337
f 458/199/341 470/200/342 469/202/340 457/201/339
f 459/197/343 471/198/344 470/200/342 458/199/341
f 460/191/345 472/195/346 471/198/344 459/197/343
f 462/198/324 474/207/347 473/196/348 461/195/325
f 463/200/349 475/208/350 474/207/347 462/198/324
f 464/202/351 476/209/352 475/208/350 463/200/349
f 465/204/353 477/210/354 476/209/352 464/202/351
f 466/206/355 478/211/356 477/210/354 465/204/353
f 467/206/357 479/211/358 478/211/356 466/206/355
f 468/204/359 480/210/360 479/211/358 467/206/357
f 469/202/361 481/209/362 480/210/360 468/204/359
f 470/200/363 482/208/364 481/209/362 469/202/361
f 471/198/344 483/207/365 482/208/364 470/200/363
f 472/195/346 484/196/366 483/207/365 471/198/344
f 474/207/347 486/212/367 485/194/368 473/196/348
f 475/208/350 487/213/369 486/212/367 474/207/347
f 476/209/370 488/214/371 487/213/369 475/208/350
f 477/210/372 489/215/373 488/214/371 476/209/370
f 478/211/374 490/216/374 489/215/373 477/210/372
f 479/211/375 491/216/375 490/216/374 478/211/374
f 480/210/376 492/215/377 491/216/375 479/211/375
f 481/209/378 493/214/379 492/215/377 480/210/376
f 482/208/364 494/213/380 493/214/379 481/209/378
f 483/207/365 495/212/381 494/213/380 482/208/364
f 484/196/366 496/194/382 495/212/381 483/207/365
f 486/212/367 498/217/383 497/193/384 485/194/368
f 487/213/369 499/218/385 498/217/383 486/212/367
f 488/214/386 500/219/387 499/218/385 487/213/369
f 489/215/388 501/220/389 500/219/387 488/214/386
f 490/216/244 502/221/390 501/220/389 489/215/388
f 491/216/245 503/221/391 502/221/390 490/216/244
f 492/215/392 504/220/393 503/221/391 491/216/245
f 493/214/394 505/219/395 504/220/393 492/215/392
f 494/213/380 506/218/396 505/219/395 493/214/394
f 495/212/381 507/217/397 506/218/396 494/213/380
f 496/194/382 508/193/398 507/217/397 495/212/381
f 498/217/383 510/222/399 509/192/384 497/193/384
f 499/218/385 511/223/400 510/222/399 498/217/383
f 500/219/387 512/224/401 511/223/400 499/218/385
f 501/220/402 513/225/403 512/224/401 500/219/387
f 502/221/404 514/226/405 513/225/403 501/220/402
f 503/221/406 515/226/407 514/226/405 502/221/404
f 504/220/408 516/225/409 515/226/407 503/221/406
f 505/219/395 517/224/410 516/225/409 504/220/408
f 506/218/396 518/223/411 517/224/410 505/219/395
f 507/217/397 519/222/412 518/223/411 506/218/396
f 508/193/398 520/192/398 519/222/412 507/217/397
f 510/222/399 522/227/413 521/190/414 509/192/384
f 511/223/400 523/228/415 522/227/413 510/222/399
f 512/224/401 524/229/416 523/228/415 511/223/400
f 513/225/417 525/230/418 524/229/416 512/224/401
f 514/226/419 526/231/419 525/230/418 513/225/417
f 515/226/420 527/231/420 526/231/419 514/226/419
f 516/225/421 528/230/422 527/231/420 515/226/420
f 517/224/410 529/229/423 528/230/422 516/225/421
f 518/223/411 530/228/424 529/229/423 517/224/410
f 519/222/412 531/227/425 530/228/424 518/223/411
f 520/192/398 532/190/426 531/227/425 519/222/412
f 522/227/413 534/232/427 533/181/414 521/190/414
f 523/228/415 535/233/428 534/232/427 522/227/413
f 524/229/416 536/234/429 535/233/428 523/228/415
f 525/230/430 537/235/431 536/234/429 524/229/416
f 526/231/432 538/236/433 537/235/431 525/230/430
f 527/231/434 539/236/435 538/236/433 526/231/432
f 528/230/436 540/235/437 539/236/435 527/231/434
f 529/229/423 541/234/438 540/235/437 528/230/436
f 530/228/424 542/233/439 541/234/438 529/229/423
f 531/227/425 543/232/440 542/233/439 530/228/424
f 532/190/426 544/181/426 543/232/440 531/227/425
f 534/232/427 546/237/441 545/180/442 533/181/414
f 535/233/428 547/238/443 546/237/441 534/232/427
f 536/234/429 548/239/444 547/238/443 535/233/428
f 537/235/445 549/240/446 548/239/444 536/234/429
f 538/236/447 550/241/448 549/240/446 537/235/445
f 539/236/449 551/241/450 550/241/448 538/236/447
f 540/235/451 552/240/452 551/241/450 539/236/449
f 541/234/438 553/239/453 552/240/452 540/235/451
f 542/233/439 554/238/454 553/239/453 541/234/438
f 543/232/440 555/237/455 554/238/454 542/233/439
f 544/181/426 556/180/456 555/237/455 543/232/440
f 546/237/441 558/242/457 557/179/442 545/180/442
f 547/238/443 559/243/458 558/242/457 546/237/441
f 548/239/444 560/244/459 559/243/458 547/238/443
f 549/240/460 561/245/461 560/244/459 548/239/444
f 550/241/462 562/246/463 561/245/461 549/240/460
f 551/241/464 563/246/465 562/246/463 550/241/462
f 552/240/466 564/245/467 563/246/465 551/241/464
f 553/239/453 565/244/468 564/245/467 552/240/466
f 554/238/454 566/243/469 565/244/468 553/239/453
f 555/237/455 567/242/470 566/243/469 554/238/454
f 556/180/456 568/179/456 567/242/470 555/237/455
f 558/242/457 570/247/471 569/177/472 557/179/442
f 559/243/458 571/248/473 570/247/471 558/242/457
f 560/244/459 572/249/474 571/248/473 559/243/458
f 561/245/475 573/250/476 572/249/474 560/244/459
f 562/246/477 574/251/478 573/250/476 561/245/475
f 563/246/479 575/251/480 574/251/478 562/246/477
f 564/245/481 576/250/482 575/251/480 563/246/479
f 565/244/468 577/249/483 576/250/482 564/245/481
f 566/243/469 578/248/484 577/249/483 565/244/468
f 567/242/470 579/247/485 578/248/484 566/243/469
f 568/179/456 580/177/486 579/247/485 567/242/470
f 570/247/471 582/252/487 581/174/472 569/177/472
f 571/248/473 583/253/488 582/252/487 570/247/471
f 572/249/474 584/254/489 583/253/488 571/248/473
f 573/250/490 585/255/491 584/254/489 572/249/474
f 574/251/492 586/256/493 585/255/491 573/250/490
f 575/251/494 587/256/495 586/256/493 574/251/492
f 576/250/496 588/255/497 587/256/495 575/251/494
f 577/249/483 589/254/498 588/255/497 576/250/496
f 578/248/484 590/253/499 589/254/498 577/249/483
f 579/247/485 591/252/500 590/253/499 578/248/484
f 580/177/486 592/174/486 591/252/500 579/247/485
f 582/252/487 594/257/69 593/169/249 581/174/472
f 583/253/488 595/258/501 594/257/69 582/252/487
f 584/254/489 596/259/72 595/258/501 583/253/488
f 585/255/502 597/260/74 596/259/72 584/254/489
f 586/256/390 598/261/75 597/260/74 585/255/502
f 587/256/391 599/261/76 598/261/75 586/256/390
f 588/255/503 600/260/78 599/261/76 587/256/391
f 589/254/498 601/259/79 600/260/78 588/255/503
f 590/253/499 602/258/504 601/259/79 589/254/498
f 591/252/500 603/257/81 602/258/504 590/253/499
f 592/174/486 604/169/265 603/257/81 591/252/500
f 594/257/69 606/262/505 605/171/84 593/169/249
f 595/258/501 607/263/506 606/262/505 594/257/69
f 596/259/251 608/264/87 607/263/506 595/258/501
f 597/260/88 609/265/297 608/264/87 596/259/251
f 598/261/90 610/266/91 609/265/297 597/260/88
f 599/261/92 611/266/257 610/266/91 598/261/90
f 600/260/94 612/265/299 611/266/257 599/261/92
f 601/259/261 613/264/97 612/265/299 600/260/94
f 602/258/504 614/263/507 613/264/97 601/259/261
f 603/257/81 615/262/508 614/263/507 602/258/504
f 604/169/265 616/171/100 615/262/508 603/257/81
f 606/262/505 618/267/509 617/170/510 605/171/84
f 607/263/506 619/268/511 618/267/509 606/262/505
f 608/264/512 620/269/513 619/268/511 607/263/506
f 609/265/514 621/270/515 620/269/513 608/264/512
f 610/266/516 622/271/517 621/270/515 609/265/514
f 611/266/518 623/271/519 622/271/517 610/266/516
f 612/265/520 624/270/521 623/271/519 611/266/518
f 613/264/522 625/269/523 624/270/521 612/265/520
f 614/263/507 626/268/524 625/269/523 613/264/522
f 615/262/508 627/267/525 626/268/524 614/263/507
f 616/171/100 628/170/526 627/267/525 615/262/508
f 618/267/509 630/272/527 629/172/528 617/170/510
f 619/268/529 631/273/530 630/272/527 618/267/509
f 620/269/531 632/274/532 631/273/530 619/268/529
f 621/270/533 633/275/534 632/274/532 620/269/531
f 622/271/535 634/276/536 633/275/534 621/270/533
f 623/271/537 635/276/538 634/276/536 622/271/535
f 624/270/539 636/275/540 635/276/538 623/271/537
f 625/269/541 637/274/542 636/275/540 624/270/539
f 626/268/543 638/273/544 637/274/542 625/269/541
f 627/267/525 639/272/545 638/273/544 626/268/543
f 628/170/526 640/172/546 639/272/545 627/267/525
f 630/272/527 642/277/547 641/173/548 629/172/528
f 631/273/549 643/278/550 642/277/547 630/272/527
f 632/274/551 644/279/552 643/278/550 631/273/549
f 633/275/553 645/280/554 644/279/552 632/274/551
f 634/276/555 646/281/556 645/280/554 633/275/553
f 635/276/557 647/281/558 646/281/556 634/276/555
f 636/275/559 648/280/560 647/281/558 635/276/557
f 637/274/561 649/279/562 648/280/560 636/275/559
f 638/273/563 650/278/564 649/279/562 637/274/561
f 639/272/545 651/277/565 650/278/564 638/273/563
f 640/172/546 652/173/566 651/277/565 639/272/545
f 642/277/547 654/282/208 653/176/209 641/173/548
f 643/278/567 655/283/568 654/282/208 642/277/547
f 644/279/569 656/284/211 655/283/568 643/278/567
f 645/280/570 657/285/571 656/284/211 644/279/569
f 646/281/572 658/286/573 657/285/571 645/280/570
f 647/281/574 659/286/575 658/286/573 646/281/572
f 648/280/576 660/285/577 659/286/575 647/281/574
f 649/279/578 661/284/216 660/285/577 648/280/576
f 650/278/579 662/283/580 661/284/216 649/279/578
f 651/277/565 663/282/218 662/283/580 650/278/579
f 652/173/566 664/176/219 663/282/218 651/277/565
f 654/282/208 666/287/581 665/175/127 653/176/209
f 655/283/568 667/288/142 666/287/581 654/282/208
f 656/284/582 668/289/583 667/288/142 655/283/568
f 657/285/584 669/290/585 668/289/583 656/284/582
f 658/286/148 670/291/225 669/290/585 657/285/584
f 659/286/150 671/291/227 670/291/225 658/286/148
f 660/285/586 672/290/587 671/291/227 659/286/150
f 661/284/588 673/289/589 672/290/587 660/285/586
f 662/283/580 674/288/155 673/289/589 661/284/588
f 663/282/218 675/287/590 674/288/155 662/283/580
f 664/176/219 676/175/140 675/287/590 663/282/218
f 666/287/581 678/292/157 677/178/591 665/175/127
f 667/288/142 679/293/158 678/292/157 666/287/581
f 668/289/592 680/294/592 679/293/158 667/288/142
f 669/290/593 681/295/594 680/294/592 668/289/592
f 670/291/161 682/296/161 681/295/594 669/290/593
f 671/291/162 683/296/162 682/296/161 670/291/161
f 672/290/595 684/295/596 683/296/162 671/291/162
f 673/289/597 685/294/597 684/295/596 672/290/595
f 674/288/155 686/293/165 685/294/597 673/289/597
f 675/287/590 687/292/166 686/293/165 674/288/155
f 676/175/140 688/178/167 687/292/166 675/287/590
f 678/292/157 690/297/598 689/183/599 677/178/591
f 679/293/158 691/298/600 690/297/598 678/292/157
f 680/294/601 692/299/602 691/298/600 679/293/158
f 681/295/603 693/300/604 692/299/602 680/294/601
f 682/296/170 694/301/605 693/300/604 681/295/603
f 683/296/171 695/301/606 694/301/605 682/296/170
f 684/295/607 696/300/608 695/301/606 683/296/171
f 685/294/609 697/299/610 696/300/608 684/295/607
f 686/293/165 698/298/611 697/299/610 685/294/609
f 687/292/166 699/297/612 698/298/611 686/293/165
f 688/178/167 700/183/613 699/297/612 687/292/166
f 690/297/598 702/302/614 701/184/615 689/183/599
f 691/298/600 703/303/616 702/302/614 690/297/598
f 692/299/617 704/304/618 703/303/616 691/298/600
f 693/300/619 705/305/620 704/304/618 692/299/617
f 694/301/621 706/306/622 705/305/620 693/300/619
f 695/301/623 707/306/624 706/306/622 694/301/621
f 696/300/625 708/305/626 707/306/624 695/301/623
f 697/299/627 709/304/628 708/305/626 696/300/625
f 698/298/611 710/303/629 709/304/628 697/299/627
f 699/297/612 711/302/630 710/303/629 698/298/611
f 700/183/613 712/184/631 711/302/630 699/297/612
f 702/302/614 714/307/632 713/185/633 701/184/615
f 703/303/634 715/308/635 714/307/632 702/302/614
f 704/304/636 716/309/637 715/308/635 703/303/634
f 705/305/638 717/310/639 716/309/637 704/304/636
f 706/306/640 718/311/641 717/310/639 705/305/638
f 707/306/642 719/311/643 718/311/641 706/306/640
f 708/305/644 720/310/645 719/311/643 707/306/642
f 709/304/646 721/309/647 720/310/645 708/305/644
f 710/303/648 722/308/649 721/309/647 709/304/646
f 711/302/630 723/307/650 722/308/649 710/303/648
f 712/184/631 724/185/651 723/307/650 711/302/630
f 714/307/632 726/312/652 725/182/633 713/185/633
f 715/308/635 727/313/653 726/312/652 714/307/632
f 716/309/654 728/314/655 727/313/653 715/308/635
f 717/310/656 729/315/657 728/314/655 716/309/654
f 718/311/658 730/316/659 729/315/657 717/310/656
f 719/311/660 731/316/661 730/316/659 718/311/658
f 720/310/662 732/315/663 731/316/661 719/311/660
f 721/309/664 733/314/665 732/315/663 720/310/662
f 722/308/649 734/313/666 733/314/665 721/309/664
f 723/307/650 735/312/667 734/313/666 722/308/649
f 724/185/651 736/182/651 735/312/667 723/307/650
f 726/312/652 738/317/668 737/186/669 725/182/633
f 727/313/653 739/318/670 738/317/668 726/312/652
f 728/314/671 740/319/672 739/318/670 727/313/653
f 729/315/673 741/320/674 740/319/672 728/314/671
f 730/316/675 742/321/675 741/320/674 729/315/673
f 731/316/676 743/321/676 742/321/675 730/316/675
f 732/315/677 744/320/678 743/321/676 731/316/676
f 733/314/679 745/319/680 744/320/678 732/315/677
f 734/313/666 746/318/681 745/319/680 733/314/679
f 735/312/667 747/317/682 746/318/681 734/313/666
f 736/182/651 748/186/683 747/317/682 735/312/667
f 738/317/668 750/322/684 749/187/669 737/186/669
f 739/318/670 751/323/685 750/322/684 738/317/668
f 740/319/686 752/324/687 751/323/685 739/318/670
f 741/320/688 753/325/689 752/324/687 740/319/686
f 742/321/690 754/326/691 753/325/689 741/320/688
f 743/321/692 755/326/693 754/326/691 742/321/690
f 744/320/694 756/325/695 755/326/693 743/321/692
f 745/319/696 757/324/697 756/325/695 744/320/694
f 746/318/681 758/323/698 757/324/697 745/319/696
f 747/317/682 759/322/699 758/323/698 746/318/681
f 748/186/683 760/187/683 759/322/699 747/317/682
f 750/322/684 762/327/4 761/188/127 749/187/669
f 751/323/685 763/328/130 762/327/4 750/322/684
f 752/324/700 764/329/9 763/328/130 751/323/685
f 753/325/701 765/330/131 764/329/9 752/324/700
f 754/326/702 766/331/132 765/330/131 753/325/701
f 755/326/703 767/331/133 766/331/132 754/326/702
f 756/325/704 768/330/134 767/331/133 755/326/703
f 757/324/705 769/329/14 768/330/134 756/325/704
f 758/323/698 770/328/136 769/329/14 757/324/705
f 759/322/699 771/327/18 770/328/136 758/323/698
f 760/187/683 772/188/140 771/327/18 759/322/699
f 762/327/4 774/332/581 773/189/127 761/188/127
f 763/328/130 775/333/142 774/332/581 762/327/4
f 764/329/706 776/334/144 775/333/142 763/328/130
f 765/330/26 777/335/146 776/334/144 764/329/706
f 766/331/707 778/336/225 777/335/146 765/330/26
f 767/331/708 779/336/227 778/336/225 766/331/707
f 768/330/32 780/335/152 779/336/227 767/331/708
f 769/329/709 781/334/154 780/335/152 768/330/32
f 770/328/136 782/333/155 781/334/154 769/329/709
f 771/327/18 783/332/590 782/333/155 770/328/136
f 772/188/140 784/189/140 783/332/590 771/327/18
f 774/332/581 450/197/323 449/191/326 773/189/127
f 775/333/142 451/199/327 450/197/323 774/332/581
f 776/334/592 452/201/329 451/199/327 775/333/142
f 777/335/594 453/203/710 452/201/329 776/334/592
f 778/336/161 454/205/711 453/203/710 777/335/594
f 779/336/162 455/205/712 454/205/711 778/336/161
f 780/335/596 456/203/713 455/205/712 779/336/162
f 781/334/597 457/201/339 456/203/713 780/335/596
f 782/333/155 458/199/341 457/201/339 781/334/597
f 783/332/590 459/197/343 458/199/341 782/333/155
f 784/189/140 460/191/345 459/197/343 783/332/590
f 4073/1731/1 4075/1732/1 4074/1733/1
f 4073/1731/1 4076/1734/1 4075/1732/1
f 4072/1735/1 4076/1734/1 4073/1731/1
f 4072/1735/1 4071/1736/1 4076/1734/1
f 4071/1736/1 4070/1737/1 4076/1734/1
f 4070/1737/1 4077/1738/1 4076/1734/1
f 4069/1739/1 4078/1740/1 4070/1737/1
f 4078/1740/1 4077/1738/1 4070/1737/1
f 4069/1739/1 4079/1741/1 4078/1740/1
f 4069/1739/1 4080/1742/1 4079/1741/1
f 4069/1739/1 4081/1743/1 4080/1742/1
f 4068/1744/1 4065/1745/1 4069/1739/1
f 4065/1745/1 4081/1743/1 4069/1739/1
f 4066/1746/1 4068/1744/1 4067/1747/1
f 4066/1746/1 4065/1745/1 4068/1744/1
f 4064/1748/1 4081/1743/1 4065/1745/1
f 4063/1749/1 4081/1743/1 4064/1748/1
f 4062/1750/1 4081/1743/1 4063/1749/1
f 4061/1751/1 4081/1743/1 4062/1750/1
f 4088/1752/1 4082/1753/1 4061/1751/1
f 4082/1753/1 4081/1743/1 4061/1751/1
f 4088/1752/1 4083/1754/1 4082/1753/1
f 4088/1752/1 4084/1755/1 4083/1754/1
f 4088/1752/1 4085/1756/1 4084/1755/1
f 4087/1757/1 4085/1756/1 4088/1752/1
f 4087/1757/1 4086/1758/1 4085/1756/1
f 4101/1731/2 4102/1733/2 4103/1732/2
f 4101/1731/2 4103/1732/2 4104/1734/2
f 4100/1735/2 4101/1731/2 4104/1734/2
f 4100/1735/2 4104/1734/2 4099/1736/2
f 4099/1736/2 4104/1734/2 4098/1737/2
f 4098/1737/2 4104/1734/2 4105/1738/2
f 4097/1739/2 4098/1737/2 4106/1740/2
f 4106/1740/2 4098/1737/2 4105/1738/2
f 4097/1739/2 4106/1740/2 4107/1741/2
f 4097/1739/2 4107/1741/2 4108/1742/2
f 4097/1739/2 4108/1742/2 4109/1743/2
f 4096/1744/2 4097/1739/2 4093/1745/2
f 4093/1745/2 4097/1739/2 4109/1743/2
f 4094/1746/2 4095/1747/2 4096/1744/2
f 4094/1746/2 4096/1744/2 4093/1745/2
f 4092/1748/2 4093/1745/2 4109/1743/2
f 4091/1749/2 4092/1748/2 4109/1743/2
f 4090/1750/2 4091/1749/2 4109/1743/2
f 4089/1751/2 4090/1750/2 4109/1743/2
f 4116/1752/2 4089/1751/2 4110/1753/2
f 4110/1753/2 4089/1751/2 4109/1743/2
f 4116/1752/2 4110/1753/2 4111/1754/2
f 4116/1752/2 4111/1754/2 4112/1755/2
f 4116/1752/2 4112/1755/2 4113/1756/2
f 4115/1757/2 4116/1752/2 4113/1756/2
f 4115/1757/2 4113/1756/2 4114/1758/2
f 4118/1759/266 4130/1760/51 4129/1750/52 4117/1751/52
f 4119/1761/1336 4131/1762/53 4130/1760/51 4118/1759/266
f 4120/1763/1423 4132/1764/55 4131/1762/53 4119/1761/1336
f 4121/1765/1424 4133/1766/57 4132/1764/55 4120/1763/1423
f 4122/1767/1426 4134/1768/59 4133/1766/57 4121/1765/1424
f 4123/1767/1427 4135/1768/61 4134/1768/59 4122/1767/1426
f 4124/1765/284 4136/1766/63 4135/1768/61 4123/1767/1427
f 4125/1763/1428 4137/1764/65 4136/1766/63 4124/1765/284
f 4126/1761/1339 4138/1762/66 4137/1764/65 4125/1763/1428
f 4127/1759/275 4139/1760/67 4138/1762/66 4126/1761/1339
f 4128/1751/68 4140/1750/68 4139/1760/67 4127/1759/275
f 4130/1760/51 4142/1769/3207 4141/1749/3208 4129/1750/52
f 4131/1762/53 4143/1770/3209 4142/1769/3207 4130/1760/51
f 4132/1764/72 4144/1771/3210 4143/1770/3209 4131/1762/53
f 4133/1766/243 4145/1772/3211 4144/1771/3210 4132/1764/72
f 4134/1768/244 4146/1773/3212 4145/1772/3211 4133/1766/243
f 4135/1768/245 4147/1773/3213 4146/1773/3212 4134/1768/244
f 4136/1766/246 4148/1772/3214 4147/1773/3213 4135/1768/245
f 4137/1764/79 4149/1771/3215 4148/1772/3214 4136/1766/246
f 4138/1762/66 4150/1770/3216 4149/1771/3215 4137/1764/79
f 4139/1760/67 4151/1769/3217 4150/1770/3216 4138/1762/66
f 4140/1750/68 4152/1749/3218 4151/1769/3217 4139/1760/67
f 4142/1769/3207 4154/1774/3219 4153/1748/3208 4141/1749/3208
f 4143/1770/3209 4155/1775/3220 4154/1774/3219 4142/1769/3207
f 4144/1771/3221 4156/1776/3222 4155/1775/3220 4143/1770/3209
f 4145/1772/3223 4157/1777/3224 4156/1776/3222 4144/1771/3221
f 4146/1773/3225 4158/1778/3226 4157/1777/3224 4145/1772/3223
f 4147/1773/3227 4159/1778/3228 4158/1778/3226 4146/1773/3225
f 4148/1772/3229 4160/1777/3230 4159/1778/3228 4147/1773/3227
f 4149/1771/3231 4161/1776/3232 4160/1777/3230 4148/1772/3229
f 4150/1770/3216 4162/1775/3233 4161/1776/3232 4149/1771/3231
f 4151/1769/3217 4163/1774/3234 4162/1775/3233 4150/1770/3216
f 4152/1749/3218 4164/1748/3218 4163/1774/3234 4151/1769/3217
f 4154/1774/3219 4166/1779/3235 4165/1745/3236 4153/1748/3208
f 4155/1775/3220 4167/1780/3237 4166/1779/3235 4154/1774/3219
f 4156/1776/3238 4168/1781/3239 4167/1780/3237 4155/1775/3220
f 4157/1777/3240 4169/1782/3241 4168/1781/3239 4156/1776/3238
f 4158/1778/3242 4170/1783/3242 4169/1782/3241 4157/1777/3240
f 4159/1778/3243 4171/1783/3243 4170/1783/3242 4158/1778/3242
f 4160/1777/3244 4172/1782/3245 4171/1783/3243 4159/1778/3243
f 4161/1776/3246 4173/1781/3247 4172/1782/3245 4160/1777/3244
f 4162/1775/3233 4174/1780/3248 4173/1781/3247 4161/1776/3246
f 4163/1774/3234 4175/1779/3249 4174/1780/3248 4162/1775/3233
f 4164/1748/3218 4176/1745/3250 4175/1779/3249 4163/1774/3234
f 4166/1779/3235 4178/1784/3251 4177/1746/3252 4165/1745/3236
f 4167/1780/3237 4179/1785/3253 4178/1784/3251 4166/1779/3235
f 4168/1781/3254 4180/1786/3255 4179/1785/3253 4167/1780/3237
f 4169/1782/3256 4181/1787/3257 4180/1786/3255 4168/1781/3254
f 4170/1783/3258 4182/1788/3259 4181/1787/3257 4169/1782/3256
f 4171/1783/3260 4183/1788/3261 4182/1788/3259 4170/1783/3258
f 4172/1782/3262 4184/1787/3263 4183/1788/3261 4171/1783/3260
f 4173/1781/3264 4185/1786/3265 4184/1787/3263 4172/1782/3262
f 4174/1780/3248 4186/1785/3266 4185/1786/3265 4173/1781/3264
f 4175/1779/3249 4187/1784/3267 4186/1785/3266 4174/1780/3248
f 4176/1745/3250 4188/1746/3268 4187/1784/3267 4175/1779/3249
f 4178/1784/3251 4190/1789/2015 4189/1747/941 4177/1746/3252
f 4179/1785/3253 4191/1790/2016 4190/1789/2015 4178/1784/3251
f 4180/1786/3269 4192/1791/2130 4191/1790/2016 4179/1785/3253
f 4181/1787/3270 4193/1792/2800 4192/1791/2130 4180/1786/3269
f 4182/1788/3212 4194/1793/2802 4193/1792/2800 4181/1787/3270
f 4183/1788/3213 4195/1793/2803 4194/1793/2802 4182/1788/3212
f 4184/1787/3271 4196/1792/2804 4195/1793/2803 4183/1788/3213
f 4185/1786/3272 4197/1791/2133 4196/1792/2804 4184/1787/3271
f 4186/1785/3266 4198/1790/2023 4197/1791/2133 4185/1786/3272
f 4187/1784/3267 4199/1789/2024 4198/1790/2023 4186/1785/3266
f 4188/1746/3268 4200/1747/960 4199/1789/2024 4187/1784/3267
f 4190/1789/2015 4202/1794/1243 4201/1744/1162 4189/1747/941
f 4191/1790/616 4203/1795/1244 4202/1794/1243 4190/1789/2015
f 4192/1791/618 4204/1796/617 4203/1795/1244 4191/1790/616
f 4193/1792/620 4205/1797/619 4204/1796/617 4192/1791/618
f 4194/1793/622 4206/1798/621 4205/1797/619 4193/1792/620
f 4195/1793/624 4207/1798/623 4206/1798/621 4194/1793/622
f 4196/1792/626 4208/1797/625 4207/1798/623 4195/1793/624
f 4197/1791/628 4209/1796/627 4208/1797/625 4196/1792/626
f 4198/1790/629 4210/1795/1249 4209/1796/627 4197/1791/628
f 4199/1789/2024 4211/1794/1251 4210/1795/1249 4198/1790/629
f 4200/1747/960 4212/1744/1177 4211/1794/1251 4199/1789/2024
f 4202/1794/1243 4214/1799/1324 4213/1739/70 4201/1744/1162
f 4203/1795/1244 4215/1800/1325 4214/1799/1324 4202/1794/1243
f 4204/1796/1253 4216/1801/252 4215/1800/1325 4203/1795/1244
f 4205/1797/3273 4217/1802/3274 4216/1801/252 4204/1796/1253
f 4206/1798/256 4218/1803/3275 4217/1802/3274 4205/1797/3273
f 4207/1798/258 4219/1803/3276 4218/1803/3275 4206/1798/256
f 4208/1797/3277 4220/1802/3278 4219/1803/3276 4207/1798/258
f 4209/1796/1254 4221/1801/262 4220/1802/3278 4208/1797/3277
f 4210/1795/1249 4222/1800/1334 4221/1801/262 4209/1796/1254
f 4211/1794/1251 4223/1799/1335 4222/1800/1334 4210/1795/1249
f 4212/1744/1177 4224/1739/82 4223/1799/1335 4211/1794/1251
f 4214/1799/1324 4226/1804/266 4225/1737/52 4213/1739/70
f 4215/1800/1325 4227/1805/1336 4226/1804/266 4214/1799/1324
f 4216/1801/268 4228/1806/268 4227/1805/1336 4215/1800/1325
f 4217/1802/269 4229/1807/269 4228/1806/268 4216/1801/268
f 4218/1803/1420 4230/1808/1420 4229/1807/269 4217/1802/269
f 4219/1803/1421 4231/1808/1421 4230/1808/1420 4218/1803/1420
f 4220/1802/272 4232/1807/272 4231/1808/1421 4219/1803/1421
f 4221/1801/273 4233/1806/273 4232/1807/272 4220/1802/272
f 4222/1800/1334 4234/1805/1339 4233/1806/273 4221/1801/273
f 4223/1799/1335 4235/1804/275 4234/1805/1339 4222/1800/1334
f 4224/1739/82 4236/1737/68 4235/1804/275 4223/1799/1335
f 4226/1804/266 4238/1809/192 4237/1736/193 4225/1737/52
f 4227/1805/1336 4239/1810/1299 4238/1809/192 4226/1804/266
f 4228/1806/3279 4240/1811/3280 4239/1810/1299 4227/1805/1336
f 4229/1807/278 4241/1812/1300 4240/1811/3280 4228/1806/3279
f 4230/1808/1301 4242/1813/200 4241/1812/1300 4229/1807/278
f 4231/1808/1302 4243/1813/201 4242/1813/200 4230/1808/1301
f 4232/1807/3281 4244/1812/1303 4243/1813/201 4231/1808/1302
f 4233/1806/3282 4245/1811/3283 4244/1812/1303 4232/1807/3281
f 4234/1805/1339 4246/1810/1304 4245/1811/3283 4233/1806/3282
f 4235/1804/275 4247/1809/207 4246/1810/1304 4234/1805/1339
f 4236/1737/68 4248/1736/236 4247/1809/207 4235/1804/275
f 4238/1809/192 4250/1814/3284 4249/1735/3285 4237/1736/193
f 4239/1810/1299 4251/1815/3286 4250/1814/3284 4238/1809/192
f 4240/1811/1307 4252/1816/569 4251/1815/3286 4239/1810/1299
f 4241/1812/3287 4253/1817/3288 4252/1816/569 4240/1811/1307
f 4242/1813/3289 4254/1818/3290 4253/1817/3288 4241/1812/3287
f 4243/1813/3291 4255/1818/3292 4254/1818/3290 4242/1813/3289
f 4244/1812/3293 4256/1817/3294 4255/1818/3292 4243/1813/3291
f 4245/1811/1310 4257/1816/578 4256/1817/3294 4244/1812/3293
f 4246/1810/1304 4258/1815/3295 4257/1816/578 4245/1811/1310
f 4247/1809/207 4259/1814/3296 4258/1815/3295 4246/1810/1304
f 4248/1736/236 4260/1735/3297 4259/1814/3296 4247/1809/207
f 4250/1814/3284 4262/1819/3298 4261/1731/3299 4249/1735/3285
f 4251/1815/3300 4263/1820/3301 4262/1819/3298 4250/1814/3284
f 4252/1816/3302 4264/1821/3303 4263/1820/3301 4251/1815/3300
f 4253/1817/3304 4265/1822/3305 4264/1821/3303 4252/1816/3302
f 4254/1818/3306 4266/1823/3307 4265/1822/3305 4253/1817/3304
f 4255/1818/3308 4267/1823/3309 4266/1823/3307 4254/1818/3306
f 4256/1817/3310 4268/1822/3311 4267/1823/3309 4255/1818/3308
f 4257/1816/3312 4269/1821/3313 4268/1822/3311 4256/1817/3310
f 4258/1815/3314 4270/1820/3315 4269/1821/3313 4257/1816/3312
f 4259/1814/3296 4271/1819/3316 4270/1820/3315 4258/1815/3314
f 4260/1735/3297 4272/1731/3317 4271/1819/3316 4259/1814/3296
f 4262/1819/3298 4274/1824/3129 4273/1733/3318 4261/1731/3299
f 4263/1820/3319 4275/1825/2984 4274/1824/3129 4262/1819/3298
f 4264/1821/3320 4276/1826/3321 4275/1825/2984 4263/1820/3319
f 4265/1822/3322 4277/1827/3323 4276/1826/3321 4264/1821/3320
f 4266/1823/3324 4278/1828/2987 4277/1827/3323 4265/1822/3322
f 4267/1823/3325 4279/1828/3326 4278/1828/2987 4266/1823/3324
f 4268/1822/3327 4280/1827/3328 4279/1828/3326 4267/1823/3325
f 4269/1821/3329 4281/1826/3330 4280/1827/3328 4268/1822/3327
f 4270/1820/3331 4282/1825/2991 4281/1826/3330 4269/1821/3329
f 4271/1819/3316 4283/1824/3139 4282/1825/2991 4270/1820/3331
f 4272/1731/3317 4284/1733/3332 4283/1824/3139 4271/1819/3316
f 4274/1824/3129 4286/1829/101 4285/1732/102 4273/1733/3318
f 4275/1825/3333 4287/1830/3334 4286/1829/101 4274/1824/3129
f 4276/1826/3335 4288/1831/3336 4287/1830/3334 4275/1825/3333
f 4277/1827/515 4289/1832/514 4288/1831/3336 4276/1826/3335
f 4278/1828/517 4290/1833/516 4289/1832/514 4277/1827/515
f 4279/1828/519 4291/1833/518 4290/1833/516 4278/1828/517
f 4280/1827/521 4292/1832/520 4291/1833/518 4279/1828/519
f 4281/1826/3337 4293/1831/3338 4292/1832/520 4280/1827/521
f 4282/1825/3339 4294/1830/3340 4293/1831/3338 4281/1826/3337
f 4283/1824/3139 4295/1829/113 4294/1830/3340 4282/1825/3339
f 4284/1733/3332 4296/1732/114 4295/1829/113 4283/1824/3139
f 4286/1829/101 4298/1834/3 4297/1734/128 4285/1732/102
f 4287/1830/3334 4299/1835/129 4298/1834/3 4286/1829/101
f 4288/1831/115 4300/1836/116 4299/1835/129 4287/1830/3334
f 4289/1832/3341 4301/1837/3342 4300/1836/116 4288/1831/115
f 4290/1833/1153 4302/1838/3343 4301/1837/3342 4289/1832/3341
f 4291/1833/1155 4303/1838/3344 4302/1838/3343 4290/1833/1153
f 4292/1832/3345 4304/1837/3346 4303/1838/3344 4291/1833/1155
f 4293/1831/125 4305/1836/126 4304/1837/3346 4292/1832/3345
f 4294/1830/3340 4306/1835/135 4305/1836/126 4293/1831/125
f 4295/1829/113 4307/1834/17 4306/1835/135 4294/1830/3340
f 4296/1732/114 4308/1734/167 4307/1834/17 4295/1829/113
f 4298/1834/3 4310/1839/3347 4309/1738/3348 4297/1734/128
f 4299/1835/129 4311/1840/3349 4310/1839/3347 4298/1834/3
f 4300/1836/9 4312/1841/3350 4311/1840/3349 4299/1835/129
f 4301/1837/131 4313/1842/3351 4312/1841/3350 4300/1836/9
f 4302/1838/132 4314/1843/1544 4313/1842/3351 4301/1837/131
f 4303/1838/133 4315/1843/1545 4314/1843/1544 4302/1838/132
f 4304/1837/134 4316/1842/3352 4315/1843/1545 4303/1838/133
f 4305/1836/14 4317/1841/3353 4316/1842/3352 4304/1837/134
f 4306/1835/135 4318/1840/3354 4317/1841/3353 4305/1836/14
f 4307/1834/17 4319/1839/3355 4318/1840/3354 4306/1835/135
f 4308/1734/167 4320/1738/3356 4319/1839/3355 4307/1834/17
f 4310/1839/3347 4322/1844/3357 4321/1740/3348 4309/1738/3348
f 4311/1840/3349 4323/1845/3358 4322/1844/3357 4310/1839/3347
f 4312/1841/3350 4324/1846/3359 4323/1845/3358 4311/1840/3349
f 4313/1842/3360 4325/1847/3361 4324/1846/3359 4312/1841/3350
f 4314/1843/3362 4326/1848/3363 4325/1847/3361 4313/1842/3360
f 4315/1843/3364 4327/1848/3365 4326/1848/3363 4314/1843/3362
f 4316/1842/3366 4328/1847/3367 4327/1848/3365 4315/1843/3364
f 4317/1841/3353 4329/1846/3368 4328/1847/3367 4316/1842/3366
f 4318/1840/3354 4330/1845/3369 4329/1846/3368 4317/1841/3353
f 4319/1839/3355 4331/1844/3370 4330/1845/3369 4318/1840/3354
f 4320/1738/3356 4332/1740/3356 4331/1844/3370 4319/1839/3355
f 4322/1844/3357 4334/1849/3371 4333/1741/3372 4321/1740/3348
f 4323/1845/3358 4335/1850/3373 4334/1849/3371 4322/1844/3357
f 4324/1846/3359 4336/1851/3374 4335/1850/3373 4323/1845/3358
f 4325/1847/3375 4337/1852/3376 4336/1851/3374 4324/1846/3359
f 4326/1848/3377 4338/1853/161 4337/1852/3376 4325/1847/3375
f 4327/1848/3378 4339/1853/162 4338/1853/161 4326/1848/3377
f 4328/1847/3379 4340/1852/3380 4339/1853/162 4327/1848/3378
f 4329/1846/3368 4341/1851/3381 4340/1852/3380 4328/1847/3379
f 4330/1845/3369 4342/1850/3382 4341/1851/3381 4329/1846/3368
f 4331/1844/3370 4343/1849/3383 4342/1850/3382 4330/1845/3369
f 4332/1740/3356 4344/1741/3384 4343/1849/3383 4331/1844/3370
f 4334/1849/3371 4346/1854/3385 4345/1742/3372 4333/1741/3372
f 4335/1850/3373 4347/1855/3386 4346/1854/3385 4334/1849/3371
f 4336/1851/3374 4348/1856/3387 4347/1855/3386 4335/1850/3373
f 4337/1852/3388 4349/1857/3389 4348/1856/3387 4336/1851/3374
f 4338/1853/3390 4350/1858/3391 4349/1857/3389 4337/1852/3388
f 4339/1853/3392 4351/1858/3393 4350/1858/3391 4338/1853/3390
f 4340/1852/3394 4352/1857/3395 4351/1858/3393 4339/1853/3392
f 4341/1851/3381 4353/1856/3396 4352/1857/3395 4340/1852/3394
f 4342/1850/3382 4354/1855/3397 4353/1856/3396 4341/1851/3381
f 4343/1849/3383 4355/1854/3398 4354/1855/3397 4342/1850/3382
f 4344/1741/3384 4356/1742/3384 4355/1854/3398 4343/1849/3383
f 4346/1854/3385 4358/1859/3399 4357/1743/3400 4345/1742/3372
f 4347/1855/3386 4359/1860/3401 4358/1859/3399 4346/1854/3385
f 4348/1856/3387 4360/1861/3402 4359/1860/3401 4347/1855/3386
f 4349/1857/3403 4361/1862/3404 4360/1861/3402 4348/1856/3387
f 4350/1858/11 4362/1863/3405 4361/1862/3404 4349/1857/3403
f 4351/1858/12 4363/1863/3406 4362/1863/3405 4350/1858/11
f 4352/1857/3407 4364/1862/3408 4363/1863/3406 4351/1858/12
f 4353/1856/3396 4365/1861/3409 4364/1862/3408 4352/1857/3407
f 4354/1855/3397 4366/1860/3410 4365/1861/3409 4353/1856/3396
f 4355/1854/3398 4367/1859/3411 4366/1860/3410 4354/1855/3397
f 4356/1742/3384 4368/1743/3412 4367/1859/3411 4355/1854/3398
f 4358/1859/3399 4370/1864/3413 4369/1753/3400 4357/1743/3400
f 4359/1860/3401 4371/1865/3414 4370/1864/3413 4358/1859/3399
f 4360/1861/3402 4372/1866/3415 4371/1865/3414 4359/1860/3401
f 4361/1862/3416 4373/1867/3417 4372/1866/3415 4360/1861/3402
f 4362/1863/3418 4374/1868/3419 4373/1867/3417 4361/1862/3416
f 4363/1863/3420 4375/1868/3421 4374/1868/3419 4362/1863/3418
f 4364/1862/3422 4376/1867/3423 4375/1868/3421 4363/1863/3420
f 4365/1861/3409 4377/1866/3424 4376/1867/3423 4364/1862/3422
f 4366/1860/3410 4378/1865/3425 4377/1866/3424 4365/1861/3409
f 4367/1859/3411 4379/1864/3426 4378/1865/3425 4366/1860/3410
f 4368/1743/3412 4380/1753/3412 4379/1864/3426 4367/1859/3411
f 4370/1864/3413 4382/1869/3427 4381/1754/3428 4369/1753/3400
f 4371/1865/3414 4383/1870/3429 4382/1869/3427 4370/1864/3413
f 4372/1866/3415 4384/1871/3430 4383/1870/3429 4371/1865/3414
f 4373/1867/3431 4385/1872/3432 4384/1871/3430 4372/1866/3415
f 4374/1868/3433 4386/1873/3433 4385/1872/3432 4373/1867/3431
f 4375/1868/3434 4387/1873/3434 4386/1873/3433 4374/1868/3433
f 4376/1867/3435 4388/1872/3436 4387/1873/3434 4375/1868/3434
f 4377/1866/3424 4389/1871/3437 4388/1872/3436 4376/1867/3435
f 4378/1865/3425 4390/1870/3438 4389/1871/3437 4377/1866/3424
f 4379/1864/3426 4391/1869/3439 4390/1870/3438 4378/1865/3425
f 4380/1753/3412 4392/1754/3440 4391/1869/3439 4379/1864/3426
f 4382/1869/3427 4394/1874/3441 4393/1755/3428 4381/1754/3428
f 4383/1870/3429 4395/1875/3442 4394/1874/3441 4382/1869/3427
f 4384/1871/3430 4396/1876/3443 4395/1875/3442 4383/1870/3429
f 4385/1872/3444 4397/1877/3445 4396/1876/3443 4384/1871/3430
f 4386/1873/3446 4398/1878/3447 4397/1877/3445 4385/1872/3444
f 4387/1873/3448 4399/1878/3449 4398/1878/3447 4386/1873/3446
f 4388/1872/3450 4400/1877/3451 4399/1878/3449 4387/1873/3448
f 4389/1871/3437 4401/1876/3452 4400/1877/3451 4388/1872/3450
f 4390/1870/3438 4402/1875/3453 4401/1876/3452 4389/1871/3437
f 4391/1869/3439 4403/1874/3454 4402/1875/3453 4390/1870/3438
f 4392/1754/3440 4404/1755/3440 4403/1874/3454 4391/1869/3439
f 4394/1874/3441 4406/1879/3455 4405/1756/3456 4393/1755/3428
f 4395/1875/3442 4407/1880/3457 4406/1879/3455 4394/1874/3441
f 4396/1876/3443 4408/1881/2050 4407/1880/3457 4395/1875/3442
f 4397/1877/3458 4409/1882/2052 4408/1881/2050 4396/1876/3443
f 4398/1878/1544 4410/1883/2054 4409/1882/2052 4397/1877/3458
f 4399/1878/1545 4411/1883/2056 4410/1883/2054 4398/1878/1544
f 4400/1877/3459 4412/1882/2058 4411/1883/2056 4399/1878/1545
f 4401/1876/3452 4413/1881/2060 4412/1882/2058 4400/1877/3459
f 4402/1875/3453 4414/1880/3460 4413/1881/2060 4401/1876/3452
f 4403/1874/3454 4415/1879/3461 4414/1880/3460 4402/1875/3453
f 4404/1755/3440 4416/1756/3462 4415/1879/3461 4403/1874/3454
f 4406/1879/3455 4418/1884/3463 4417/1758/3464 4405/1756/3456
f 4407/1880/3457 4419/1885/3465 4418/1884/3463 4406/1879/3455
f 4408/1881/3466 4420/1886/3467 4419/1885/3465 4407/1880/3457
f 4409/1882/3468 4421/1887/3469 4420/1886/3467 4408/1881/3466
f 4410/1883/3470 4422/1888/3470 4421/1887/3469 4409/1882/3468
f 4411/1883/3471 4423/1888/3471 4422/1888/3470 4410/1883/3470
f 4412/1882/3472 4424/1887/3473 4423/1888/3471 4411/1883/3471
f 4413/1881/3474 4425/1886/3475 4424/1887/3473 4412/1882/3472
f 4414/1880/3460 4426/1885/3476 4425/1886/3475 4413/1881/3474
f 4415/1879/3461 4427/1884/3477 4426/1885/3476 4414/1880/3460
f 4416/1756/3462 4428/1758/3478 4427/1884/3477 4415/1879/3461
f 4418/1884/3463 4430/1889/3479 4429/1757/3480 4417/1758/3464
f 4419/1885/3465 4431/1890/349 4430/1889/3479 4418/1884/3463
f 4420/1886/352 4432/1891/351 4431/1890/349 4419/1885/3465
f 4421/1887/1087 4433/1892/3481 4432/1891/351 4420/1886/352
f 4422/1888/2539 4434/1893/3482 4433/1892/3481 4421/1887/1087
f 4423/1888/2540 4435/1893/3483 4434/1893/3482 4422/1888/2539
f 4424/1887/1089 4436/1892/3484 4435/1893/3483 4423/1888/2540
f 4425/1886/362 4437/1891/361 4436/1892/3484 4424/1887/1089
f 4426/1885/3476 4438/1890/363 4437/1891/361 4425/1886/362
f 4427/1884/3477 4439/1889/3485 4438/1890/363 4426/1885/3476
f 4428/1758/3478 4440/1757/3486 4439/1889/3485 4427/1884/3477
f 4430/1889/3479 4442/1894/3487 4441/1752/3488 4429/1757/3480
f 4431/1890/3489 4443/1895/3490 4442/1894/3487 4430/1889/3479
f 4432/1891/3491 4444/1896/3492 4443/1895/3490 4431/1890/3489
f 4433/1892/3493 4445/1897/3494 4444/1896/3492 4432/1891/3491
f 4434/1893/3495 4446/1898/3496 4445/1897/3494 4433/1892/3493
f 4435/1893/3497 4447/1898/3498 4446/1898/3496 4434/1893/3495
f 4436/1892/3499 4448/1897/3500 4447/1898/3498 4435/1893/3497
f 4437/1891/3501 4449/1896/3502 4448/1897/3500 4436/1892/3499
f 4438/1890/3503 4450/1895/3504 4449/1896/3502 4437/1891/3501
f 4439/1889/3485 4451/1894/3505 4450/1895/3504 4438/1890/3503
f 4440/1757/3486 4452/1752/3506 4451/1894/3505 4439/1889/3485
f 4442/1894/3487 4118/1759/266 4117/1751/52 4441/1752/3488
f 4443/1895/3490 4119/1761/1336 4118/1759/266 4442/1894/3487
f 4444/1896/3492 4120/1763/268 4119/1761/1336 4443/1895/3490
f 4445/1897/3507 4121/1765/269 4120/1763/268 4444/1896/3492
f 4446/1898/270 4122/1767/1420 4121/1765/269 4445/1897/3507
f 4447/1898/271 4123/1767/1421 4122/1767/1420 4446/1898/270
f 4448/1897/3508 4124/1765/272 4123/1767/1421 4447/1898/271
f 4449/1896/3502 4125/1763/273 4124/1765/272 4448/1897/3508
f 4450/1895/3504 4126/1761/1339 4125/1763/273 4449/1896/3502
f 4451/1894/3505 4127/1759/275 4126/1761/1339 4450/1895/3504
f 4452/1752/3506 4128/1751/68 4127/1759/275 4451/1894/3505
f 4454/1899/1 4456/1900/1 4455/1901/1
f 4454/1899/1 4453/1902/1 4456/1900/1
f 4458/1899/2 4459/1901/2 4460/1900/2
f 4458/1899/2 4460/1900/2 4457/1902/2
f 4462/1903/2095 4474/1904/2792 4473/1899/2122 4461/1902/975
f 4463/1905/2357 4475/1906/2123 4474/1904/2792 4462/1903/2095
f 4464/1907/2124 4476/1908/2124 4475/1906/2123 4463/1905/2357
f 4465/1909/2793 4477/1910/2793 4476/1908/2124 4464/1907/2124
f 4466/1911/2360 4478/1912/2360 4477/1910/2793 4465/1909/2793
f 4467/1911/2361 4479/1912/2361 4478/1912/2360 4466/1911/2360
f 4468/1909/2794 4480/1910/2794 4479/1912/2361 4467/1911/2361
f 4469/1907/2125 4481/1908/2125 4480/1910/2794 4468/1909/2794
f 4470/1905/2364 4482/1906/2126 4481/1908/2125 4469/1907/2125
f 4471/1903/2096 4483/1904/2795 4482/1906/2126 4470/1905/2364
f 4472/1902/993 4484/1899/2128 4483/1904/2795 4471/1903/2096
f 4474/1904/2792 4486/1913/3509 4485/1901/941 4473/1899/2122
f 4475/1906/2129 4487/1914/2016 4486/1913/3509 4474/1904/2792
f 4476/1908/2130 4488/1915/2130 4487/1914/2016 4475/1906/2129
f 4477/1910/2131 4489/1916/3510 4488/1915/2130 4476/1908/2130
f 4478/1912/2019 4490/1917/2019 4489/1916/3510 4477/1910/2131
f 4479/1912/2020 4491/1917/2020 4490/1917/2019 4478/1912/2019
f 4480/1910/2132 4492/1916/3511 4491/1917/2020 4479/1912/2020
f 4481/1908/2133 4493/1915/2133 4492/1916/3511 4480/1910/2132
f 4482/1906/2134 4494/1914/2023 4493/1915/2133 4481/1908/2133
f 4483/1904/2795 4495/1913/3512 4494/1914/2023 4482/1906/2134
f 4484/1899/2128 4496/1901/960 4495/1913/3512 4483/1904/2795
f 4486/1913/3509 4498/1918/3513 4497/1900/615 4485/1901/941
f 4487/1914/3514 4499/1919/3514 4498/1918/3513 4486/1913/3509
f 4488/1915/3515 4500/1920/3516 4499/1919/3514 4487/1914/3514
f 4489/1916/3517 4501/1921/3517 4500/1920/3516 4488/1915/3515
f 4490/1917/3518 4502/1922/3518 4501/1921/3517 4489/1916/3517
f 4491/1917/3519 4503/1922/3519 4502/1922/3518 4490/1917/3518
f 4492/1916/3520 4504/1921/3520 4503/1922/3519 4491/1917/3519
f 4493/1915/3521 4505/1920/3522 4504/1921/3520 4492/1916/3520
f 4494/1914/3523 4506/1919/3524 4505/1920/3522 4493/1915/3521
f 4495/1913/3512 4507/1918/3525 4506/1919/3524 4494/1914/3523
f 4496/1901/960 4508/1900/631 4507/1918/3525 4495/1913/3512
f 4498/1918/3513 4462/1903/2095 4461/1902/975 4497/1900/615
f 4499/1919/1941 4463/1905/634 4462/1903/2095 4498/1918/3513
f 4500/1920/636 4464/1907/636 4463/1905/634 4499/1919/1941
f 4501/1921/2351 4465/1909/2351 4464/1907/636 4500/1920/636
f 4502/1922/2352 4466/1911/2352 4465/1909/2351 4501/1921/2351
f 4503/1922/2353 4467/1911/2353 4466/1911/2352 4502/1922/2352
f 4504/1921/2354 4468/1909/2354 4467/1911/2353 4503/1922/2353
f 4505/1920/646 4469/1907/646 4468/1909/2354 4504/1921/2354
f 4506/1919/1946 4470/1905/648 4469/1907/646 4505/1920/646
f 4507/1918/3525 4471/1903/2096 4470/1905/648 4506/1919/1946
f 4508/1900/631 4472/1902/993 4471/1903/2096 4507/1918/3525
f 4512/1923/1 4510/1924/1 4509/1925/1
f 4512/1923/1 4511/1926/1 4510/1924/1
f 4516/1923/2 4513/1925/2 4514/1924/2
f 4516/1923/2 4514/1924/2 4515/1926/2
f 4518/1927/3526 4530/1928/3527 4529/1924/3528 4517/1925/3529
f 4519/1929/3530 4531/1930/3531 4530/1928/3527 4518/1927/3526
f 4520/1931/3532 4532/1932/3533 4531/1930/3531 4519/1929/3530
f 4521/1933/3534 4533/1934/3535 4532/1932/3533 4520/1931/3532
f 4522/1935/3536 4534/1936/3536 4533/1934/3535 4521/1933/3534
f 4523/1935/3537 4535/1936/3537 4534/1936/3536 4522/1935/3536
f 4524/1933/3538 4536/1934/3539 4535/1936/3537 4523/1935/3537
f 4525/1931/3540 4537/1932/3541 4536/1934/3539 4524/1933/3538
f 4526/1929/3542 4538/1930/3543 4537/1932/3541 4525/1931/3540
f 4527/1927/3544 4539/1928/3545 4538/1930/3543 4526/1929/3542
f 4528/1925/3546 4540/1924/3547 4539/1928/3545 4527/1927/3544
f 4530/1928/3527 4542/1937/2095 4541/1926/975 4529/1924/3528
f 4531/1930/1941 4543/1938/634 4542/1937/2095 4530/1928/3527
f 4532/1932/3548 4544/1939/636 4543/1938/634 4531/1930/1941
f 4533/1934/2351 4545/1940/2351 4544/1939/636 4532/1932/3548
f 4534/1936/2352 4546/1941/2352 4545/1940/2351 4533/1934/2351
f 4535/1936/2353 4547/1941/2353 4546/1941/2352 4534/1936/2352
f 4536/1934/2354 4548/1940/2354 4547/1941/2353 4535/1936/2353
f 4537/1932/3549 4549/1939/646 4548/1940/2354 4536/1934/2354
f 4538/1930/1946 4550/1938/648 4549/1939/646 4537/1932/3549
f 4539/1928/3545 4551/1937/2096 4550/1938/648 4538/1930/1946
f 4540/1924/3547 4552/1926/993 4551/1937/2096 4539/1928/3545
f 4542/1937/2095 4554/1942/2792 4553/1923/2122 4541/1926/975
f 4543/1938/2357 4555/1943/2123 4554/1942/2792 4542/1937/2095
f 4544/1939/2124 4556/1944/2124 4555/1943/2123 4543/1938/2357
f 4545/1940/2793 4557/1945/2793 4556/1944/2124 4544/1939/2124
f 4546/1941/2360 4558/1946/2360 4557/1945/2793 4545/1940/2793
f 4547/1941/2361 4559/1946/2361 4558/1946/2360 4546/1941/2360
f 4548/1940/2794 4560/1945/2794 4559/1946/2361 4547/1941/2361
f 4549/1939/2125 4561/1944/2125 4560/1945/2794 4548/1940/2794
f 4550/1938/2364 4562/1943/2126 4561/1944/2125 4549/1939/2125
f 4551/1937/2096 4563/1942/2795 4562/1943/2126 4550/1938/2364
f 4552/1926/993 4564/1923/2128 4563/1942/2795 4551/1937/2096
f 4554/1942/2792 4518/1927/3526 4517/1925/3529 4553/1923/2122
f 4555/1943/2129 4519/1929/3550 4518/1927/3526 4554/1942/2792
f 4556/1944/2970 4520/1931/2130 4519/1929/3550 4555/1943/2129
f 4557/1945/2131 4521/1933/2131 4520/1931/2130 4556/1944/2970
f 4558/1946/2019 4522/1935/2019 4521/1933/2131 4557/1945/2131
f 4559/1946/2020 4523/1935/2020 4522/1935/2019 4558/1946/2019
f 4560/1945/2132 4524/1933/2132 4523/1935/2020 4559/1946/2020
f 4561/1944/2971 4525/1931/2133 4524/1933/2132 4560/1945/2132
f 4562/1943/2134 4526/1929/3551 4525/1931/2133 4561/1944/2971
f 4563/1942/2795 4527/1927/3544 4526/1929/3551 4562/1943/2134
f 4564/1923/2128 4528/1925/3546 4527/1927/3544 4563/1942/2795
usemtl Card_Frame
f 790/337/1 792/338/1 791/339/1
f 789/340/1 792/338/1 790/337/1
f 789/340/1 799/341/1 792/338/1
f 799/341/1 808/342/1 792/338/1
f 808/342/1 785/343/1 792/338/1
f 788/344/1 804/345/1 789/340/1
f 804/345/1 800/346/1 789/340/1
f 800/346/1 799/341/1 789/340/1
f 798/347/1 808/342/1 799/341/1
f 804/345/1 793/348/1 800/346/1
f 797/349/1 809/350/1 798/347/1
f 809/350/1 808/342/1 798/347/1
f 804/345/1 803/351/1 793/348/1
f 803/351/1 794/352/1 793/348/1
f 788/344/1 805/353/1 804/345/1
f 802/354/1 794/352/1 803/351/1
f 807/355/1 785/343/1 808/342/1
f 797/349/1 806/356/1 809/350/1
f 801/357/1 794/352/1 802/354/1
f 788/344/1 801/357/1 805/353/1
f 788/344/1 794/352/1 801/357/1
f 797/349/1 807/355/1 806/356/1
f 797/349/1 785/343/1 807/355/1
f 788/344/1 795/358/1 794/352/1
f 796/359/1 785/343/1 797/349/1
f 788/344/1 796/359/1 795/358/1
f 788/344/1 785/343/1 796/359/1
f 787/360/1 785/343/1 788/344/1
f 787/360/1 786/361/1 785/343/1
f 815/337/2 816/339/2 817/338/2
f 814/340/2 815/337/2 817/338/2
f 814/340/2 817/338/2 824/341/2
f 824/341/2 817/338/2 833/342/2
f 833/342/2 817/338/2 810/343/2
f 813/344/2 814/340/2 829/345/2
f 829/345/2 814/340/2 825/346/2
f 825/346/2 814/340/2 824/341/2
f 823/347/2 824/341/2 833/342/2
f 829/345/2 825/346/2 818/348/2
f 822/349/2 823/347/2 834/350/2
f 834/350/2 823/347/2 833/342/2
f 829/345/2 818/348/2 828/351/2
f 828/351/2 818/348/2 819/352/2
f 813/344/2 829/345/2 830/353/2
f 827/354/2 828/351/2 819/352/2
f 832/355/2 833/342/2 810/343/2
f 822/349/2 834/350/2 831/356/2
f 826/357/2 827/354/2 819/352/2
f 813/344/2 830/353/2 826/357/2
f 813/344/2 826/357/2 819/352/2
f 822/349/2 831/356/2 832/355/2
f 822/349/2 832/355/2 810/343/2
f 813/344/2 819/352/2 820/358/2
f 821/359/2 822/349/2 810/343/2
f 813/344/2 820/358/2 821/359/2
f 813/344/2 821/359/2 810/343/2
f 812/360/2 813/344/2 810/343/2
f 812/360/2 810/343/2 811/361/2
f 836/362/714 848/363/715 847/361/716 835/343/717
f 837/364/718 849/365/719 848/363/715 836/362/714
f 838/366/720 850/367/721 849/365/719 837/364/718
f 839/368/722 851/369/723 850/367/721 838/366/720
f 840/370/724 852/371/725 851/369/723 839/368/722
f 841/370/726 853/371/727 852/371/725 840/370/724
f 842/368/728 854/369/729 853/371/727 841/370/726
f 843/366/730 855/367/731 854/369/729 842/368/728
f 844/364/732 856/365/733 855/367/731 843/366/730
f 845/362/734 857/363/735 856/365/733 844/364/732
f 846/343/736 858/361/737 857/363/735 845/362/734
f 848/363/715 860/372/738 859/360/739 847/361/716
f 849/365/719 861/373/740 860/372/738 848/363/715
f 850/367/721 862/374/741 861/373/740 849/365/719
f 851/369/723 863/375/742 862/374/741 850/367/721
f 852/371/725 864/376/743 863/375/742 851/369/723
f 853/371/727 865/376/744 864/376/743 852/371/725
f 854/369/729 866/375/745 865/376/744 853/371/727
f 855/367/731 867/374/746 866/375/745 854/369/729
f 856/365/733 868/373/747 867/374/746 855/367/731
f 857/363/735 869/372/748 868/373/747 856/365/733
f 858/361/737 870/360/749 869/372/748 857/363/735
f 860/372/738 872/377/750 871/344/751 859/360/739
f 861/373/740 873/378/752 872/377/750 860/372/738
f 862/374/741 874/379/753 873/378/752 861/373/740
f 863/375/742 875/380/754 874/379/753 862/374/741
f 864/376/743 876/381/755 875/380/754 863/375/742
f 865/376/744 877/381/756 876/381/755 864/376/743
f 866/375/745 878/380/757 877/381/756 865/376/744
f 867/374/746 879/379/758 878/380/757 866/375/745
f 868/373/747 880/378/759 879/379/758 867/374/746
f 869/372/748 881/377/760 880/378/759 868/373/747
f 870/360/749 882/344/761 881/377/760 869/372/748
f 872/377/750 884/382/762 883/340/763 871/344/751
f 873/378/764 885/383/765 884/382/762 872/377/750
f 874/379/766 886/384/767 885/383/765 873/378/764
f 875/380/768 887/385/769 886/384/767 874/379/766
f 876/381/770 888/386/770 887/385/769 875/380/768
f 877/381/771 889/386/771 888/386/770 876/381/770
f 878/380/772 890/385/773 889/386/771 877/381/771
f 879/379/774 891/384/775 890/385/773 878/380/772
f 880/378/776 892/383/777 891/384/775 879/379/774
f 881/377/760 893/382/778 892/383/777 880/378/776
f 882/344/761 894/340/779 893/382/778 881/377/760
f 884/382/762 896/387/780 895/337/781 883/340/763
f 885/383/765 897/388/782 896/387/780 884/382/762
f 886/384/783 898/389/784 897/388/782 885/383/765
f 887/385/785 899/390/786 898/389/784 886/384/783
f 888/386/787 900/391/788 899/390/786 887/385/785
f 889/386/789 901/391/790 900/391/788 888/386/787
f 890/385/791 902/390/792 901/391/790 889/386/789
f 891/384/793 903/389/794 902/390/792 890/385/791
f 892/383/777 904/388/795 903/389/794 891/384/793
f 893/382/778 905/387/796 904/388/795 892/383/777
f 894/340/779 906/337/797 905/387/796 893/382/778
f 896/387/780 908/392/798 907/339/799 895/337/781
f 897/388/782 909/393/800 908/392/798 896/387/780
f 898/389/784 910/394/801 909/393/800 897/388/782
f 899/390/786 911/395/802 910/394/801 898/389/784
f 900/391/788 912/396/803 911/395/802 899/390/786
f 901/391/790 913/396/804 912/396/803 900/391/788
f 902/390/792 914/395/805 913/396/804 901/391/790
f 903/389/794 915/394/806 914/395/805 902/390/792
f 904/388/795 916/393/807 915/394/806 903/389/794
f 905/387/796 917/392/808 916/393/807 904/388/795
f 906/337/797 918/339/809 917/392/808 905/387/796
f 908/392/798 920/397/810 919/338/811 907/339/799
f 909/393/800 921/398/812 920/397/810 908/392/798
f 910/394/801 922/399/813 921/398/812 909/393/800
f 911/395/802 923/400/814 922/399/813 910/394/801
f 912/396/803 924/401/815 923/400/814 911/395/802
f 913/396/804 925/401/816 924/401/815 912/396/803
f 914/395/805 926/400/817 925/401/816 913/396/804
f 915/394/806 927/399/818 926/400/817 914/395/805
f 916/393/807 928/398/819 927/399/818 915/394/806
f 917/392/808 929/397/820 928/398/819 916/393/807
f 918/339/809 930/338/821 929/397/820 917/392/808
f 920/397/810 836/362/714 835/343/717 919/338/811
f 921/398/812 837/364/718 836/362/714 920/397/810
f 922/399/822 838/366/823 837/364/718 921/398/812
f 923/400/824 839/368/701 838/366/823 922/399/822
f 924/401/702 840/370/702 839/368/701 923/400/824
f 925/401/703 841/370/703 840/370/702 924/401/702
f 926/400/825 842/368/704 841/370/703 925/401/703
f 927/399/826 843/366/827 842/368/704 926/400/825
f 928/398/819 844/364/732 843/366/827 927/399/826
f 929/397/820 845/362/734 844/364/732 928/398/819
f 930/338/821 846/343/736 845/362/734 929/397/820
f 932/402/828 944/403/829 943/352/830 931/348/831
f 933/404/832 945/405/833 944/403/829 932/402/828
f 934/406/834 946/407/835 945/405/833 933/404/832
f 935/408/836 947/409/836 946/407/835 934/406/834
f 936/410/837 948/411/837 947/409/836 935/408/836
f 937/410/838 949/411/838 948/411/837 936/410/837
f 938/408/839 950/409/839 949/411/838 937/410/838
f 939/406/840 951/407/841 950/409/839 938/408/839
f 940/404/842 952/405/843 951/407/841 939/406/840
f 941/402/844 953/403/845 952/405/843 940/404/842
f 942/348/846 954/352/847 953/403/845 941/402/844
f 944/403/829 956/412/848 955/358/849 943/352/830
f 945/405/833 957/413/850 956/412/848 944/403/829
f 946/407/851 958/414/852 957/413/850 945/405/833
f 947/409/853 959/415/854 958/414/852 946/407/851
f 948/411/855 960/416/856 959/415/854 947/409/853
f 949/411/857 961/416/858 960/416/856 948/411/855
f 950/409/859 962/415/860 961/416/858 949/411/857
f 951/407/861 963/414/862 962/415/860 950/409/859
f 952/405/843 964/413/863 963/414/862 951/407/861
f 953/403/845 965/412/864 964/413/863 952/405/843
f 954/352/847 966/358/865 965/412/864 953/403/845
f 956/412/848 968/417/866 967/359/867 955/358/849
f 957/413/850 969/418/868 968/417/866 956/412/848
f 958/414/852 970/419/869 969/418/868 957/413/850
f 959/415/854 971/420/870 970/419/869 958/414/852
f 960/416/856 972/421/871 971/420/870 959/415/854
f 961/416/858 973/421/872 972/421/871 960/416/856
f 962/415/860 974/420/873 973/421/872 961/416/858
f 963/414/862 975/419/874 974/420/873 962/415/860
f 964/413/863 976/418/875 975/419/874 963/414/862
f 965/412/864 977/417/876 976/418/875 964/413/863
f 966/358/865 978/359/877 977/417/876 965/412/864
f 968/417/866 980/422/878 979/349/879 967/359/867
f 969/418/868 981/423/880 980/422/878 968/417/866
f 970/419/869 982/424/881 981/423/880 969/418/868
f 971/420/870 983/425/882 982/424/881 970/419/869
f 972/421/871 984/426/883 983/425/882 971/420/870
f 973/421/872 985/426/884 984/426/883 972/421/871
f 974/420/873 986/425/885 985/426/884 973/421/872
f 975/419/874 987/424/886 986/425/885 974/420/873
f 976/418/875 988/423/887 987/424/886 975/419/874
f 977/417/876 989/422/888 988/423/887 976/418/875
f 978/359/877 990/349/889 989/422/888 977/417/876
f 980/422/878 992/427/890 991/347/891 979/349/879
f 981/423/880 993/428/892 992/427/890 980/422/878
f 982/424/893 994/429/893 993/428/892 981/423/880
f 983/425/894 995/430/894 994/429/893 982/424/893
f 984/426/895 996/431/895 995/430/894 983/425/894
f 985/426/896 997/431/896 996/431/895 984/426/895
f 986/425/897 998/430/897 997/431/896 985/426/896
f 987/424/898 999/429/898 998/430/897 986/425/897
f 988/423/887 1000/428/899 999/429/898 987/424/898
f 989/422/888 1001/427/900 1000/428/899 988/423/887
f 990/349/889 1002/347/901 1001/427/900 989/422/888
f 992/427/890 1004/432/902 1003/341/903 991/347/891
f 993/428/892 1005/433/904 1004/432/902 992/427/890
f 994/429/905 1006/434/906 1005/433/904 993/428/892
f 995/430/907 1007/435/908 1006/434/906 994/429/905
f 996/431/909 1008/436/910 1007/435/908 995/430/907
f 997/431/911 1009/436/912 1008/436/910 996/431/909
f 998/430/913 1010/435/914 1009/436/912 997/431/911
f 999/429/915 1011/434/916 1010/435/914 998/430/913
f 1000/428/899 1012/433/917 1011/434/916 999/429/915
f 1001/427/900 1013/432/918 1012/433/917 1000/428/899
f 1002/347/901 1014/341/919 1013/432/918 1001/427/900
f 1004/432/902 1016/437/920 1015/346/921 1003/341/903
f 1005/433/904 1017/438/922 1016/437/920 1004/432/902
f 1006/434/906 1018/439/923 1017/438/922 1005/433/904
f 1007/435/908 1019/440/924 1018/439/923 1006/434/906
f 1008/436/910 1020/441/925 1019/440/924 1007/435/908
f 1009/436/912 1021/441/926 1020/441/925 1008/436/910
f 1010/435/914 1022/440/927 1021/441/926 1009/436/912
f 1011/434/916 1023/439/928 1022/440/927 1010/435/914
f 1012/433/917 1024/438/929 1023/439/928 1011/434/916
f 1013/432/918 1025/437/930 1024/438/929 1012/433/917
f 1014/341/919 1026/346/931 1025/437/930 1013/432/918
f 1016/437/920 932/402/828 931/348/831 1015/346/921
f 1017/438/922 933/404/832 932/402/828 1016/437/920
f 1018/439/923 934/406/932 933/404/832 1017/438/922
f 1019/440/924 935/408/933 934/406/932 1018/439/923
f 1020/441/925 936/410/934 935/408/933 1019/440/924
f 1021/441/926 937/410/935 936/410/934 1020/441/925
f 1022/440/927 938/408/936 937/410/935 1021/441/926
f 1023/439/928 939/406/937 938/408/936 1022/440/927
f 1024/438/929 940/404/842 939/406/937 1023/439/928
f 1025/437/930 941/402/844 940/404/842 1024/438/929
f 1026/346/931 942/348/846 941/402/844 1025/437/930
f 1028/442/938 1040/443/939 1039/354/940 1027/357/941
f 1029/444/942 1041/445/943 1040/443/939 1028/442/938
f 1030/446/944 1042/447/945 1041/445/943 1029/444/942
f 1031/448/946 1043/449/947 1042/447/945 1030/446/944
f 1032/450/948 1044/451/949 1043/449/947 1031/448/946
f 1033/450/950 1045/451/951 1044/451/949 1032/450/948
f 1034/448/952 1046/449/953 1045/451/951 1033/450/950
f 1035/446/954 1047/447/955 1046/449/953 1034/448/952
f 1036/444/956 1048/445/957 1047/447/955 1035/446/954
f 1037/442/958 1049/443/959 1048/445/957 1036/444/956
f 1038/357/960 1050/354/961 1049/443/959 1037/442/958
f 1040/443/939 1052/452/962 1051/351/963 1039/354/940
f 1041/445/943 1053/453/964 1052/452/962 1040/443/939
f 1042/447/945 1054/454/965 1053/453/964 1041/445/943
f 1043/449/947 1055/455/966 1054/454/965 1042/447/945
f 1044/451/949 1056/456/967 1055/455/966 1043/449/947
f 1045/451/951 1057/456/968 1056/456/967 1044/451/949
f 1046/449/953 1058/455/969 1057/456/968 1045/451/951
f 1047/447/955 1059/454/970 1058/455/969 1046/449/953
f 1048/445/957 1060/453/971 1059/454/970 1047/447/955
f 1049/443/959 1061/452/972 1060/453/971 1048/445/957
f 1050/354/961 1062/351/973 1061/452/972 1049/443/959
f 1052/452/962 1064/457/974 1063/345/975 1051/351/963
f 1053/453/976 1065/458/977 1064/457/974 1052/452/962
f 1054/454/978 1066/459/979 1065/458/977 1053/453/976
f 1055/455/980 1067/460/981 1066/459/979 1054/454/978
f 1056/456/982 1068/461/983 1067/460/981 1055/455/980
f 1057/456/984 1069/461/985 1068/461/983 1056/456/982
f 1058/455/986 1070/460/987 1069/461/985 1057/456/984
f 1059/454/988 1071/459/989 1070/460/987 1058/455/986
f 1060/453/990 1072/458/991 1071/459/989 1059/454/988
f 1061/452/972 1073/457/992 1072/458/991 1060/453/990
f 1062/351/973 1074/345/993 1073/457/992 1061/452/972
f 1064/457/974 1076/462/994 1075/353/615 1063/345/975
f 1065/458/995 1077/463/995 1076/462/994 1064/457/974
f 1066/459/996 1078/464/996 1077/463/995 1065/458/995
f 1067/460/997 1079/465/997 1078/464/996 1066/459/996
f 1068/461/998 1080/466/998 1079/465/997 1067/460/997
f 1069/461/999 1081/466/999 1080/466/998 1068/461/998
f 1070/460/1000 1082/465/1000 1081/466/999 1069/461/999
f 1071/459/1001 1083/464/1001 1082/465/1000 1070/460/1000
f 1072/458/1002 1084/463/1002 1083/464/1001 1071/459/1001
f 1073/457/992 1085/462/1003 1084/463/1002 1072/458/1002
f 1074/345/993 1086/353/631 1085/462/1003 1073/457/992
f 1076/462/994 1028/442/938 1027/357/941 1075/353/615
f 1077/463/1004 1029/444/1004 1028/442/938 1076/462/994
f 1078/464/1005 1030/446/1005 1029/444/1004 1077/463/1004
f 1079/465/1006 1031/448/1006 1030/446/1005 1078/464/1005
f 1080/466/1007 1032/450/1007 1031/448/1006 1079/465/1006
f 1081/466/1008 1033/450/1008 1032/450/1007 1080/466/1007
f 1082/465/1009 1034/448/1009 1033/450/1008 1081/466/1008
f 1083/464/1010 1035/446/1010 1034/448/1009 1082/465/1009
f 1084/463/1011 1036/444/1011 1035/446/1010 1083/464/1010
f 1085/462/1003 1037/442/958 1036/444/1011 1084/463/1011
f 1086/353/631 1038/357/960 1037/442/958 1085/462/1003
f 1088/467/994 1100/468/938 1099/355/941 1087/356/615
f 1089/469/1004 1101/470/1004 1100/468/938 1088/467/994
f 1090/471/1005 1102/472/1005 1101/470/1004 1089/469/1004
f 1091/473/1006 1103/474/1006 1102/472/1005 1090/471/1005
f 1092/475/1007 1104/476/1007 1103/474/1006 1091/473/1006
f 1093/475/1008 1105/476/1008 1104/476/1007 1092/475/1007
f 1094/473/1009 1106/474/1009 1105/476/1008 1093/475/1008
f 1095/471/1010 1107/472/1010 1106/474/1009 1094/473/1009
f 1096/469/1011 1108/470/1011 1107/472/1010 1095/471/1010
f 1097/467/1003 1109/468/958 1108/470/1011 1096/469/1011
f 1098/356/631 1110/355/960 1109/468/958 1097/467/1003
f 1100/468/938 1112/477/1012 1111/342/1013 1099/355/941
f 1101/470/942 1113/478/1014 1112/477/1012 1100/468/938
f 1102/472/1015 1114/479/1016 1113/478/1014 1101/470/942
f 1103/474/1017 1115/480/1018 1114/479/1016 1102/472/1015
f 1104/476/1019 1116/481/1019 1115/480/1018 1103/474/1017
f 1105/476/1020 1117/481/1020 1116/481/1019 1104/476/1019
f 1106/474/1021 1118/480/1022 1117/481/1020 1105/476/1020
f 1107/472/1023 1119/479/1024 1118/480/1022 1106/474/1021
f 1108/470/956 1120/478/1025 1119/479/1024 1107/472/1023
f 1109/468/958 1121/477/1026 1120/478/1025 1108/470/956
f 1110/355/960 1122/342/1027 1121/477/1026 1109/468/958
f 1112/477/1012 1124/482/1028 1123/350/1029 1111/342/1013
f 1113/478/1030 1125/483/1031 1124/482/1028 1112/477/1012
f 1114/479/1032 1126/484/1033 1125/483/1031 1113/478/1030
f 1115/480/1034 1127/485/1035 1126/484/1033 1114/479/1032
f 1116/481/1036 1128/486/1037 1127/485/1035 1115/480/1034
f 1117/481/1038 1129/486/1039 1128/486/1037 1116/481/1036
f 1118/480/1040 1130/485/1041 1129/486/1039 1117/481/1038
f 1119/479/1042 1131/484/1043 1130/485/1041 1118/480/1040
f 1120/478/1044 1132/483/1045 1131/484/1043 1119/479/1042
f 1121/477/1026 1133/482/1046 1132/483/1045 1120/478/1044
f 1122/342/1027 1134/350/1047 1133/482/1046 1121/477/1026
f 1124/482/1028 1088/467/994 1087/356/615 1123/350/1029
f 1125/483/1048 1089/469/995 1088/467/994 1124/482/1028
f 1126/484/1049 1090/471/996 1089/469/995 1125/483/1048
f 1127/485/1050 1091/473/1051 1090/471/996 1126/484/1049
f 1128/486/998 1092/475/1052 1091/473/1051 1127/485/1050
f 1129/486/999 1093/475/1053 1092/475/1052 1128/486/998
f 1130/485/1054 1094/473/1055 1093/475/1053 1129/486/999
f 1131/484/1056 1095/471/1001 1094/473/1055 1130/485/1054
f 1132/483/1057 1096/469/1002 1095/471/1001 1131/484/1056
f 1133/482/1046 1097/467/1003 1096/469/1002 1132/483/1057
f 1134/350/1047 1098/356/631 1097/467/1003 1133/482/1046
f 1138/487/1 1145/488/1 1139/489/1
f 1145/488/1 1140/490/1 1139/489/1
f 1145/488/1 1144/491/1 1140/490/1
f 1144/491/1 1135/492/1 1140/490/1
f 1138/487/1 1146/493/1 1145/488/1
f 1143/494/1 1135/492/1 1144/491/1
f 1137/495/1 1146/493/1 1138/487/1
f 1143/494/1 1136/496/1 1135/492/1
f 1142/497/1 1136/496/1 1143/494/1
f 1137/495/1 1141/498/1 1146/493/1
f 1141/498/1 1136/496/1 1142/497/1
f 1137/495/1 1136/496/1 1141/498/1
f 1150/487/2 1151/489/2 1157/488/2
f 1157/488/2 1151/489/2 1152/490/2
f 1157/488/2 1152/490/2 1156/491/2
f 1156/491/2 1152/490/2 1147/492/2
f 1150/487/2 1157/488/2 1158/493/2
f 1155/494/2 1156/491/2 1147/492/2
f 1149/495/2 1150/487/2 1158/493/2
f 1155/494/2 1147/492/2 1148/496/2
f 1154/497/2 1155/494/2 1148/496/2
f 1149/495/2 1158/493/2 1153/498/2
f 1153/498/2 1154/497/2 1148/496/2
f 1149/495/2 1153/498/2 1148/496/2
f 1160/499/1058 1172/500/1059 1171/496/1060 1159/492/1061
f 1161/501/1062 1173/502/1063 1172/500/1059 1160/499/1058
f 1162/503/1064 1174/504/1065 1173/502/1063 1161/501/1062
f 1163/505/1066 1175/506/1067 1174/504/1065 1162/503/1064
f 1164/507/1068 1176/508/1069 1175/506/1067 1163/505/1066
f 1165/507/1070 1177/508/1071 1176/508/1069 1164/507/1068
f 1166/505/1072 1178/506/1073 1177/508/1071 1165/507/1070
f 1167/503/1074 1179/504/1075 1178/506/1073 1166/505/1072
f 1168/501/1076 1180/502/1077 1179/504/1075 1167/503/1074
f 1169/499/1078 1181/500/1079 1180/502/1077 1168/501/1076
f 1170/492/1080 1182/496/1081 1181/500/1079 1169/499/1078
f 1172/500/1059 1184/509/1082 1183/495/1083 1171/496/1060
f 1173/502/1063 1185/510/1084 1184/509/1082 1172/500/1059
f 1174/504/1085 1186/511/1086 1185/510/1084 1173/502/1063
f 1175/506/1087 1187/512/1088 1186/511/1086 1174/504/1085
f 1176/508/186 1188/513/186 1187/512/1088 1175/506/1087
f 1177/508/187 1189/513/187 1188/513/186 1176/508/186
f 1178/506/1089 1190/512/1090 1189/513/187 1177/508/187
f 1179/504/1091 1191/511/1092 1190/512/1090 1178/506/1089
f 1180/502/1077 1192/510/1093 1191/511/1092 1179/504/1091
f 1181/500/1079 1193/509/1094 1192/510/1093 1180/502/1077
f 1182/496/1081 1194/495/1095 1193/509/1094 1181/500/1079
f 1184/509/1082 1196/514/1096 1195/487/1097 1183/495/1083
f 1185/510/1084 1197/515/1098 1196/514/1096 1184/509/1082
f 1186/511/1099 1198/516/1100 1197/515/1098 1185/510/1084
f 1187/512/1101 1199/517/1102 1198/516/1100 1186/511/1099
f 1188/513/1103 1200/518/1104 1199/517/1102 1187/512/1101
f 1189/513/1105 1201/518/1106 1200/518/1104 1188/513/1103
f 1190/512/1107 1202/517/1108 1201/518/1106 1189/513/1105
f 1191/511/1109 1203/516/1110 1202/517/1108 1190/512/1107
f 1192/510/1093 1204/515/1111 1203/516/1110 1191/511/1109
f 1193/509/1094 1205/514/1112 1204/515/1111 1192/510/1093
f 1194/495/1095 1206/487/1113 1205/514/1112 1193/509/1094
f 1196/514/1096 1208/519/1114 1207/489/1115 1195/487/1097
f 1197/515/1116 1209/520/1117 1208/519/1114 1196/514/1096
f 1198/516/1118 1210/521/1119 1209/520/1117 1197/515/1116
f 1199/517/1120 1211/522/1121 1210/521/1119 1198/516/1118
f 1200/518/1122 1212/523/1123 1211/522/1121 1199/517/1120
f 1201/518/1124 1213/523/1125 1212/523/1123 1200/518/1122
f 1202/517/1126 1214/522/1127 1213/523/1125 1201/518/1124
f 1203/516/1128 1215/521/1129 1214/522/1127 1202/517/1126
f 1204/515/1130 1216/520/1131 1215/521/1129 1203/516/1128
f 1205/514/1112 1217/519/1132 1216/520/1131 1204/515/1130
f 1206/487/1113 1218/489/1133 1217/519/1132 1205/514/1112
f 1208/519/1114 1220/524/1134 1219/490/599 1207/489/1115
f 1209/520/1117 1221/525/1135 1220/524/1134 1208/519/1114
f 1210/521/1136 1222/526/1137 1221/525/1135 1209/520/1117
f 1211/522/1138 1223/527/1139 1222/526/1137 1210/521/1136
f 1212/523/1140 1224/528/1141 1223/527/1139 1211/522/1138
f 1213/523/1142 1225/528/1143 1224/528/1141 1212/523/1140
f 1214/522/1144 1226/527/1145 1225/528/1143 1213/523/1142
f 1215/521/1146 1227/526/1147 1226/527/1145 1214/522/1144
f 1216/520/1131 1228/525/1148 1227/526/1147 1215/521/1146
f 1217/519/1132 1229/524/1149 1228/525/1148 1216/520/1131
f 1218/489/1133 1230/490/613 1229/524/1149 1217/519/1132
f 1220/524/1134 1160/499/1058 1159/492/1061 1219/490/599
f 1221/525/1135 1161/501/1150 1160/499/1058 1220/524/1134
f 1222/526/319 1162/503/1151 1161/501/1150 1221/525/1135
f 1223/527/117 1163/505/1152 1162/503/1151 1222/526/319
f 1224/528/1153 1164/507/1154 1163/505/1152 1223/527/117
f 1225/528/1155 1165/507/1156 1164/507/1154 1224/528/1153
f 1226/527/123 1166/505/1157 1165/507/1156 1225/528/1155
f 1227/526/322 1167/503/1158 1166/505/1157 1226/527/123
f 1228/525/1148 1168/501/1159 1167/503/1158 1227/526/322
f 1229/524/1149 1169/499/1078 1168/501/1159 1228/525/1148
f 1230/490/613 1170/492/1080 1169/499/1078 1229/524/1149
f 1232/529/1160 1244/530/1161 1243/497/1162 1231/498/1163
f 1233/531/1164 1245/532/1165 1244/530/1161 1232/529/1160
f 1234/533/1166 1246/534/1166 1245/532/1165 1233/531/1164
f 1235/535/1167 1247/536/1167 1246/534/1166 1234/533/1166
f 1236/537/1168 1248/538/1168 1247/536/1167 1235/535/1167
f 1237/537/1169 1249/538/1169 1248/538/1168 1236/537/1168
f 1238/535/1170 1250/536/1170 1249/538/1169 1237/537/1169
f 1239/533/1171 1251/534/1171 1250/536/1170 1238/535/1170
f 1240/531/1172 1252/532/1173 1251/534/1171 1239/533/1171
f 1241/529/1174 1253/530/1175 1252/532/1173 1240/531/1172
f 1242/498/1176 1254/497/1177 1253/530/1175 1241/529/1174
f 1244/530/1161 1256/539/1178 1255/494/1179 1243/497/1162
f 1245/532/1165 1257/540/1180 1256/539/1178 1244/530/1161
f 1246/534/1181 1258/541/1182 1257/540/1180 1245/532/1165
f 1247/536/1183 1259/542/1184 1258/541/1182 1246/534/1181
f 1248/538/1185 1260/543/1186 1259/542/1184 1247/536/1183
f 1249/538/1187 1261/543/1188 1260/543/1186 1248/538/1185
f 1250/536/1189 1262/542/1190 1261/543/1188 1249/538/1187
f 1251/534/1191 1263/541/1192 1262/542/1190 1250/536/1189
f 1252/532/1173 1264/540/1193 1263/541/1192 1251/534/1191
f 1253/530/1175 1265/539/1194 1264/540/1193 1252/532/1173
f 1254/497/1177 1266/494/1195 1265/539/1194 1253/530/1175
f 1256/539/1178 1268/544/1196 1267/491/193 1255/494/1179
f 1257/540/1197 1269/545/1198 1268/544/1196 1256/539/1178
f 1258/541/1199 1270/546/1200 1269/545/1198 1257/540/1197
f 1259/542/1201 1271/547/1202 1270/546/1200 1258/541/1199
f 1260/543/1203 1272/548/1204 1271/547/1202 1259/542/1201
f 1261/543/1205 1273/548/1206 1272/548/1204 1260/543/1203
f 1262/542/1207 1274/547/1208 1273/548/1206 1261/543/1205
f 1263/541/1209 1275/546/1210 1274/547/1208 1262/542/1207
f 1264/540/1211 1276/545/1212 1275/546/1210 1263/541/1209
f 1265/539/1194 1277/544/207 1276/545/1212 1264/540/1211
f 1266/494/1195 1278/491/236 1277/544/207 1265/539/1194
f 1268/544/1196 1280/549/1213 1279/488/209 1267/491/193
f 1269/545/1198 1281/550/1214 1280/549/1213 1268/544/1196
f 1270/546/211 1282/551/211 1281/550/1214 1269/545/1198
f 1271/547/1215 1283/552/1215 1282/551/211 1270/546/211
f 1272/548/573 1284/553/573 1283/552/1215 1271/547/1215
f 1273/548/575 1285/553/575 1284/553/573 1272/548/573
f 1274/547/1216 1286/552/1216 1285/553/575 1273/548/575
f 1275/546/216 1287/551/216 1286/552/1216 1274/547/1216
f 1276/545/1212 1288/550/1217 1287/551/216 1275/546/216
f 1277/544/207 1289/549/1218 1288/550/1217 1276/545/1212
f 1278/491/236 1290/488/219 1289/549/1218 1277/544/207
f 1280/549/1213 1292/554/1219 1291/493/1220 1279/488/209
f 1281/550/1214 1293/555/1221 1292/554/1219 1280/549/1213
f 1282/551/582 1294/556/1222 1293/555/1221 1281/550/1214
f 1283/552/584 1295/557/1223 1294/556/1222 1282/551/582
f 1284/553/225 1296/558/1224 1295/557/1223 1283/552/584
f 1285/553/227 1297/558/1225 1296/558/1224 1284/553/225
f 1286/552/586 1298/557/1226 1297/558/1225 1285/553/227
f 1287/551/1227 1299/556/1228 1298/557/1226 1286/552/586
f 1288/550/1217 1300/555/1229 1299/556/1228 1287/551/1227
f 1289/549/1218 1301/554/1230 1300/555/1229 1288/550/1217
f 1290/488/219 1302/493/1231 1301/554/1230 1289/549/1218
f 1292/554/1219 1232/529/1160 1231/498/1163 1291/493/1220
f 1293/555/1232 1233/531/1164 1232/529/1160 1292/554/1219
f 1294/556/1233 1234/533/1234 1233/531/1164 1293/555/1232
f 1295/557/1235 1235/535/604 1234/533/1234 1294/556/1233
f 1296/558/1236 1236/537/605 1235/535/604 1295/557/1235
f 1297/558/1237 1237/537/606 1236/537/605 1296/558/1236
f 1298/557/1238 1238/535/608 1237/537/606 1297/558/1237
f 1299/556/1239 1239/533/1240 1238/535/608 1298/557/1238
f 1300/555/1241 1240/531/1172 1239/533/1240 1299/556/1239
f 1301/554/1230 1241/529/1174 1240/531/1172 1300/555/1241
f 1302/493/1231 1242/498/1176 1241/529/1174 1301/554/1230
f 1324/559/1 1326/560/1 1325/561/1
f 1304/562/1 1306/563/1 1305/564/1
f 1304/562/1 1307/565/1 1306/563/1
f 1324/559/1 1303/566/1 1326/560/1
f 1324/559/1 1304/562/1 1303/566/1
f 1324/559/1 1307/565/1 1304/562/1
f 1323/567/1 1327/4/1 1324/559/1
f 1327/4/1 1334/1/1 1324/559/1
f 1334/1/1 1307/565/1 1324/559/1
f 1334/1/1 1333/568/1 1307/565/1
f 1333/568/1 1332/569/1 1307/565/1
f 1332/569/1 1308/570/1 1307/565/1
f 1331/571/1 1309/572/1 1332/569/1
f 1309/572/1 1308/570/1 1332/569/1
f 1323/567/1 1322/573/1 1327/4/1
f 1322/573/1 1328/574/1 1327/4/1
f 1331/571/1 1310/575/1 1309/572/1
f 1321/576/1 1328/574/1 1322/573/1
f 1331/571/1 1311/577/1 1310/575/1
f 1320/578/1 1328/574/1 1321/576/1
f 1331/571/1 1312/579/1 1311/577/1
f 1319/580/1 1328/574/1 1320/578/1
f 1319/580/1 1329/581/1 1328/574/1
f 1330/582/1 1312/579/1 1331/571/1
f 1319/580/1 1330/582/1 1329/581/1
f 1319/580/1 1312/579/1 1330/582/1
f 1319/580/1 1315/583/1 1312/579/1
f 1315/583/1 1313/584/1 1312/579/1
f 1318/585/1 1316/586/1 1319/580/1
f 1316/586/1 1315/583/1 1319/580/1
f 1318/585/1 1317/587/1 1316/586/1
f 1314/588/1 1313/584/1 1315/583/1
f 1356/559/2 1357/561/2 1358/560/2
f 1336/562/2 1337/564/2 1338/563/2
f 1336/562/2 1338/563/2 1339/565/2
f 1356/559/2 1358/560/2 1335/566/2
f 1356/559/2 1335/566/2 1336/562/2
f 1356/559/2 1336/562/2 1339/565/2
f 1355/567/2 1356/559/2 1359/4/2
f 1359/4/2 1356/559/2 1366/1/2
f 1366/1/2 1356/559/2 1339/565/2
f 1366/1/2 1339/565/2 1365/568/2
f 1365/568/2 1339/565/2 1364/569/2
f 1364/569/2 1339/565/2 1340/570/2
f 1363/571/2 1364/569/2 1341/572/2
f 1341/572/2 1364/569/2 1340/570/2
f 1355/567/2 1359/4/2 1354/573/2
f 1354/573/2 1359/4/2 1360/574/2
f 1363/571/2 1341/572/2 1342/575/2
f 1353/576/2 1354/573/2 1360/574/2
f 1363/571/2 1342/575/2 1343/577/2
f 1352/578/2 1353/576/2 1360/574/2
f 1363/571/2 1343/577/2 1344/579/2
f 1351/580/2 1352/578/2 1360/574/2
f 1351/580/2 1360/574/2 1361/581/2
f 1362/582/2 1363/571/2 1344/579/2
f 1351/580/2 1361/581/2 1362/582/2
f 1351/580/2 1362/582/2 1344/579/2
f 1351/580/2 1344/579/2 1347/583/2
f 1347/583/2 1344/579/2 1345/584/2
f 1350/585/2 1351/580/2 1348/586/2
f 1348/586/2 1351/580/2 1347/583/2
f 1350/585/2 1348/586/2 1349/587/2
f 1346/588/2 1347/583/2 1345/584/2
f 1368/589/1242 1380/590/1243 1379/562/84 1367/566/102
f 1369/591/600 1381/592/1244 1380/590/1243 1368/589/1242
f 1370/593/617 1382/594/617 1381/592/1244 1369/591/600
f 1371/595/1245 1383/596/1245 1382/594/617 1370/593/617
f 1372/597/1246 1384/598/1246 1383/596/1245 1371/595/1245
f 1373/597/1247 1385/598/1247 1384/598/1246 1372/597/1246
f 1374/595/1248 1386/596/1248 1385/598/1247 1373/597/1247
f 1375/593/627 1387/594/627 1386/596/1248 1374/595/1248
f 1376/591/611 1388/592/1249 1387/594/627 1375/593/627
f 1377/589/1250 1389/590/1251 1388/592/1249 1376/591/611
f 1378/566/114 1390/562/100 1389/590/1251 1377/589/1250
f 1380/590/1243 1392/599/505 1391/564/84 1379/562/84
f 1381/592/1244 1393/600/1252 1392/599/505 1380/590/1243
f 1382/594/1253 1394/601/87 1393/600/1252 1381/592/1244
f 1383/596/1183 1395/602/89 1394/601/87 1382/594/1253
f 1384/598/1185 1396/603/255 1395/602/89 1383/596/1183
f 1385/598/1187 1397/603/257 1396/603/255 1384/598/1185
f 1386/596/1189 1398/602/95 1397/603/257 1385/598/1187
f 1387/594/1254 1399/601/97 1398/602/95 1386/596/1189
f 1388/592/1249 1400/600/1255 1399/601/97 1387/594/1254
f 1389/590/1251 1401/599/508 1400/600/1255 1388/592/1249
f 1390/562/100 1402/564/100 1401/599/508 1389/590/1251
f 1392/599/505 1404/604/1256 1403/563/102 1391/564/84
f 1393/600/1252 1405/605/1257 1404/604/1256 1392/599/505
f 1394/601/512 1406/606/512 1405/605/1257 1393/600/1252
f 1395/602/514 1407/607/514 1406/606/512 1394/601/512
f 1396/603/1258 1408/608/1258 1407/607/514 1395/602/514
f 1397/603/1259 1409/608/1259 1408/608/1258 1396/603/1258
f 1398/602/520 1410/607/520 1409/608/1259 1397/603/1259
f 1399/601/522 1411/606/522 1410/607/520 1398/602/520
f 1400/600/1255 1412/605/1260 1411/606/522 1399/601/522
f 1401/599/508 1413/604/1261 1412/605/1260 1400/600/1255
f 1402/564/100 1414/563/114 1413/604/1261 1401/599/508
f 1404/604/1256 1416/609/3 1415/565/6 1403/563/102
f 1405/605/1257 1417/610/1262 1416/609/3 1404/604/1256
f 1406/606/1263 1418/611/1264 1417/610/1262 1405/605/1257
f 1407/607/1265 1419/612/1266 1418/611/1264 1406/606/1263
f 1408/608/1267 1420/613/1268 1419/612/1266 1407/607/1265
f 1409/608/1269 1421/613/1270 1420/613/1268 1408/608/1267
f 1410/607/1271 1422/612/1272 1421/613/1270 1409/608/1269
f 1411/606/1273 1423/611/1274 1422/612/1272 1410/607/1271
f 1412/605/1260 1424/610/1275 1423/611/1274 1411/606/1273
f 1413/604/1261 1425/609/17 1424/610/1275 1412/605/1260
f 1414/563/114 1426/565/19 1425/609/17 1413/604/1261
f 1416/609/3 1428/614/4 1427/570/5 1415/565/6
f 1417/610/1262 1429/615/1276 1428/614/4 1416/609/3
f 1418/611/9 1430/616/9 1429/615/1276 1417/610/1262
f 1419/612/10 1431/617/10 1430/616/9 1418/611/9
f 1420/613/11 1432/618/11 1431/617/10 1419/612/10
f 1421/613/12 1433/618/12 1432/618/11 1420/613/11
f 1422/612/13 1434/617/13 1433/618/12 1421/613/12
f 1423/611/14 1435/616/14 1434/617/13 1422/612/13
f 1424/610/1275 1436/615/1277 1435/616/14 1423/611/14
f 1425/609/17 1437/614/18 1436/615/1277 1424/610/1275
f 1426/565/19 1438/570/20 1437/614/18 1425/609/17
f 1428/614/4 1440/619/141 1439/572/5 1427/570/5
f 1429/615/1276 1441/620/142 1440/619/141 1428/614/4
f 1430/616/1278 1442/621/1279 1441/620/142 1429/615/1276
f 1431/617/1280 1443/622/1281 1442/621/1279 1430/616/1278
f 1432/618/1282 1444/623/1283 1443/622/1281 1431/617/1280
f 1433/618/1284 1445/623/1285 1444/623/1283 1432/618/1282
f 1434/617/1286 1446/622/1287 1445/623/1285 1433/618/1284
f 1435/616/1288 1447/621/1289 1446/622/1287 1434/617/1286
f 1436/615/1277 1448/620/155 1447/621/1289 1435/616/1288
f 1437/614/18 1449/619/156 1448/620/155 1436/615/1277
f 1438/570/20 1450/572/20 1449/619/156 1437/614/18
f 1440/619/141 1452/624/157 1451/575/6 1439/572/5
f 1441/620/142 1453/625/158 1452/624/157 1440/619/141
f 1442/621/159 1454/626/159 1453/625/158 1441/620/142
f 1443/622/594 1455/627/594 1454/626/159 1442/621/159
f 1444/623/1290 1456/628/1290 1455/627/594 1443/622/594
f 1445/623/1291 1457/628/1291 1456/628/1290 1444/623/1290
f 1446/622/596 1458/627/596 1457/628/1291 1445/623/1291
f 1447/621/164 1459/626/164 1458/627/596 1446/622/596
f 1448/620/155 1460/625/165 1459/626/164 1447/621/164
f 1449/619/156 1461/624/166 1460/625/165 1448/620/155
f 1450/572/20 1462/575/19 1461/624/166 1449/619/156
f 1452/624/157 1464/629/3 1463/577/6 1451/575/6
f 1453/625/158 1465/630/7 1464/629/3 1452/624/157
f 1454/626/168 1466/631/116 1465/630/7 1453/625/158
f 1455/627/603 1467/632/1292 1466/631/116 1454/626/168
f 1456/628/170 1468/633/120 1467/632/1292 1455/627/603
f 1457/628/171 1469/633/122 1468/633/120 1456/628/170
f 1458/627/607 1470/632/1293 1469/633/122 1457/628/171
f 1459/626/173 1471/631/126 1470/632/1293 1458/627/607
f 1460/625/165 1472/630/15 1471/631/126 1459/626/173
f 1461/624/166 1473/629/17 1472/630/15 1460/625/165
f 1462/575/19 1474/577/19 1473/629/17 1461/624/166
f 1464/629/3 1476/634/4 1475/579/5 1463/577/6
f 1465/630/7 1477/635/8 1476/634/4 1464/629/3
f 1466/631/9 1478/636/9 1477/635/8 1465/630/7
f 1467/632/10 1479/637/10 1478/636/9 1466/631/9
f 1468/633/11 1480/638/11 1479/637/10 1467/632/10
f 1469/633/12 1481/638/12 1480/638/11 1468/633/11
f 1470/632/13 1482/637/13 1481/638/12 1469/633/12
f 1471/631/14 1483/636/14 1482/637/13 1470/632/13
f 1472/630/15 1484/635/16 1483/636/14 1471/631/14
f 1473/629/17 1485/634/18 1484/635/16 1472/630/15
f 1474/577/19 1486/579/20 1485/634/18 1473/629/17
f 1476/634/4 1488/639/21 1487/584/22 1475/579/5
f 1477/635/8 1489/640/23 1488/639/21 1476/634/4
f 1478/636/24 1490/641/1294 1489/640/23 1477/635/8
f 1479/637/26 1491/642/1295 1490/641/1294 1478/636/24
f 1480/638/28 1492/643/226 1491/642/1295 1479/637/26
f 1481/638/30 1493/643/228 1492/643/226 1480/638/28
f 1482/637/32 1494/642/1296 1493/643/228 1481/638/30
f 1483/636/34 1495/641/1297 1494/642/1296 1482/637/32
f 1484/635/16 1496/640/36 1495/641/1297 1483/636/34
f 1485/634/18 1497/639/37 1496/640/36 1484/635/16
f 1486/579/20 1498/584/38 1497/639/37 1485/634/18
f 1488/639/21 1500/644/39 1499/588/40 1487/584/22
f 1489/640/23 1501/645/183 1500/644/39 1488/639/21
f 1490/641/42 1502/646/42 1501/645/183 1489/640/23
f 1491/642/1298 1503/647/1298 1502/646/42 1490/641/42
f 1492/643/44 1504/648/44 1503/647/1298 1491/642/1298
f 1493/643/45 1505/648/45 1504/648/44 1492/643/44
f 1494/642/46 1506/647/46 1505/648/45 1493/643/45
f 1495/641/47 1507/646/47 1506/647/46 1494/642/46
f 1496/640/36 1508/645/190 1507/646/47 1495/641/47
f 1497/639/37 1509/644/49 1508/645/190 1496/640/36
f 1498/584/38 1510/588/50 1509/644/49 1497/639/37
f 1500/644/39 1512/649/1196 1511/583/40 1499/588/40
f 1501/645/183 1513/650/1299 1512/649/1196 1500/644/39
f 1502/646/54 1514/651/196 1513/650/1299 1501/645/183
f 1503/647/197 1515/652/1300 1514/651/196 1502/646/54
f 1504/648/58 1516/653/1301 1515/652/1300 1503/647/197
f 1505/648/60 1517/653/1302 1516/653/1301 1504/648/58
f 1506/647/202 1518/652/1303 1517/653/1302 1505/648/60
f 1507/646/64 1519/651/205 1518/652/1303 1506/647/202
f 1508/645/190 1520/650/1304 1519/651/205 1507/646/64
f 1509/644/49 1521/649/1305 1520/650/1304 1508/645/190
f 1510/588/50 1522/583/50 1521/649/1305 1509/644/49
f 1512/649/1196 1524/654/1213 1523/586/22 1511/583/40
f 1513/650/1299 1525/655/1306 1524/654/1213 1512/649/1196
f 1514/651/1307 1526/656/1307 1525/655/1306 1513/650/1299
f 1515/652/1215 1527/657/1215 1526/656/1307 1514/651/1307
f 1516/653/1308 1528/658/1308 1527/657/1215 1515/652/1215
f 1517/653/1309 1529/658/1309 1528/658/1308 1516/653/1308
f 1518/652/1216 1530/657/1216 1529/658/1309 1517/653/1309
f 1519/651/1310 1531/656/1310 1530/657/1216 1518/652/1216
f 1520/650/1304 1532/655/1311 1531/656/1310 1519/651/1310
f 1521/649/1305 1533/654/1218 1532/655/1311 1520/650/1304
f 1522/583/50 1534/586/38 1533/654/1218 1521/649/1305
f 1524/654/1213 1536/659/21 1535/587/22 1523/586/22
f 1525/655/1306 1537/660/1312 1536/659/21 1524/654/1213
f 1526/656/1313 1538/661/25 1537/660/1312 1525/655/1306
f 1527/657/584 1539/662/27 1538/661/25 1526/656/1313
f 1528/658/1314 1540/663/226 1539/662/27 1527/657/584
f 1529/658/1315 1541/663/228 1540/663/226 1528/658/1314
f 1530/657/586 1542/662/33 1541/663/228 1529/658/1315
f 1531/656/1227 1543/661/35 1542/662/33 1530/657/586
f 1532/655/1311 1544/660/1316 1543/661/35 1531/656/1227
f 1533/654/1218 1545/659/37 1544/660/1316 1532/655/1311
f 1534/586/38 1546/587/38 1545/659/37 1533/654/1218
f 1536/659/21 1548/664/39 1547/585/40 1535/587/22
f 1537/660/1312 1549/665/183 1548/664/39 1536/659/21
f 1538/661/42 1550/666/42 1549/665/183 1537/660/1312
f 1539/662/1298 1551/667/1298 1550/666/42 1538/661/42
f 1540/663/44 1552/668/44 1551/667/1298 1539/662/1298
f 1541/663/45 1553/668/45 1552/668/44 1540/663/44
f 1542/662/1317 1554/667/1317 1553/668/45 1541/663/45
f 1543/661/47 1555/666/47 1554/667/1317 1542/662/1317
f 1544/660/1316 1556/665/190 1555/666/47 1543/661/47
f 1545/659/37 1557/664/49 1556/665/190 1544/660/1316
f 1546/587/38 1558/585/236 1557/664/49 1545/659/37
f 1548/664/39 1560/669/51 1559/580/1318 1547/585/40
f 1549/665/183 1561/670/1319 1560/669/51 1548/664/39
f 1550/666/195 1562/671/55 1561/670/1319 1549/665/183
f 1551/667/56 1563/672/238 1562/671/55 1550/666/195
f 1552/668/58 1564/673/59 1563/672/238 1551/667/56
f 1553/668/60 1565/673/61 1564/673/59 1552/668/58
f 1554/667/62 1566/672/63 1565/673/61 1553/668/60
f 1555/666/204 1567/671/65 1566/672/63 1554/667/62
f 1556/665/190 1568/670/1320 1567/671/65 1555/666/204
f 1557/664/49 1569/669/67 1568/670/1320 1556/665/190
f 1558/585/236 1570/580/241 1569/669/67 1557/664/49
f 1560/669/51 1572/674/69 1571/578/70 1559/580/1318
f 1561/670/1319 1573/675/71 1572/674/69 1560/669/51
f 1562/671/1321 1574/676/1321 1573/675/71 1561/670/1319
f 1563/672/74 1575/677/74 1574/676/1321 1562/671/1321
f 1564/673/289 1576/678/289 1575/677/74 1563/672/74
f 1565/673/290 1577/678/290 1576/678/289 1564/673/289
f 1566/672/78 1578/677/78 1577/678/290 1565/673/290
f 1567/671/1322 1579/676/1322 1578/677/78 1566/672/78
f 1568/670/1320 1580/675/80 1579/676/1322 1567/671/1322
f 1569/669/67 1581/674/81 1580/675/80 1568/670/1320
f 1570/580/241 1582/578/1323 1581/674/81 1569/669/67
f 1572/674/69 1584/679/1324 1583/576/70 1571/578/70
f 1573/675/71 1585/680/1325 1584/679/1324 1572/674/69
f 1574/676/251 1586/681/1326 1585/680/1325 1573/675/71
f 1575/677/1327 1587/682/1328 1586/681/1326 1574/676/251
f 1576/678/91 1588/683/1329 1587/682/1328 1575/677/1327
f 1577/678/93 1589/683/1330 1588/683/1329 1576/678/91
f 1578/677/1331 1590/682/1332 1589/683/1330 1577/678/93
f 1579/676/261 1591/681/1333 1590/682/1332 1578/677/1331
f 1580/675/80 1592/680/1334 1591/681/1333 1579/676/261
f 1581/674/81 1593/679/1335 1592/680/1334 1580/675/80
f 1582/578/1323 1594/576/1323 1593/679/1335 1581/674/81
f 1584/679/1324 1596/684/266 1595/573/1318 1583/576/70
f 1585/680/1325 1597/685/1336 1596/684/266 1584/679/1324
f 1586/681/268 1598/686/268 1597/685/1336 1585/680/1325
f 1587/682/1337 1599/687/1337 1598/686/268 1586/681/268
f 1588/683/270 1600/688/270 1599/687/1337 1587/682/1337
f 1589/683/271 1601/688/271 1600/688/270 1588/683/270
f 1590/682/1338 1602/687/1338 1601/688/271 1589/683/271
f 1591/681/273 1603/686/273 1602/687/1338 1590/682/1338
f 1592/680/1334 1604/685/1339 1603/686/273 1591/681/273
f 1593/679/1335 1605/684/275 1604/685/1339 1592/680/1334
f 1594/576/1323 1606/573/241 1605/684/275 1593/679/1335
f 1596/684/266 1608/689/51 1607/567/1318 1595/573/1318
f 1597/685/1336 1609/690/1319 1608/689/51 1596/684/266
f 1598/686/276 1610/691/277 1609/690/1319 1597/685/1336
f 1599/687/1340 1611/692/279 1610/691/277 1598/686/276
f 1600/688/280 1612/693/281 1611/692/279 1599/687/1340
f 1601/688/282 1613/693/283 1612/693/281 1600/688/280
f 1602/687/1341 1614/692/1342 1613/693/283 1601/688/282
f 1603/686/1343 1615/691/1344 1614/692/1342 1602/687/1341
f 1604/685/1339 1616/690/1320 1615/691/1344 1603/686/1343
f 1605/684/275 1617/689/67 1616/690/1320 1604/685/1339
f 1606/573/241 1618/567/241 1617/689/67 1605/684/275
f 1608/689/51 1620/694/69 1619/559/249 1607/567/1318
f 1609/690/1319 1621/695/501 1620/694/69 1608/689/51
f 1610/691/72 1622/696/72 1621/695/501 1609/690/1319
f 1611/692/288 1623/697/288 1622/696/72 1610/691/72
f 1612/693/289 1624/698/289 1623/697/288 1611/692/288
f 1613/693/290 1625/698/290 1624/698/289 1612/693/289
f 1614/692/291 1626/697/291 1625/698/290 1613/693/290
f 1615/691/79 1627/696/79 1626/697/291 1614/692/291
f 1616/690/1320 1628/695/504 1627/696/79 1615/691/79
f 1617/689/67 1629/694/81 1628/695/504 1616/690/1320
f 1618/567/241 1630/559/265 1629/694/81 1617/689/67
f 1620/694/69 1632/699/1345 1631/561/1346 1619/559/249
f 1621/695/501 1633/700/1347 1632/699/1345 1620/694/69
f 1622/696/86 1634/701/87 1633/700/1347 1621/695/501
f 1623/697/1327 1635/702/297 1634/701/87 1622/696/86
f 1624/698/91 1636/703/255 1635/702/297 1623/697/1327
f 1625/698/93 1637/703/257 1636/703/255 1624/698/91
f 1626/697/1331 1638/702/299 1637/703/257 1625/698/93
f 1627/696/96 1639/701/97 1638/702/299 1626/697/1331
f 1628/695/504 1640/700/1348 1639/701/97 1627/696/96
f 1629/694/81 1641/699/1349 1640/700/1348 1628/695/504
f 1630/559/265 1642/561/1350 1641/699/1349 1629/694/81
f 1632/699/1345 1644/704/1351 1643/560/1352 1631/561/1346
f 1633/700/1347 1645/705/1353 1644/704/1351 1632/699/1345
f 1634/701/1354 1646/706/1355 1645/705/1353 1633/700/1347
f 1635/702/1356 1647/707/1357 1646/706/1355 1634/701/1354
f 1636/703/1358 1648/708/1359 1647/707/1357 1635/702/1356
f 1637/703/1360 1649/708/1361 1648/708/1359 1636/703/1358
f 1638/702/1362 1650/707/1363 1649/708/1361 1637/703/1360
f 1639/701/1364 1651/706/1365 1650/707/1363 1638/702/1362
f 1640/700/1348 1652/705/1366 1651/706/1365 1639/701/1364
f 1641/699/1349 1653/704/1367 1652/705/1366 1640/700/1348
f 1642/561/1350 1654/560/1368 1653/704/1367 1641/699/1349
f 1644/704/1351 1368/589/1242 1367/566/102 1643/560/1352
f 1645/705/1353 1369/591/600 1368/589/1242 1644/704/1351
f 1646/706/1369 1370/593/1370 1369/591/600 1645/705/1353
f 1647/707/1371 1371/595/1372 1370/593/1370 1646/706/1369
f 1648/708/1373 1372/597/1374 1371/595/1372 1647/707/1371
f 1649/708/1375 1373/597/1376 1372/597/1374 1648/708/1373
f 1650/707/1377 1374/595/1378 1373/597/1376 1649/708/1375
f 1651/706/1379 1375/593/1380 1374/595/1378 1650/707/1377
f 1652/705/1366 1376/591/611 1375/593/1380 1651/706/1379
f 1653/704/1367 1377/589/1250 1376/591/611 1652/705/1366
f 1654/560/1368 1378/566/114 1377/589/1250 1653/704/1367
f 1656/709/581 1668/710/157 1667/574/591 1655/4/5
f 1657/711/142 1669/712/1381 1668/710/157 1656/709/581
f 1658/713/159 1670/714/159 1669/712/1381 1657/711/142
f 1659/715/593 1671/716/593 1670/714/159 1658/713/159
f 1660/717/1382 1672/718/1382 1671/716/593 1659/715/593
f 1661/717/1383 1673/718/1383 1672/718/1382 1660/717/1382
f 1662/715/595 1674/716/595 1673/718/1383 1661/717/1383
f 1663/713/164 1675/714/164 1674/716/595 1662/715/595
f 1664/711/155 1676/712/1384 1675/714/164 1663/713/164
f 1665/709/590 1677/710/166 1676/712/1384 1664/711/155
f 1666/4/20 1678/574/139 1677/710/166 1665/709/590
f 1668/710/157 1680/719/1242 1679/581/599 1667/574/591
f 1669/712/1381 1681/720/600 1680/719/1242 1668/710/157
f 1670/714/1385 1682/721/1386 1681/720/600 1669/712/1381
f 1671/716/1387 1683/722/1388 1682/721/1386 1670/714/1385
f 1672/718/1389 1684/723/1390 1683/722/1388 1671/716/1387
f 1673/718/1391 1685/723/1392 1684/723/1390 1672/718/1389
f 1674/716/1393 1686/722/1394 1685/723/1392 1673/718/1391
f 1675/714/1395 1687/721/1396 1686/722/1394 1674/716/1393
f 1676/712/1384 1688/720/611 1687/721/1396 1675/714/1395
f 1677/710/166 1689/719/1250 1688/720/611 1676/712/1384
f 1678/574/139 1690/581/613 1689/719/1250 1677/710/166
f 1680/719/1242 1692/724/1397 1691/582/1162 1679/581/599
f 1681/720/600 1693/725/1398 1692/724/1397 1680/719/1242
f 1682/721/617 1694/726/617 1693/725/1398 1681/720/600
f 1683/722/1399 1695/727/1399 1694/726/617 1682/721/617
f 1684/723/1400 1696/728/1400 1695/727/1399 1683/722/1399
f 1685/723/1401 1697/728/1401 1696/728/1400 1684/723/1400
f 1686/722/1402 1698/727/1402 1697/728/1401 1685/723/1401
f 1687/721/627 1699/726/627 1698/727/1402 1686/722/1402
f 1688/720/611 1700/725/1403 1699/726/627 1687/721/627
f 1689/719/1250 1701/724/1404 1700/725/1403 1688/720/611
f 1690/581/613 1702/582/1177 1701/724/1404 1689/719/1250
f 1692/724/1397 1704/729/1324 1703/571/1405 1691/582/1162
f 1693/725/1398 1705/730/1406 1704/729/1324 1692/724/1397
f 1694/726/1407 1706/731/1408 1705/730/1406 1693/725/1398
f 1695/727/1409 1707/732/1410 1706/731/1408 1694/726/1407
f 1696/728/1411 1708/733/1412 1707/732/1410 1695/727/1409
f 1697/728/1413 1709/733/1414 1708/733/1412 1696/728/1411
f 1698/727/1415 1710/732/1416 1709/733/1414 1697/728/1413
f 1699/726/1417 1711/731/1418 1710/732/1416 1698/727/1415
f 1700/725/1403 1712/730/1419 1711/731/1418 1699/726/1417
f 1701/724/1404 1713/729/1335 1712/730/1419 1700/725/1403
f 1702/582/1177 1714/571/1323 1713/729/1335 1701/724/1404
f 1704/729/1324 1716/734/266 1715/569/52 1703/571/1405
f 1705/730/1406 1717/735/1336 1716/734/266 1704/729/1324
f 1706/731/268 1718/736/268 1717/735/1336 1705/730/1406
f 1707/732/269 1719/737/269 1718/736/268 1706/731/268
f 1708/733/1420 1720/738/1420 1719/737/269 1707/732/269
f 1709/733/1421 1721/738/1421 1720/738/1420 1708/733/1420
f 1710/732/272 1722/737/272 1721/738/1421 1709/733/1421
f 1711/731/273 1723/736/273 1722/737/272 1710/732/272
f 1712/730/1419 1724/735/1339 1723/736/273 1711/731/273
f 1713/729/1335 1725/734/275 1724/735/1339 1712/730/1419
f 1714/571/1323 1726/569/68 1725/734/275 1713/729/1335
f 1716/734/266 1728/739/1196 1727/568/193 1715/569/52
f 1717/735/1336 1729/740/1422 1728/739/1196 1716/734/266
f 1718/736/1423 1730/741/196 1729/740/1422 1717/735/1336
f 1719/737/1424 1731/742/1425 1730/741/196 1718/736/1423
f 1720/738/1426 1732/743/1301 1731/742/1425 1719/737/1424
f 1721/738/1427 1733/743/1302 1732/743/1301 1720/738/1426
f 1722/737/284 1734/742/203 1733/743/1302 1721/738/1427
f 1723/736/1428 1735/741/205 1734/742/203 1722/737/284
f 1724/735/1339 1736/740/1429 1735/741/205 1723/736/1428
f 1725/734/275 1737/739/1305 1736/740/1429 1724/735/1339
f 1726/569/68 1738/568/236 1737/739/1305 1725/734/275
f 1728/739/1196 1740/744/1213 1739/1/209 1727/568/193
f 1729/740/1422 1741/745/1430 1740/744/1213 1728/739/1196
f 1730/741/1431 1742/746/1431 1741/745/1430 1729/740/1422
f 1731/742/1432 1743/747/1432 1742/746/1431 1730/741/1431
f 1732/743/1433 1744/748/1433 1743/747/1432 1731/742/1432
f 1733/743/1434 1745/748/1434 1744/748/1433 1732/743/1433
f 1734/742/1435 1746/747/1435 1745/748/1434 1733/743/1434
f 1735/741/1436 1747/746/1436 1746/747/1435 1734/742/1435
f 1736/740/1429 1748/745/1437 1747/746/1436 1735/741/1436
f 1737/739/1305 1749/744/1218 1748/745/1437 1736/740/1429
f 1738/568/236 1750/1/219 1749/744/1218 1737/739/1305
f 1740/744/1213 1656/709/581 1655/4/5 1739/1/209
f 1741/745/1430 1657/711/142 1656/709/581 1740/744/1213
f 1742/746/222 1658/713/1438 1657/711/142 1741/745/1430
f 1743/747/1439 1659/715/1440 1658/713/1438 1742/746/222
f 1744/748/148 1660/717/225 1659/715/1440 1743/747/1439
f 1745/748/150 1661/717/227 1660/717/225 1744/748/148
f 1746/747/1441 1662/715/1442 1661/717/227 1745/748/150
f 1747/746/230 1663/713/1443 1662/715/1442 1746/747/1441
f 1748/745/1437 1664/711/155 1663/713/1443 1747/746/230
f 1749/744/1218 1665/709/590 1664/711/155 1748/745/1437
f 1750/1/219 1666/4/20 1665/709/590 1749/744/1218
f 1756/749/1 1758/750/1 1757/751/1
f 1755/752/1 1758/750/1 1756/749/1
f 1755/752/1 1762/753/1 1758/750/1
f 1762/753/1 1761/754/1 1758/750/1
f 1761/754/1 1751/755/1 1758/750/1
f 1754/756/1 1764/757/1 1755/752/1
f 1764/757/1 1763/758/1 1755/752/1
f 1763/758/1 1762/753/1 1755/752/1
f 1760/759/1 1751/755/1 1761/754/1
f 1754/756/1 1759/760/1 1764/757/1
f 1754/756/1 1800/761/1 1759/760/1
f 1800/761/1 1794/762/1 1759/760/1
f 1794/762/1 1760/759/1 1759/760/1
f 1794/762/1 1771/763/1 1760/759/1
f 1771/763/1 1770/764/1 1760/759/1
f 1770/764/1 1769/765/1 1760/759/1
f 1769/765/1 1751/755/1 1760/759/1
f 1794/762/1 1793/766/1 1771/763/1
f 1793/766/1 1792/767/1 1771/763/1
f 1792/767/1 1791/768/1 1771/763/1
f 1791/768/1 1790/769/1 1771/763/1
f 1790/769/1 1789/770/1 1771/763/1
f 1789/770/1 1788/771/1 1771/763/1
f 1788/771/1 1772/772/1 1771/763/1
f 1800/761/1 1796/773/2 1794/762/1
f 1796/773/2 1795/774/1444 1794/762/1
f 1787/775/1 1772/772/1 1788/771/1
f 1786/776/1 1772/772/1 1787/775/1
f 1785/777/1 1772/772/1 1786/776/1
f 1800/761/1 1797/778/1445 1796/773/2
f 1784/779/1 1772/772/1 1785/777/1
f 1783/780/1 1772/772/1 1784/779/1
f 1800/761/1446 1798/781/1447 1797/778/1447
f 1782/782/1 1772/772/1 1783/780/1
f 1781/783/1 1772/772/1 1782/782/1
f 1781/783/1 1765/784/1 1772/772/1
f 1800/761/1446 1799/785/1 1798/781/1447
f 1768/786/1 1751/755/1 1769/765/1
f 1754/756/1 1773/787/1 1800/761/1
f 1780/788/1 1765/784/1 1781/783/1
f 1779/789/1 1765/784/1 1780/788/1
f 1778/790/1 1765/784/1 1779/789/1
f 1777/791/1 1765/784/1 1778/790/1
f 1767/792/1 1751/755/1 1768/786/1
f 1754/756/1 1774/793/1 1773/787/1
f 1753/794/1 1774/793/1 1754/756/1
f 1767/792/1 1752/795/1 1751/755/1
f 1776/796/1 1765/784/1 1777/791/1
f 1775/797/1 1765/784/1 1776/796/1
f 1775/797/1 1766/798/1 1765/784/1
f 1775/797/1 1767/792/1 1766/798/1
f 1775/797/1 1752/795/1 1767/792/1
f 1753/794/1 1775/797/1 1774/793/1
f 1753/794/1 1752/795/1 1775/797/1
f 1806/749/2 1807/751/2 1808/750/2
f 1805/752/2 1806/749/2 1808/750/2
f 1805/752/2 1808/750/2 1812/753/2
f 1812/753/2 1808/750/2 1811/754/2
f 1811/754/2 1808/750/2 1801/755/2
f 1804/756/2 1805/752/2 1814/757/2
f 1814/757/2 1805/752/2 1813/758/2
f 1813/758/2 1805/752/2 1812/753/2
f 1810/759/2 1811/754/2 1801/755/2
f 1804/756/2 1814/757/2 1809/760/2
f 1804/756/2 1809/760/2 1850/761/2
f 1850/761/2 1809/760/2 1844/762/2
f 1844/762/2 1809/760/2 1810/759/2
f 1844/762/2 1810/759/2 1821/763/2
f 1821/763/2 1810/759/2 1820/764/2
f 1820/764/2 1810/759/2 1819/765/2
f 1819/765/2 1810/759/2 1801/755/2
f 1844/762/2 1821/763/2 1843/766/2
f 1843/766/2 1821/763/2 1842/767/2
f 1842/767/2 1821/763/2 1841/768/2
f 1841/768/2 1821/763/2 1840/769/2
f 1840/769/2 1821/763/2 1839/770/2
f 1839/770/2 1821/763/2 1838/771/2
f 1838/771/2 1821/763/2 1822/772/2
f 1850/761/2 1844/762/2 1846/773/1448
f 1846/773/1448 1844/762/2 1845/774/1449
f 1837/775/2 1838/771/2 1822/772/2
f 1836/776/2 1837/775/2 1822/772/2
f 1835/777/2 1836/776/2 1822/772/2
f 1850/761/2 1846/773/1448 1847/778/2
f 1834/779/2 1835/777/2 1822/772/2
f 1833/780/2 1834/779/2 1822/772/2
f 1850/761/1446 1847/778/1 1848/781/1
f 1832/782/2 1833/780/2 1822/772/2
f 1831/783/2 1832/782/2 1822/772/2
f 1831/783/2 1822/772/2 1815/784/2
f 1850/761/1446 1848/781/1 1849/785/2
f 1818/786/2 1819/765/2 1801/755/2
f 1804/756/2 1850/761/2 1823/787/2
f 1830/788/2 1831/783/2 1815/784/2
f 1829/789/2 1830/788/2 1815/784/2
f 1828/790/2 1829/789/2 1815/784/2
f 1827/791/2 1828/790/2 1815/784/2
f 1817/792/2 1818/786/2 1801/755/2
f 1804/756/2 1823/787/2 1824/793/2
f 1803/794/2 1804/756/2 1824/793/2
f 1817/792/2 1801/755/2 1802/795/2
f 1826/796/2 1827/791/2 1815/784/2
f 1825/797/2 1826/796/2 1815/784/2
f 1825/797/2 1815/784/2 1816/798/2
f 1825/797/2 1816/798/2 1817/792/2
f 1825/797/2 1817/792/2 1802/795/2
f 1803/794/2 1824/793/2 1825/797/2
f 1803/794/2 1825/797/2 1802/795/2
f 1852/799/1450 1864/800/1451 1863/795/1452 1851/755/1453
f 1853/801/1454 1865/802/1455 1864/800/1451 1852/799/1450
f 1854/803/1456 1866/804/1457 1865/802/1455 1853/801/1454
f 1855/805/1458 1867/806/1459 1866/804/1457 1854/803/1456
f 1856/807/1460 1868/808/1461 1867/806/1459 1855/805/1458
f 1857/807/1462 1869/808/1463 1868/808/1461 1856/807/1460
f 1858/805/1464 1870/806/1465 1869/808/1463 1857/807/1462
f 1859/803/1466 1871/804/1467 1870/806/1465 1858/805/1464
f 1860/801/1468 1872/802/1469 1871/804/1467 1859/803/1466
f 1861/799/1470 1873/800/1471 1872/802/1469 1860/801/1468
f 1862/755/1472 1874/795/1473 1873/800/1471 1861/799/1470
f 1864/800/1451 1876/809/1474 1875/794/1475 1863/795/1452
f 1865/802/1455 1877/810/1476 1876/809/1474 1864/800/1451
f 1866/804/1477 1878/811/1478 1877/810/1476 1865/802/1455
f 1867/806/1479 1879/812/1480 1878/811/1478 1866/804/1477
f 1868/808/1481 1880/813/1482 1879/812/1480 1867/806/1479
f 1869/808/1483 1881/813/1484 1880/813/1482 1868/808/1481
f 1870/806/1485 1882/812/1486 1881/813/1484 1869/808/1483
f 1871/804/1487 1883/811/1488 1882/812/1486 1870/806/1485
f 1872/802/1469 1884/810/1489 1883/811/1488 1871/804/1487
f 1873/800/1471 1885/809/1490 1884/810/1489 1872/802/1469
f 1874/795/1473 1886/794/1491 1885/809/1490 1873/800/1471
f 1876/809/1474 1888/814/1492 1887/756/1493 1875/794/1475
f 1877/810/1476 1889/815/1494 1888/814/1492 1876/809/1474
f 1878/811/1495 1890/816/1496 1889/815/1494 1877/810/1476
f 1879/812/1497 1891/817/1498 1890/816/1496 1878/811/1495
f 1880/813/1499 1892/818/1500 1891/817/1498 1879/812/1497
f 1881/813/1501 1893/818/1502 1892/818/1500 1880/813/1499
f 1882/812/1503 1894/817/1504 1893/818/1502 1881/813/1501
f 1883/811/1505 1895/816/1506 1894/817/1504 1882/812/1503
f 1884/810/1489 1896/815/1507 1895/816/1506 1883/811/1505
f 1885/809/1490 1897/814/1508 1896/815/1507 1884/810/1489
f 1886/794/1491 1898/756/1509 1897/814/1508 1885/809/1490
f 1888/814/1492 1900/819/69 1899/752/70 1887/756/1493
f 1889/815/1494 1901/820/71 1900/819/69 1888/814/1492
f 1890/816/1496 1902/821/72 1901/820/71 1889/815/1494
f 1891/817/1510 1903/822/73 1902/821/72 1890/816/1496
f 1892/818/448 1904/823/75 1903/822/73 1891/817/1510
f 1893/818/450 1905/823/76 1904/823/75 1892/818/448
f 1894/817/1511 1906/822/77 1905/823/76 1893/818/450
f 1895/816/1506 1907/821/79 1906/822/77 1894/817/1511
f 1896/815/1507 1908/820/80 1907/821/79 1895/816/1506
f 1897/814/1508 1909/819/81 1908/820/80 1896/815/1507
f 1898/756/1509 1910/752/82 1909/819/81 1897/814/1508
f 1900/819/69 1912/824/1512 1911/749/1513 1899/752/70
f 1901/820/71 1913/825/1514 1912/824/1512 1900/819/69
f 1902/821/295 1914/826/87 1913/825/1514 1901/820/71
f 1903/822/1327 1915/827/1515 1914/826/87 1902/821/295
f 1904/823/91 1916/828/255 1915/827/1515 1903/822/1327
f 1905/823/93 1917/828/257 1916/828/255 1904/823/91
f 1906/822/1331 1918/827/1516 1917/828/257 1905/823/93
f 1907/821/300 1919/826/97 1918/827/1516 1906/822/1331
f 1908/820/80 1920/825/1517 1919/826/97 1907/821/300
f 1909/819/81 1921/824/1518 1920/825/1517 1908/820/80
f 1910/752/82 1922/749/1519 1921/824/1518 1909/819/81
f 1912/824/1512 1924/829/1520 1923/751/1521 1911/749/1513
f 1913/825/1514 1925/830/1522 1924/829/1520 1912/824/1512
f 1914/826/1523 1926/831/1524 1925/830/1522 1913/825/1514
f 1915/827/1525 1927/832/1525 1926/831/1524 1914/826/1523
f 1916/828/1526 1928/833/1526 1927/832/1525 1915/827/1525
f 1917/828/1527 1929/833/1527 1928/833/1526 1916/828/1526
f 1918/827/1528 1930/832/1528 1929/833/1527 1917/828/1527
f 1919/826/1529 1931/831/1530 1930/832/1528 1918/827/1528
f 1920/825/1517 1932/830/1531 1931/831/1530 1919/826/1529
f 1921/824/1518 1933/829/1532 1932/830/1531 1920/825/1517
f 1922/749/1519 1934/751/1533 1933/829/1532 1921/824/1518
f 1924/829/1520 1936/834/1534 1935/750/6 1923/751/1521
f 1925/830/1522 1937/835/1262 1936/834/1534 1924/829/1520
f 1926/831/1263 1938/836/1535 1937/835/1262 1925/830/1522
f 1927/832/1265 1939/837/1536 1938/836/1535 1926/831/1263
f 1928/833/1537 1940/838/1538 1939/837/1536 1927/832/1265
f 1929/833/1539 1941/838/1540 1940/838/1538 1928/833/1537
f 1930/832/1271 1942/837/1541 1941/838/1540 1929/833/1539
f 1931/831/1273 1943/836/1542 1942/837/1541 1930/832/1271
f 1932/830/1531 1944/835/1275 1943/836/1542 1931/831/1273
f 1933/829/1532 1945/834/137 1944/835/1275 1932/830/1531
f 1934/751/1533 1946/750/19 1945/834/137 1933/829/1532
f 1936/834/1534 1852/799/1450 1851/755/1453 1935/750/6
f 1937/835/1262 1853/801/1454 1852/799/1450 1936/834/1534
f 1938/836/9 1854/803/1456 1853/801/1454 1937/835/1262
f 1939/837/10 1855/805/1543 1854/803/1456 1938/836/9
f 1940/838/11 1856/807/1544 1855/805/1543 1939/837/10
f 1941/838/12 1857/807/1545 1856/807/1544 1940/838/11
f 1942/837/13 1858/805/1546 1857/807/1545 1941/838/12
f 1943/836/14 1859/803/1466 1858/805/1546 1942/837/13
f 1944/835/1275 1860/801/1468 1859/803/1466 1943/836/14
f 1945/834/137 1861/799/1470 1860/801/1468 1944/835/1275
f 1946/750/19 1862/755/1472 1861/799/1470 1945/834/137
f 1948/839/1547 1960/840/1548 1959/759/941 1947/760/615
f 1949/841/1549 1961/842/1549 1960/840/1548 1948/839/1547
f 1950/843/1550 1962/844/1550 1961/842/1549 1949/841/1549
f 1951/845/1006 1963/846/1006 1962/844/1550 1950/843/1550
f 1952/847/1551 1964/848/1551 1963/846/1006 1951/845/1006
f 1953/847/1552 1965/848/1552 1964/848/1551 1952/847/1551
f 1954/845/1009 1966/846/1009 1965/848/1552 1953/847/1552
f 1955/843/1553 1967/844/1553 1966/846/1009 1954/845/1009
f 1956/841/1554 1968/842/1554 1967/844/1553 1955/843/1553
f 1957/839/1555 1969/840/1556 1968/842/1554 1956/841/1554
f 1958/760/631 1970/759/960 1969/840/1556 1957/839/1555
f 1960/840/1548 1972/849/266 1971/754/52 1959/759/941
f 1961/842/942 1973/850/1336 1972/849/266 1960/840/1548
f 1962/844/1015 1974/851/268 1973/850/1336 1961/842/942
f 1963/846/1017 1975/852/269 1974/851/268 1962/844/1015
f 1964/848/1019 1976/853/1420 1975/852/269 1963/846/1017
f 1965/848/1020 1977/853/1421 1976/853/1420 1964/848/1019
f 1966/846/1021 1978/852/272 1977/853/1421 1965/848/1020
f 1967/844/1023 1979/851/273 1978/852/272 1966/846/1021
f 1968/842/956 1980/850/1339 1979/851/273 1967/844/1023
f 1969/840/1556 1981/849/275 1980/850/1339 1968/842/956
f 1970/759/960 1982/754/68 1981/849/275 1969/840/1556
f 1972/849/266 1984/854/1557 1983/753/193 1971/754/52
f 1973/850/1336 1985/855/1558 1984/854/1557 1972/849/266
f 1974/851/1423 1986/856/1559 1985/855/1558 1973/850/1336
f 1975/852/1424 1987/857/198 1986/856/1559 1974/851/1423
f 1976/853/1560 1988/858/1426 1987/857/198 1975/852/1424
f 1977/853/1561 1989/858/1427 1988/858/1426 1976/853/1560
f 1978/852/284 1990/857/203 1989/858/1427 1977/853/1561
f 1979/851/1428 1991/856/205 1990/857/203 1978/852/284
f 1980/850/1339 1992/855/1304 1991/856/205 1979/851/1428
f 1981/849/275 1993/854/1562 1992/855/1304 1980/850/1339
f 1982/754/68 1994/753/236 1993/854/1562 1981/849/275
f 1984/854/1557 1996/859/1563 1995/758/1564 1983/753/193
f 1985/855/1558 1997/860/1565 1996/859/1563 1984/854/1557
f 1986/856/1566 1998/861/1566 1997/860/1565 1985/855/1558
f 1987/857/1567 1999/862/1567 1998/861/1566 1986/856/1566
f 1988/858/1568 2000/863/1568 1999/862/1567 1987/857/1567
f 1989/858/1569 2001/863/1569 2000/863/1568 1988/858/1568
f 1990/857/1570 2002/862/1570 2001/863/1569 1989/858/1569
f 1991/856/1571 2003/861/1571 2002/862/1570 1990/857/1570
f 1992/855/1304 2004/860/1572 2003/861/1571 1991/856/1571
f 1993/854/1562 2005/859/1573 2004/860/1572 1992/855/1304
f 1994/753/236 2006/758/1574 2005/859/1573 1993/854/1562
f 1996/859/1563 2008/864/581 2007/757/5 1995/758/1564
f 1997/860/1565 2009/865/142 2008/864/581 1996/859/1563
f 1998/861/1313 2010/866/144 2009/865/142 1997/860/1565
f 1999/862/224 2011/867/585 2010/866/144 1998/861/1313
f 2000/863/148 2012/868/225 2011/867/585 1999/862/224
f 2001/863/150 2013/868/227 2012/868/225 2000/863/148
f 2002/862/229 2014/867/587 2013/868/227 2001/863/150
f 2003/861/1227 2015/866/154 2014/867/587 2002/862/229
f 2004/860/1572 2016/865/155 2015/866/154 2003/861/1227
f 2005/859/1573 2017/864/590 2016/865/155 2004/860/1572
f 2006/758/1574 2018/757/20 2017/864/590 2005/859/1573
f 2008/864/581 1948/839/1547 1947/760/615 2007/757/5
f 2009/865/142 1949/841/995 1948/839/1547 2008/864/581
f 2010/866/592 1950/843/1575 1949/841/995 2009/865/142
f 2011/867/594 1951/845/1051 1950/843/1575 2010/866/592
f 2012/868/1382 1952/847/998 1951/845/1051 2011/867/594
f 2013/868/1383 1953/847/999 1952/847/998 2012/868/1382
f 2014/867/596 1954/845/1055 1953/847/999 2013/868/1383
f 2015/866/597 1955/843/1576 1954/845/1055 2014/867/596
f 2016/865/155 1956/841/1002 1955/843/1576 2015/866/597
f 2017/864/590 1957/839/1555 1956/841/1002 2016/865/155
f 2018/757/20 1958/760/631 1957/839/1555 2017/864/590
f 2020/869/1577 2032/870/848 2031/798/1578 2019/784/830
f 2021/871/833 2033/872/1579 2032/870/848 2020/869/1577
f 2022/873/1580 2034/874/1581 2033/872/1579 2021/871/833
f 2023/875/1582 2035/876/1583 2034/874/1581 2022/873/1580
f 2024/877/1584 2036/878/1585 2035/876/1583 2023/875/1582
f 2025/877/1586 2037/878/1587 2036/878/1585 2024/877/1584
f 2026/875/1588 2038/876/1589 2037/878/1587 2025/877/1586
f 2027/873/1590 2039/874/1591 2038/876/1589 2026/875/1588
f 2028/871/843 2040/872/1592 2039/874/1591 2027/873/1590
f 2029/869/1593 2041/870/864 2040/872/1592 2028/871/843
f 2030/784/847 2042/798/1594 2041/870/864 2029/869/1593
f 2032/870/848 2044/879/1243 2043/792/1162 2031/798/1578
f 2033/872/1579 2045/880/1244 2044/879/1243 2032/870/848
f 2034/874/1581 2046/881/617 2045/880/1244 2033/872/1579
f 2035/876/1583 2047/882/1399 2046/881/617 2034/874/1581
f 2036/878/1585 2048/883/621 2047/882/1399 2035/876/1583
f 2037/878/1587 2049/883/623 2048/883/621 2036/878/1585
f 2038/876/1589 2050/882/1402 2049/883/623 2037/878/1587
f 2039/874/1591 2051/881/627 2050/882/1402 2038/876/1589
f 2040/872/1592 2052/880/1249 2051/881/627 2039/874/1591
f 2041/870/864 2053/879/1251 2052/880/1249 2040/872/1592
f 2042/798/1594 2054/792/1177 2053/879/1251 2041/870/864
f 2044/879/1243 2056/884/1324 2055/786/70 2043/792/1162
f 2045/880/1244 2057/885/1325 2056/884/1324 2044/879/1243
f 2046/881/1595 2058/886/1596 2057/885/1325 2045/880/1244
f 2047/882/1597 2059/887/1598 2058/886/1596 2046/881/1595
f 2048/883/1329 2060/888/256 2059/887/1598 2047/882/1597
f 2049/883/1330 2061/888/258 2060/888/256 2048/883/1329
f 2050/882/1599 2062/887/1600 2061/888/258 2049/883/1330
f 2051/881/1601 2063/886/1602 2062/887/1600 2050/882/1599
f 2052/880/1249 2064/885/1334 2063/886/1602 2051/881/1601
f 2053/879/1251 2065/884/1335 2064/885/1334 2052/880/1249
f 2054/792/1177 2066/786/82 2065/884/1335 2053/879/1251
f 2056/884/1324 2068/889/1603 2067/765/1604 2055/786/70
f 2057/885/1325 2069/890/1605 2068/889/1603 2056/884/1324
f 2058/886/268 2070/891/268 2069/890/1605 2057/885/1325
f 2059/887/269 2071/892/269 2070/891/268 2058/886/268
f 2060/888/1420 2072/893/1420 2071/892/269 2059/887/269
f 2061/888/1421 2073/893/1421 2072/893/1420 2060/888/1420
f 2062/887/272 2074/892/272 2073/893/1421 2061/888/1421
f 2063/886/273 2075/891/273 2074/892/272 2062/887/272
f 2064/885/1334 2076/890/1606 2075/891/273 2063/886/273
f 2065/884/1335 2077/889/1607 2076/890/1606 2064/885/1334
f 2066/786/82 2078/765/1608 2077/889/1607 2065/884/1335
f 2068/889/1603 2080/894/1609 2079/764/1610 2067/765/1604
f 2069/890/1605 2081/895/1611 2080/894/1609 2068/889/1603
f 2070/891/1612 2082/896/1613 2081/895/1611 2069/890/1605
f 2071/892/1614 2083/897/1615 2082/896/1613 2070/891/1612
f 2072/893/1616 2084/898/1617 2083/897/1615 2071/892/1614
f 2073/893/1618 2085/898/1619 2084/898/1617 2072/893/1616
f 2074/892/1620 2086/897/1621 2085/898/1619 2073/893/1618
f 2075/891/1622 2087/896/1623 2086/897/1621 2074/892/1620
f 2076/890/1606 2088/895/1624 2087/896/1623 2075/891/1622
f 2077/889/1607 2089/894/1625 2088/895/1624 2076/890/1606
f 2078/765/1608 2090/764/1626 2089/894/1625 2077/889/1607
f 2080/894/1609 2092/899/1627 2091/763/1628 2079/764/1610
f 2081/895/1611 2093/900/1629 2092/899/1627 2080/894/1609
f 2082/896/1630 2094/901/1631 2093/900/1629 2081/895/1611
f 2083/897/1632 2095/902/1633 2094/901/1631 2082/896/1630
f 2084/898/1634 2096/903/1635 2095/902/1633 2083/897/1632
f 2085/898/1636 2097/903/1637 2096/903/1635 2084/898/1634
f 2086/897/1638 2098/902/1639 2097/903/1637 2085/898/1636
f 2087/896/1640 2099/901/1641 2098/902/1639 2086/897/1638
f 2088/895/1624 2100/900/1642 2099/901/1641 2087/896/1640
f 2089/894/1625 2101/899/1643 2100/900/1642 2088/895/1624
f 2090/764/1626 2102/763/1644 2101/899/1643 2089/894/1625
f 2092/899/1627 2104/904/1645 2103/772/1646 2091/763/1628
f 2093/900/1629 2105/905/1647 2104/904/1645 2092/899/1627
f 2094/901/1648 2106/906/1649 2105/905/1647 2093/900/1629
f 2095/902/1650 2107/907/1651 2106/906/1649 2094/901/1648
f 2096/903/1652 2108/908/1653 2107/907/1651 2095/902/1650
f 2097/903/1654 2109/908/1655 2108/908/1653 2096/903/1652
f 2098/902/1656 2110/907/1657 2109/908/1655 2097/903/1654
f 2099/901/1658 2111/906/1659 2110/907/1657 2098/902/1656
f 2100/900/1642 2112/905/1660 2111/906/1659 2099/901/1658
f 2101/899/1643 2113/904/1661 2112/905/1660 2100/900/1642
f 2102/763/1644 2114/772/1662 2113/904/1661 2101/899/1643
f 2104/904/1645 2020/869/1577 2019/784/830 2103/772/1646
f 2105/905/1647 2021/871/833 2020/869/1577 2104/904/1645
f 2106/906/1649 2022/873/1663 2021/871/833 2105/905/1647
f 2107/907/1651 2023/875/836 2022/873/1663 2106/906/1649
f 2108/908/1664 2024/877/1665 2023/875/836 2107/907/1651
f 2109/908/1666 2025/877/1667 2024/877/1665 2108/908/1664
f 2110/907/1657 2026/875/839 2025/877/1667 2109/908/1666
f 2111/906/1659 2027/873/1668 2026/875/839 2110/907/1657
f 2112/905/1660 2028/871/843 2027/873/1668 2111/906/1659
f 2113/904/1661 2029/869/1593 2028/871/843 2112/905/1660
f 2114/772/1662 2030/784/847 2029/869/1593 2113/904/1661
f 2116/909/157 2128/910/598 2127/793/102 2115/787/128
f 2117/911/1669 2129/912/600 2128/910/598 2116/909/157
f 2118/913/168 2130/914/602 2129/912/600 2117/911/1669
f 2119/915/1670 2131/916/1671 2130/914/602 2118/913/168
f 2120/917/1672 2132/918/170 2131/916/1671 2119/915/1670
f 2121/917/1673 2133/918/171 2132/918/170 2120/917/1672
f 2122/915/1674 2134/916/1675 2133/918/171 2121/917/1673
f 2123/913/173 2135/914/610 2134/916/1675 2122/915/1674
f 2124/911/1676 2136/912/611 2135/914/610 2123/913/173
f 2125/909/166 2137/910/612 2136/912/611 2124/911/1676
f 2126/787/167 2138/793/114 2137/910/612 2125/909/166
f 2128/910/598 2140/919/1677 2139/797/1162 2127/793/102
f 2129/912/600 2141/920/1678 2140/919/1677 2128/910/598
f 2130/914/1679 2142/921/1679 2141/920/1678 2129/912/600
f 2131/916/1680 2143/922/1680 2142/921/1679 2130/914/1679
f 2132/918/1681 2144/923/1681 2143/922/1680 2131/916/1680
f 2133/918/1682 2145/923/1682 2144/923/1681 2132/918/1681
f 2134/916/1683 2146/922/1683 2145/923/1682 2133/918/1682
f 2135/914/1684 2147/921/1684 2146/922/1683 2134/916/1683
f 2136/912/611 2148/920/1685 2147/921/1684 2135/914/1684
f 2137/910/612 2149/919/1686 2148/920/1685 2136/912/611
f 2138/793/114 2150/797/1177 2149/919/1686 2137/910/612
f 2140/919/1677 2152/924/1687 2151/796/1405 2139/797/1162
f 2141/920/1678 2153/925/1688 2152/924/1687 2140/919/1677
f 2142/921/1689 2154/926/1690 2153/925/1688 2141/920/1678
f 2143/922/1691 2155/927/1692 2154/926/1690 2142/921/1689
f 2144/923/1693 2156/928/1693 2155/927/1692 2143/922/1691
f 2145/923/1694 2157/928/1694 2156/928/1693 2144/923/1693
f 2146/922/1695 2158/927/1696 2157/928/1694 2145/923/1694
f 2147/921/1697 2159/926/1698 2158/927/1696 2146/922/1695
f 2148/920/1685 2160/925/1699 2159/926/1698 2147/921/1697
f 2149/919/1686 2161/924/1700 2160/925/1699 2148/920/1685
f 2150/797/1177 2162/796/265 2161/924/1700 2149/919/1686
f 2152/924/1687 2164/929/1701 2163/791/1702 2151/796/1405
f 2153/925/1688 2165/930/1703 2164/929/1701 2152/924/1687
f 2154/926/1704 2166/931/1705 2165/930/1703 2153/925/1688
f 2155/927/269 2167/932/1706 2166/931/1705 2154/926/1704
f 2156/928/1420 2168/933/1707 2167/932/1706 2155/927/269
f 2157/928/1421 2169/933/1708 2168/933/1707 2156/928/1420
f 2158/927/272 2170/932/1709 2169/933/1708 2157/928/1421
f 2159/926/1710 2171/931/1711 2170/932/1709 2158/927/272
f 2160/925/1699 2172/930/1712 2171/931/1711 2159/926/1710
f 2161/924/1700 2173/929/1713 2172/930/1712 2160/925/1699
f 2162/796/265 2174/791/1714 2173/929/1713 2161/924/1700
f 2164/929/1701 2176/934/1701 2175/790/1702 2163/791/1702
f 2165/930/1703 2177/935/1703 2176/934/1701 2164/929/1701
f 2166/931/1705 2178/936/1705 2177/935/1703 2165/930/1703
f 2167/932/1706 2179/937/1706 2178/936/1705 2166/931/1705
f 2168/933/1707 2180/938/1707 2179/937/1706 2167/932/1706
f 2169/933/1708 2181/938/1708 2180/938/1707 2168/933/1707
f 2170/932/1709 2182/937/1709 2181/938/1708 2169/933/1708
f 2171/931/1711 2183/936/1711 2182/937/1709 2170/932/1709
f 2172/930/1712 2184/935/1712 2183/936/1711 2171/931/1711
f 2173/929/1713 2185/934/1713 2184/935/1712 2172/930/1712
f 2174/791/1714 2186/790/1714 2185/934/1713 2173/929/1713
f 2176/934/1701 2188/939/1701 2187/789/1702 2175/790/1702
f 2177/935/1703 2189/940/1703 2188/939/1701 2176/934/1701
f 2178/936/1705 2190/941/1705 2189/940/1703 2177/935/1703
f 2179/937/1706 2191/942/1706 2190/941/1705 2178/936/1705
f 2180/938/1707 2192/943/1707 2191/942/1706 2179/937/1706
f 2181/938/1708 2193/943/1708 2192/943/1707 2180/938/1707
f 2182/937/1709 2194/942/1709 2193/943/1708 2181/938/1708
f 2183/936/1711 2195/941/1711 2194/942/1709 2182/937/1709
f 2184/935/1712 2196/940/1712 2195/941/1711 2183/936/1711
f 2185/934/1713 2197/939/1713 2196/940/1712 2184/935/1712
f 2186/790/1714 2198/789/1714 2197/939/1713 2185/934/1713
f 2188/939/1701 2200/944/1701 2199/788/1702 2187/789/1702
f 2189/940/1703 2201/945/1703 2200/944/1701 2188/939/1701
f 2190/941/1705 2202/946/1705 2201/945/1703 2189/940/1703
f 2191/942/1706 2203/947/1706 2202/946/1705 2190/941/1705
f 2192/943/1707 2204/948/1707 2203/947/1706 2191/942/1706
f 2193/943/1708 2205/948/1708 2204/948/1707 2192/943/1707
f 2194/942/1709 2206/947/1709 2205/948/1708 2193/943/1708
f 2195/941/1711 2207/946/1711 2206/947/1709 2194/942/1709
f 2196/940/1712 2208/945/1712 2207/946/1711 2195/941/1711
f 2197/939/1713 2209/944/1713 2208/945/1712 2196/940/1712
f 2198/789/1714 2210/788/1714 2209/944/1713 2197/939/1713
f 2200/944/1701 2212/949/1715 2211/783/1702 2199/788/1702
f 2201/945/1703 2213/950/1703 2212/949/1715 2200/944/1701
f 2202/946/1705 2214/951/1705 2213/950/1703 2201/945/1703
f 2203/947/1706 2215/952/1706 2214/951/1705 2202/946/1705
f 2204/948/1707 2216/953/1707 2215/952/1706 2203/947/1706
f 2205/948/1708 2217/953/1708 2216/953/1707 2204/948/1707
f 2206/947/1709 2218/952/1709 2217/953/1708 2205/948/1708
f 2207/946/1711 2219/951/1711 2218/952/1709 2206/947/1709
f 2208/945/1712 2220/950/1712 2219/951/1711 2207/946/1711
f 2209/944/1713 2221/949/1713 2220/950/1712 2208/945/1712
f 2210/788/1714 2222/783/1714 2221/949/1713 2209/944/1713
f 2212/949/1715 2224/954/1716 2223/782/1717 2211/783/1702
f 2213/950/1703 2225/955/1718 2224/954/1716 2212/949/1715
f 2214/951/1705 2226/956/1719 2225/955/1718 2213/950/1703
f 2215/952/1706 2227/957/1720 2226/956/1719 2214/951/1705
f 2216/953/1707 2228/958/895 2227/957/1720 2215/952/1706
f 2217/953/1708 2229/958/896 2228/958/895 2216/953/1707
f 2218/952/1709 2230/957/1721 2229/958/896 2217/953/1708
f 2219/951/1711 2231/956/1722 2230/957/1721 2218/952/1709
f 2220/950/1712 2232/955/1723 2231/956/1722 2219/951/1711
f 2221/949/1713 2233/954/1724 2232/955/1723 2220/950/1712
f 2222/783/1714 2234/782/1725 2233/954/1724 2221/949/1713
f 2224/954/1716 2236/959/1726 2235/780/1727 2223/782/1717
f 2225/955/1718 2237/960/1728 2236/959/1726 2224/954/1716
f 2226/956/1729 2238/961/1730 2237/960/1728 2225/955/1718
f 2227/957/1731 2239/962/1732 2238/961/1730 2226/956/1729
f 2228/958/1733 2240/963/1734 2239/962/1732 2227/957/1731
f 2229/958/1735 2241/963/1736 2240/963/1734 2228/958/1733
f 2230/957/1737 2242/962/1738 2241/963/1736 2229/958/1735
f 2231/956/1739 2243/961/1740 2242/962/1738 2230/957/1737
f 2232/955/1723 2244/960/1741 2243/961/1740 2231/956/1739
f 2233/954/1724 2245/959/1742 2244/960/1741 2232/955/1723
f 2234/782/1725 2246/780/1743 2245/959/1742 2233/954/1724
f 2236/959/1726 2248/964/1744 2247/779/1745 2235/780/1727
f 2237/960/1728 2249/965/1746 2248/964/1744 2236/959/1726
f 2238/961/1730 2250/966/1747 2249/965/1746 2237/960/1728
f 2239/962/1732 2251/967/1748 2250/966/1747 2238/961/1730
f 2240/963/1734 2252/968/1749 2251/967/1748 2239/962/1732
f 2241/963/1736 2253/968/1750 2252/968/1749 2240/963/1734
f 2242/962/1738 2254/967/1751 2253/968/1750 2241/963/1736
f 2243/961/1740 2255/966/1752 2254/967/1751 2242/962/1738
f 2244/960/1741 2256/965/1753 2255/966/1752 2243/961/1740
f 2245/959/1742 2257/964/1754 2256/965/1753 2244/960/1741
f 2246/780/1743 2258/779/1755 2257/964/1754 2245/959/1742
f 2248/964/1744 2260/969/1756 2259/777/1757 2247/779/1745
f 2249/965/1746 2261/970/1758 2260/969/1756 2248/964/1744
f 2250/966/1747 2262/971/1759 2261/970/1758 2249/965/1746
f 2251/967/1748 2263/972/1760 2262/971/1759 2250/966/1747
f 2252/968/1749 2264/973/1761 2263/972/1760 2251/967/1748
f 2253/968/1750 2265/973/1762 2264/973/1761 2252/968/1749
f 2254/967/1751 2266/972/1763 2265/973/1762 2253/968/1750
f 2255/966/1752 2267/971/1764 2266/972/1763 2254/967/1751
f 2256/965/1753 2268/970/1765 2267/971/1764 2255/966/1752
f 2257/964/1754 2269/969/1766 2268/970/1765 2256/965/1753
f 2258/779/1755 2270/777/1767 2269/969/1766 2257/964/1754
f 2260/969/1756 2272/974/1768 2271/776/1769 2259/777/1757
f 2261/970/1758 2273/975/1770 2272/974/1768 2260/969/1756
f 2262/971/1759 2274/976/1771 2273/975/1770 2261/970/1758
f 2263/972/1760 2275/977/1772 2274/976/1771 2262/971/1759
f 2264/973/1761 2276/978/1773 2275/977/1772 2263/972/1760
f 2265/973/1762 2277/978/1774 2276/978/1773 2264/973/1761
f 2266/972/1763 2278/977/1775 2277/978/1774 2265/973/1762
f 2267/971/1764 2279/976/1776 2278/977/1775 2266/972/1763
f 2268/970/1765 2280/975/1777 2279/976/1776 2267/971/1764
f 2269/969/1766 2281/974/1778 2280/975/1777 2268/970/1765
f 2270/777/1767 2282/776/1779 2281/974/1778 2269/969/1766
f 2272/974/1768 2284/979/1780 2283/775/1781 2271/776/1769
f 2273/975/1770 2285/980/1782 2284/979/1780 2272/974/1768
f 2274/976/1771 2286/981/1783 2285/980/1782 2273/975/1770
f 2275/977/1772 2287/982/1784 2286/981/1783 2274/976/1771
f 2276/978/1773 2288/983/1785 2287/982/1784 2275/977/1772
f 2277/978/1774 2289/983/1786 2288/983/1785 2276/978/1773
f 2278/977/1775 2290/982/1787 2289/983/1786 2277/978/1774
f 2279/976/1776 2291/981/1788 2290/982/1787 2278/977/1775
f 2280/975/1777 2292/980/1789 2291/981/1788 2279/976/1776
f 2281/974/1778 2293/979/1790 2292/980/1789 2280/975/1777
f 2282/776/1779 2294/775/1791 2293/979/1790 2281/974/1778
f 2284/979/1780 2296/984/1792 2295/771/1793 2283/775/1781
f 2285/980/1782 2297/985/1794 2296/984/1792 2284/979/1780
f 2286/981/1783 2298/986/1795 2297/985/1794 2285/980/1782
f 2287/982/1784 2299/987/1796 2298/986/1795 2286/981/1783
f 2288/983/1785 2300/988/1797 2299/987/1796 2287/982/1784
f 2289/983/1786 2301/988/1798 2300/988/1797 2288/983/1785
f 2290/982/1787 2302/987/1799 2301/988/1798 2289/983/1786
f 2291/981/1788 2303/986/1800 2302/987/1799 2290/982/1787
f 2292/980/1789 2304/985/1801 2303/986/1800 2291/981/1788
f 2293/979/1790 2305/984/1802 2304/985/1801 2292/980/1789
f 2294/775/1791 2306/771/1803 2305/984/1802 2293/979/1790
f 2296/984/1792 2308/989/1804 2307/770/1805 2295/771/1793
f 2297/985/1794 2309/990/1806 2308/989/1804 2296/984/1792
f 2298/986/1795 2310/991/1807 2309/990/1806 2297/985/1794
f 2299/987/1796 2311/992/1808 2310/991/1807 2298/986/1795
f 2300/988/1809 2312/993/1810 2311/992/1808 2299/987/1796
f 2301/988/1811 2313/993/1812 2312/993/1810 2300/988/1809
f 2302/987/1799 2314/992/1813 2313/993/1812 2301/988/1811
f 2303/986/1800 2315/991/1814 2314/992/1813 2302/987/1799
f 2304/985/1801 2316/990/1815 2315/991/1814 2303/986/1800
f 2305/984/1802 2317/989/1816 2316/990/1815 2304/985/1801
f 2306/771/1803 2318/770/1817 2317/989/1816 2305/984/1802
f 2308/989/1804 2320/994/1818 2319/769/1819 2307/770/1805
f 2309/990/1806 2321/995/1820 2320/994/1818 2308/989/1804
f 2310/991/1807 2322/996/1821 2321/995/1820 2309/990/1806
f 2311/992/1808 2323/997/1822 2322/996/1821 2310/991/1807
f 2312/993/1810 2324/998/1823 2323/997/1822 2311/992/1808
f 2313/993/1812 2325/998/1824 2324/998/1823 2312/993/1810
f 2314/992/1813 2326/997/1825 2325/998/1824 2313/993/1812
f 2315/991/1814 2327/996/1826 2326/997/1825 2314/992/1813
f 2316/990/1815 2328/995/1827 2327/996/1826 2315/991/1814
f 2317/989/1816 2329/994/1828 2328/995/1827 2316/990/1815
f 2318/770/1817 2330/769/1829 2329/994/1828 2317/989/1816
f 2320/994/1818 2332/999/1830 2331/768/1831 2319/769/1819
f 2321/995/1820 2333/1000/1832 2332/999/1830 2320/994/1818
f 2322/996/1821 2334/1001/1833 2333/1000/1832 2321/995/1820
f 2323/997/1822 2335/1002/1834 2334/1001/1833 2322/996/1821
f 2324/998/1823 2336/1003/1835 2335/1002/1834 2323/997/1822
f 2325/998/1824 2337/1003/1836 2336/1003/1835 2324/998/1823
f 2326/997/1825 2338/1002/1837 2337/1003/1836 2325/998/1824
f 2327/996/1826 2339/1001/1838 2338/1002/1837 2326/997/1825
f 2328/995/1827 2340/1000/1839 2339/1001/1838 2327/996/1826
f 2329/994/1828 2341/999/1840 2340/1000/1839 2328/995/1827
f 2330/769/1829 2342/768/1841 2341/999/1840 2329/994/1828
f 2332/999/1830 2344/1004/1842 2343/767/1843 2331/768/1831
f 2333/1000/1832 2345/1005/1844 2344/1004/1842 2332/999/1830
f 2334/1001/1833 2346/1006/1845 2345/1005/1844 2333/1000/1832
f 2335/1002/1834 2347/1007/1846 2346/1006/1845 2334/1001/1833
f 2336/1003/1835 2348/1008/1847 2347/1007/1846 2335/1002/1834
f 2337/1003/1836 2349/1008/1848 2348/1008/1847 2336/1003/1835
f 2338/1002/1837 2350/1007/1849 2349/1008/1848 2337/1003/1836
f 2339/1001/1838 2351/1006/1850 2350/1007/1849 2338/1002/1837
f 2340/1000/1839 2352/1005/1851 2351/1006/1850 2339/1001/1838
f 2341/999/1840 2353/1004/1852 2352/1005/1851 2340/1000/1839
f 2342/768/1841 2354/767/1853 2353/1004/1852 2341/999/1840
f 2344/1004/1842 2356/1009/1854 2355/766/1843 2343/767/1843
f 2345/1005/1844 2357/1010/1855 2356/1009/1854 2344/1004/1842
f 2346/1006/1845 2358/1011/1856 2357/1010/1855 2345/1005/1844
f 2347/1007/1846 2359/1012/1857 2358/1011/1856 2346/1006/1845
f 2348/1008/1847 2360/1013/1858 2359/1012/1857 2347/1007/1846
f 2349/1008/1848 2361/1013/1859 2360/1013/1858 2348/1008/1847
f 2350/1007/1849 2362/1012/1860 2361/1013/1859 2349/1008/1848
f 2351/1006/1850 2363/1011/1861 2362/1012/1860 2350/1007/1849
f 2352/1005/1851 2364/1010/1862 2363/1011/1861 2351/1006/1850
f 2353/1004/1852 2365/1009/1863 2364/1010/1862 2352/1005/1851
f 2354/767/1853 2366/766/1853 2365/1009/1863 2353/1004/1852
f 2356/1009/1854 2368/1014/1864 2367/762/1564 2355/766/1843
f 2357/1010/1855 2369/1015/1865 2368/1014/1864 2356/1009/1854
f 2358/1011/1856 2370/1016/1866 2369/1015/1865 2357/1010/1855
f 2359/1012/1857 2371/1017/1867 2370/1016/1866 2358/1011/1856
f 2360/1013/1858 2372/1018/1868 2371/1017/1867 2359/1012/1857
f 2361/1013/1859 2373/1018/1869 2372/1018/1868 2360/1013/1858
f 2362/1012/1860 2374/1017/1870 2373/1018/1869 2361/1013/1859
f 2363/1011/1861 2375/1016/1871 2374/1017/1870 2362/1012/1860
f 2364/1010/1862 2376/1015/1872 2375/1016/1871 2363/1011/1861
f 2365/1009/1863 2377/1014/1873 2376/1015/1872 2364/1010/1862
f 2366/766/1853 2378/762/1574 2377/1014/1873 2365/1009/1863
f 2368/1014/1864 2380/1019/1874 2379/774/1875 2367/762/1564
f 2369/1015/1865 2381/1020/1876 2380/1019/1874 2368/1014/1864
f 2370/1016/1313 2382/1021/1877 2381/1020/1876 2369/1015/1865
f 2371/1017/584 2383/1022/1878 2382/1021/1877 2370/1016/1313
f 2372/1018/225 2384/1023/1879 2383/1022/1878 2371/1017/584
f 2373/1018/227 2385/1023/1880 2384/1023/1879 2372/1018/225
f 2374/1017/586 2386/1022/1881 2385/1023/1880 2373/1018/227
f 2375/1016/1227 2387/1021/1882 2386/1022/1881 2374/1017/586
f 2376/1015/1872 2388/1020/1883 2387/1021/1882 2375/1016/1227
f 2377/1014/1873 2389/1019/1884 2388/1020/1883 2376/1015/1872
f 2378/762/1574 2390/774/1885 2389/1019/1884 2377/1014/1873
f 2380/1019/1874 2392/1024/1874 2391/773/1886 2379/774/1875
f 2381/1020/1876 2393/1025/1887 2392/1024/1874 2380/1019/1874
f 2382/1021/1877 2394/1026/1888 2393/1025/1887 2381/1020/1876
f 2383/1022/1878 2395/1027/1889 2394/1026/1888 2382/1021/1877
f 2384/1023/1879 2396/1028/1890 2395/1027/1889 2383/1022/1878
f 2385/1023/1880 2397/1028/1891 2396/1028/1890 2384/1023/1879
f 2386/1022/1881 2398/1027/1892 2397/1028/1891 2385/1023/1880
f 2387/1021/1882 2399/1026/1882 2398/1027/1892 2386/1022/1881
f 2388/1020/1883 2400/1025/1893 2399/1026/1882 2387/1021/1882
f 2389/1019/1884 2401/1024/1894 2400/1025/1893 2388/1020/1883
f 2390/774/1885 2402/773/1895 2401/1024/1894 2389/1019/1884
f 2392/1024/1874 2404/1029/1874 2403/778/1886 2391/773/1886
f 2393/1025/1887 2405/1030/1896 2404/1029/1874 2392/1024/1874
f 2394/1026/1888 2406/1031/1888 2405/1030/1896 2393/1025/1887
f 2395/1027/1889 2407/1032/1897 2406/1031/1888 2394/1026/1888
f 2396/1028/1890 2408/1033/1890 2407/1032/1897 2395/1027/1889
f 2397/1028/1891 2409/1033/1891 2408/1033/1890 2396/1028/1890
f 2398/1027/1892 2410/1032/1898 2409/1033/1891 2397/1028/1891
f 2399/1026/1882 2411/1031/1882 2410/1032/1898 2398/1027/1892
f 2400/1025/1893 2412/1030/1899 2411/1031/1882 2399/1026/1882
f 2401/1024/1894 2413/1029/1894 2412/1030/1899 2400/1025/1893
f 2402/773/1895 2414/778/1895 2413/1029/1894 2401/1024/1894
f 2404/1029/1874 2416/1034/1874 2415/781/1875 2403/778/1886
f 2405/1030/1896 2417/1035/1876 2416/1034/1874 2404/1029/1874
f 2406/1031/1888 2418/1036/1888 2417/1035/1876 2405/1030/1896
f 2407/1032/1897 2419/1037/1878 2418/1036/1888 2406/1031/1888
f 2408/1033/1890 2420/1038/1879 2419/1037/1878 2407/1032/1897
f 2409/1033/1891 2421/1038/1880 2420/1038/1879 2408/1033/1890
f 2410/1032/1898 2422/1037/1881 2421/1038/1880 2409/1033/1891
f 2411/1031/1882 2423/1036/1882 2422/1037/1881 2410/1032/1898
f 2412/1030/1899 2424/1035/1883 2423/1036/1882 2411/1031/1882
f 2413/1029/1894 2425/1034/1884 2424/1035/1883 2412/1030/1899
f 2414/778/1895 2426/781/1895 2425/1034/1884 2413/1029/1894
f 2416/1034/1874 2428/1039/1874 2427/785/1875 2415/781/1875
f 2417/1035/1876 2429/1040/1900 2428/1039/1874 2416/1034/1874
f 2418/1036/1888 2430/1041/1888 2429/1040/1900 2417/1035/1876
f 2419/1037/1878 2431/1042/1889 2430/1041/1888 2418/1036/1888
f 2420/1038/1879 2432/1043/1890 2431/1042/1889 2419/1037/1878
f 2421/1038/1880 2433/1043/1891 2432/1043/1890 2420/1038/1879
f 2422/1037/1881 2434/1042/1892 2433/1043/1891 2421/1038/1880
f 2423/1036/1882 2435/1041/1882 2434/1042/1892 2422/1037/1881
f 2424/1035/1883 2436/1040/1901 2435/1041/1882 2423/1036/1882
f 2425/1034/1884 2437/1039/1894 2436/1040/1901 2424/1035/1883
f 2426/781/1895 2438/785/1885 2437/1039/1894 2425/1034/1884
f 2428/1039/1874 2440/1044/141 2439/761/5 2427/785/1875
f 2429/1040/1900 2441/1045/142 2440/1044/141 2428/1039/1874
f 2430/1041/1888 2442/1046/144 2441/1045/142 2429/1040/1900
f 2431/1042/1889 2443/1047/146 2442/1046/144 2430/1041/1888
f 2432/1043/1890 2444/1048/1902 2443/1047/146 2431/1042/1889
f 2433/1043/1891 2445/1048/1903 2444/1048/1902 2432/1043/1890
f 2434/1042/1892 2446/1047/152 2445/1048/1903 2433/1043/1891
f 2435/1041/1882 2447/1046/154 2446/1047/152 2434/1042/1892
f 2436/1040/1901 2448/1045/155 2447/1046/154 2435/1041/1882
f 2437/1039/1894 2449/1044/156 2448/1045/155 2436/1040/1901
f 2438/785/1885 2450/761/20 2449/1044/156 2437/1039/1894
f 2440/1044/141 2116/909/157 2115/787/128 2439/761/5
f 2441/1045/142 2117/911/1669 2116/909/157 2440/1044/141
f 2442/1046/592 2118/913/592 2117/911/1669 2441/1045/142
f 2443/1047/594 2119/915/594 2118/913/592 2442/1046/592
f 2444/1048/161 2120/917/161 2119/915/594 2443/1047/594
f 2445/1048/162 2121/917/162 2120/917/161 2444/1048/161
f 2446/1047/596 2122/915/596 2121/917/162 2445/1048/162
f 2447/1046/597 2123/913/597 2122/915/596 2446/1047/596
f 2448/1045/155 2124/911/1676 2123/913/597 2447/1046/597
f 2449/1044/156 2125/909/166 2124/911/1676 2448/1045/155
f 2450/761/20 2126/787/167 2125/909/166 2449/1044/156
f 2451/1049/1 2453/1050/1 2452/1051/1
f 2451/1049/1 2454/1052/1 2453/1050/1
f 2456/1053/1 2454/1052/1 2451/1049/1
f 2456/1053/1 2455/1054/1 2454/1052/1
f 2457/1049/2 2458/1051/2 2459/1050/2
f 2457/1049/2 2459/1050/2 2460/1052/2
f 2462/1053/2 2457/1049/2 2460/1052/2
f 2462/1053/2 2460/1052/2 2461/1054/2
f 2464/1055/1904 2476/1056/1905 2475/1051/1906 2463/1049/1907
f 2465/1057/1908 2477/1058/1909 2476/1056/1905 2464/1055/1904
f 2466/1059/1910 2478/1060/1911 2477/1058/1909 2465/1057/1908
f 2467/1061/1912 2479/1062/1913 2478/1060/1911 2466/1059/1910
f 2468/1063/1914 2480/1064/1914 2479/1062/1913 2467/1061/1912
f 2469/1063/1915 2481/1064/1915 2480/1064/1914 2468/1063/1914
f 2470/1061/1916 2482/1062/1917 2481/1064/1915 2469/1063/1915
f 2471/1059/1918 2483/1060/1919 2482/1062/1917 2470/1061/1916
f 2472/1057/1920 2484/1058/1921 2483/1060/1919 2471/1059/1918
f 2473/1055/1922 2485/1056/1923 2484/1058/1921 2472/1057/1920
f 2474/1049/1924 2486/1051/1925 2485/1056/1923 2473/1055/1922
f 2476/1056/1905 2488/1065/614 2487/1050/615 2475/1051/1906
f 2477/1058/1909 2489/1066/1926 2488/1065/614 2476/1056/1905
f 2478/1060/1927 2490/1067/1928 2489/1066/1926 2477/1058/1909
f 2479/1062/1929 2491/1068/1930 2490/1067/1928 2478/1060/1927
f 2480/1064/1931 2492/1069/1932 2491/1068/1930 2479/1062/1929
f 2481/1064/1933 2493/1069/1934 2492/1069/1932 2480/1064/1931
f 2482/1062/1935 2494/1068/1936 2493/1069/1934 2481/1064/1933
f 2483/1060/1937 2495/1067/1938 2494/1068/1936 2482/1062/1935
f 2484/1058/1921 2496/1066/1939 2495/1067/1938 2483/1060/1937
f 2485/1056/1923 2497/1065/630 2496/1066/1939 2484/1058/1921
f 2486/1051/1925 2498/1050/631 2497/1065/630 2485/1056/1923
f 2488/1065/614 2500/1070/1940 2499/1052/127 2487/1050/615
f 2489/1066/1941 2501/1071/130 2500/1070/1940 2488/1065/614
f 2490/1067/636 2502/1072/9 2501/1071/130 2489/1066/1941
f 2491/1068/1942 2503/1073/131 2502/1072/9 2490/1067/636
f 2492/1069/1943 2504/1074/132 2503/1073/131 2491/1068/1942
f 2493/1069/1944 2505/1074/133 2504/1074/132 2492/1069/1943
f 2494/1068/1945 2506/1073/134 2505/1074/133 2493/1069/1944
f 2495/1067/646 2507/1072/14 2506/1073/134 2494/1068/1945
f 2496/1066/1946 2508/1071/136 2507/1072/14 2495/1067/646
f 2497/1065/630 2509/1070/138 2508/1071/136 2496/1066/1946
f 2498/1050/631 2510/1052/140 2509/1070/138 2497/1065/630
f 2500/1070/1940 2512/1075/1947 2511/1054/1948 2499/1052/127
f 2501/1071/130 2513/1076/1949 2512/1075/1947 2500/1070/1940
f 2502/1072/143 2514/1077/1950 2513/1076/1949 2501/1071/130
f 2503/1073/1951 2515/1078/1952 2514/1077/1950 2502/1072/143
f 2504/1074/707 2516/1079/226 2515/1078/1952 2503/1073/1951
f 2505/1074/708 2517/1079/228 2516/1079/226 2504/1074/707
f 2506/1073/1953 2518/1078/1954 2517/1079/228 2505/1074/708
f 2507/1072/153 2519/1077/1955 2518/1078/1954 2506/1073/1953
f 2508/1071/136 2520/1076/1956 2519/1077/1955 2507/1072/153
f 2509/1070/138 2521/1075/1957 2520/1076/1956 2508/1071/136
f 2510/1052/140 2522/1054/1958 2521/1075/1957 2509/1070/138
f 2512/1075/1947 2524/1080/1959 2523/1053/1960 2511/1054/1948
f 2513/1076/1949 2525/1081/1961 2524/1080/1959 2512/1075/1947
f 2514/1077/1950 2526/1082/1962 2525/1081/1961 2513/1076/1949
f 2515/1078/1963 2527/1083/1964 2526/1082/1962 2514/1077/1950
f 2516/1079/1965 2528/1084/1966 2527/1083/1964 2515/1078/1963
f 2517/1079/1967 2529/1084/1968 2528/1084/1966 2516/1079/1965
f 2518/1078/1969 2530/1083/1970 2529/1084/1968 2517/1079/1967
f 2519/1077/1955 2531/1082/1971 2530/1083/1970 2518/1078/1969
f 2520/1076/1956 2532/1081/1972 2531/1082/1971 2519/1077/1955
f 2521/1075/1957 2533/1080/1973 2532/1081/1972 2520/1076/1956
f 2522/1054/1958 2534/1053/1974 2533/1080/1973 2521/1075/1957
f 2524/1080/1959 2464/1055/1904 2463/1049/1907 2523/1053/1960
f 2525/1081/1975 2465/1057/1908 2464/1055/1904 2524/1080/1959
f 2526/1082/1976 2466/1059/386 2465/1057/1908 2525/1081/1975
f 2527/1083/1977 2467/1061/1978 2466/1059/386 2526/1082/1976
f 2528/1084/1979 2468/1063/448 2467/1061/1978 2527/1083/1977
f 2529/1084/1980 2469/1063/450 2468/1063/448 2528/1084/1979
f 2530/1083/1981 2470/1061/1982 2469/1063/450 2529/1084/1980
f 2531/1082/1983 2471/1059/394 2470/1061/1982 2530/1083/1981
f 2532/1081/1984 2472/1057/1920 2471/1059/394 2531/1082/1983
f 2533/1080/1973 2473/1055/1922 2472/1057/1920 2532/1081/1984
f 2534/1053/1974 2474/1049/1924 2473/1055/1922 2533/1080/1973
f 2537/1085/1 2539/1086/1 2538/1087/1
f 2537/1085/1 2540/1088/1 2539/1086/1
f 2537/1085/1 2535/1089/1 2540/1088/1
f 2536/1090/1 2535/1089/1 2537/1085/1
f 2543/1085/2 2544/1087/2 2545/1086/2
f 2543/1085/2 2545/1086/2 2546/1088/2
f 2543/1085/2 2546/1088/2 2541/1089/2
f 2542/1090/2 2543/1085/2 2541/1089/2
f 2548/1091/1985 2560/1092/1986 2559/1090/1987 2547/1089/1988
f 2549/1093/1989 2561/1094/1990 2560/1092/1986 2548/1091/1985
f 2550/1095/1991 2562/1096/1992 2561/1094/1990 2549/1093/1989
f 2551/1097/1993 2563/1098/1994 2562/1096/1992 2550/1095/1991
f 2552/1099/1995 2564/1100/1996 2563/1098/1994 2551/1097/1993
f 2553/1099/1997 2565/1100/1998 2564/1100/1996 2552/1099/1995
f 2554/1097/1999 2566/1098/2000 2565/1100/1998 2553/1099/1997
f 2555/1095/2001 2567/1096/2002 2566/1098/2000 2554/1097/1999
f 2556/1093/2003 2568/1094/2004 2567/1096/2002 2555/1095/2001
f 2557/1091/2005 2569/1092/2006 2568/1094/2004 2556/1093/2003
f 2558/1089/2007 2570/1090/2008 2569/1092/2006 2557/1091/2005
f 2560/1092/1986 2572/1101/51 2571/1085/237 2559/1090/1987
f 2561/1094/1990 2573/1102/1319 2572/1101/51 2560/1092/1986
f 2562/1096/1992 2574/1103/2009 2573/1102/1319 2561/1094/1990
f 2563/1098/2010 2575/1104/238 2574/1103/2009 2562/1096/1992
f 2564/1100/58 2576/1105/2011 2575/1104/238 2563/1098/2010
f 2565/1100/60 2577/1105/2012 2576/1105/2011 2564/1100/58
f 2566/1098/2013 2578/1104/240 2577/1105/2012 2565/1100/60
f 2567/1096/2002 2579/1103/2014 2578/1104/240 2566/1098/2013
f 2568/1094/2004 2580/1102/1320 2579/1103/2014 2567/1096/2002
f 2569/1092/2006 2581/1101/67 2580/1102/1320 2568/1094/2004
f 2570/1090/2008 2582/1085/241 2581/1101/67 2569/1092/2006
f 2572/1101/51 2584/1106/2015 2583/1087/941 2571/1085/237
f 2573/1102/1319 2585/1107/2016 2584/1106/2015 2572/1101/51
f 2574/1103/1321 2586/1108/2017 2585/1107/2016 2573/1102/1319
f 2575/1104/243 2587/1109/2018 2586/1108/2017 2574/1103/1321
f 2576/1105/289 2588/1110/2019 2587/1109/2018 2575/1104/243
f 2577/1105/290 2589/1110/2020 2588/1110/2019 2576/1105/289
f 2578/1104/246 2590/1109/2021 2589/1110/2020 2577/1105/290
f 2579/1103/1322 2591/1108/2022 2590/1109/2021 2578/1104/246
f 2580/1102/1320 2592/1107/2023 2591/1108/2022 2579/1103/1322
f 2581/1101/67 2593/1106/2024 2592/1107/2023 2580/1102/1320
f 2582/1085/241 2594/1087/960 2593/1106/2024 2581/1101/67
f 2584/1106/2015 2596/1111/2025 2595/1086/2026 2583/1087/941
f 2585/1107/2027 2597/1112/2028 2596/1111/2025 2584/1106/2015
f 2586/1108/1928 2598/1113/1927 2597/1112/2028 2585/1107/2027
f 2587/1109/1930 2599/1114/1929 2598/1113/1927 2586/1108/1928
f 2588/1110/1932 2600/1115/1931 2599/1114/1929 2587/1109/1930
f 2589/1110/1934 2601/1115/1933 2600/1115/1931 2588/1110/1932
f 2590/1109/1936 2602/1114/1935 2601/1115/1933 2589/1110/1934
f 2591/1108/1938 2603/1113/1937 2602/1114/1935 2590/1109/1936
f 2592/1107/2029 2604/1112/2030 2603/1113/1937 2591/1108/1938
f 2593/1106/2024 2605/1111/2031 2604/1112/2030 2592/1107/2029
f 2594/1087/960 2606/1086/2032 2605/1111/2031 2593/1106/2024
f 2596/1111/2025 2608/1116/2033 2607/1088/2034 2595/1086/2026
f 2597/1112/2028 2609/1117/2035 2608/1116/2033 2596/1111/2025
f 2598/1113/2036 2610/1118/2037 2609/1117/2035 2597/1112/2028
f 2599/1114/2038 2611/1119/2039 2610/1118/2037 2598/1113/2036
f 2600/1115/2040 2612/1120/2040 2611/1119/2039 2599/1114/2038
f 2601/1115/2041 2613/1120/2041 2612/1120/2040 2600/1115/2040
f 2602/1114/2042 2614/1119/2043 2613/1120/2041 2601/1115/2041
f 2603/1113/2044 2615/1118/2045 2614/1119/2043 2602/1114/2042
f 2604/1112/2030 2616/1117/2046 2615/1118/2045 2603/1113/2044
f 2605/1111/2031 2617/1116/2047 2616/1117/2046 2604/1112/2030
f 2606/1086/2032 2618/1088/2048 2617/1116/2047 2605/1111/2031
f 2608/1116/2033 2548/1091/1985 2547/1089/1988 2607/1088/2034
f 2609/1117/2035 2549/1093/2049 2548/1091/1985 2608/1116/2033
f 2610/1118/2050 2550/1095/2051 2549/1093/2049 2609/1117/2035
f 2611/1119/2052 2551/1097/2053 2550/1095/2051 2610/1118/2050
f 2612/1120/2054 2552/1099/2055 2551/1097/2053 2611/1119/2052
f 2613/1120/2056 2553/1099/2057 2552/1099/2055 2612/1120/2054
f 2614/1119/2058 2554/1097/2059 2553/1099/2057 2613/1120/2056
f 2615/1118/2060 2555/1095/2061 2554/1097/2059 2614/1119/2058
f 2616/1117/2046 2556/1093/2062 2555/1095/2061 2615/1118/2060
f 2617/1116/2047 2557/1091/2005 2556/1093/2062 2616/1117/2046
f 2618/1088/2048 2558/1089/2007 2557/1091/2005 2617/1116/2047
f 2624/1121/1 2620/1122/1 2619/1123/1
f 2624/1121/1 2621/1124/1 2620/1122/1
f 2624/1121/1 2622/1125/1 2621/1124/1
f 2623/1126/1 2622/1125/1 2624/1121/1
f 2630/1121/2 2625/1123/2 2626/1122/2
f 2630/1121/2 2626/1122/2 2627/1124/2
f 2630/1121/2 2627/1124/2 2628/1125/2
f 2629/1126/2 2630/1121/2 2628/1125/2
f 2632/1127/2063 2644/1128/2064 2643/1122/2065 2631/1123/2066
f 2633/1129/2067 2645/1130/2068 2644/1128/2064 2632/1127/2063
f 2634/1131/2069 2646/1132/2070 2645/1130/2068 2633/1129/2067
f 2635/1133/2071 2647/1134/2072 2646/1132/2070 2634/1131/2069
f 2636/1135/2073 2648/1136/2074 2647/1134/2072 2635/1133/2071
f 2637/1135/2075 2649/1136/2076 2648/1136/2074 2636/1135/2073
f 2638/1133/2077 2650/1134/2078 2649/1136/2076 2637/1135/2075
f 2639/1131/2079 2651/1132/2080 2650/1134/2078 2638/1133/2077
f 2640/1129/2081 2652/1130/2082 2651/1132/2080 2639/1131/2079
f 2641/1127/2083 2653/1128/2084 2652/1130/2082 2640/1129/2081
f 2642/1123/2085 2654/1122/2086 2653/1128/2084 2641/1127/2083
f 2644/1128/2064 2656/1137/2087 2655/1124/128 2643/1122/2065
f 2645/1130/2068 2657/1138/129 2656/1137/2087 2644/1128/2064
f 2646/1132/2088 2658/1139/116 2657/1138/129 2645/1130/2068
f 2647/1134/2089 2659/1140/1292 2658/1139/116 2646/1132/2088
f 2648/1136/2090 2660/1141/1153 2659/1140/1292 2647/1134/2089
f 2649/1136/2091 2661/1141/1155 2660/1141/1153 2648/1136/2090
f 2650/1134/2092 2662/1140/1293 2661/1141/1155 2649/1136/2091
f 2651/1132/2093 2663/1139/126 2662/1140/1293 2650/1134/2092
f 2652/1130/2082 2664/1138/135 2663/1139/126 2651/1132/2093
f 2653/1128/2084 2665/1137/2094 2664/1138/135 2652/1130/2082
f 2654/1122/2086 2666/1124/167 2665/1137/2094 2653/1128/2084
f 2656/1137/2087 2668/1142/2095 2667/1125/975 2655/1124/128
f 2657/1138/129 2669/1143/1941 2668/1142/2095 2656/1137/2087
f 2658/1139/9 2670/1144/636 2669/1143/1941 2657/1138/129
f 2659/1140/131 2671/1145/1942 2670/1144/636 2658/1139/9
f 2660/1141/132 2672/1146/1943 2671/1145/1942 2659/1140/131
f 2661/1141/133 2673/1146/1944 2672/1146/1943 2660/1141/132
f 2662/1140/134 2674/1145/1945 2673/1146/1944 2661/1141/133
f 2663/1139/14 2675/1144/646 2674/1145/1945 2662/1140/134
f 2664/1138/135 2676/1143/1946 2675/1144/646 2663/1139/14
f 2665/1137/2094 2677/1142/2096 2676/1143/1946 2664/1138/135
f 2666/1124/167 2678/1125/993 2677/1142/2096 2665/1137/2094
f 2668/1142/2095 2680/1147/39 2679/1126/193 2667/1125/975
f 2669/1143/2097 2681/1148/2098 2680/1147/39 2668/1142/2095
f 2670/1144/2099 2682/1149/2100 2681/1148/2098 2669/1143/2097
f 2671/1145/2101 2683/1150/2102 2682/1149/2100 2670/1144/2099
f 2672/1146/2103 2684/1151/356 2683/1150/2102 2671/1145/2101
f 2673/1146/2104 2685/1151/358 2684/1151/356 2672/1146/2103
f 2674/1145/2105 2686/1150/2106 2685/1151/358 2673/1146/2104
f 2675/1144/2107 2687/1149/2108 2686/1150/2106 2674/1145/2105
f 2676/1143/2109 2688/1148/2110 2687/1149/2108 2675/1144/2107
f 2677/1142/2096 2689/1147/49 2688/1148/2110 2676/1143/2109
f 2678/1125/993 2690/1126/236 2689/1147/49 2677/1142/2096
f 2680/1147/39 2692/1152/51 2691/1121/52 2679/1126/193
f 2681/1148/2098 2693/1153/1319 2692/1152/51 2680/1147/39
f 2682/1149/2111 2694/1154/2112 2693/1153/1319 2681/1148/2098
f 2683/1150/56 2695/1155/238 2694/1154/2112 2682/1149/2111
f 2684/1151/59 2696/1156/2011 2695/1155/238 2683/1150/56
f 2685/1151/2113 2697/1156/2012 2696/1156/2011 2684/1151/59
f 2686/1150/62 2698/1155/240 2697/1156/2012 2685/1151/2113
f 2687/1149/2114 2699/1154/2014 2698/1155/240 2686/1150/62
f 2688/1148/2110 2700/1153/1320 2699/1154/2014 2687/1149/2114
f 2689/1147/49 2701/1152/67 2700/1153/1320 2688/1148/2110
f 2690/1126/236 2702/1121/68 2701/1152/67 2689/1147/49
f 2692/1152/51 2632/1127/2063 2631/1123/2066 2691/1121/52
f 2693/1153/1319 2633/1129/2115 2632/1127/2063 2692/1152/51
f 2694/1154/72 2634/1131/2116 2633/1129/2115 2693/1153/1319
f 2695/1155/243 2635/1133/2117 2634/1131/2116 2694/1154/72
f 2696/1156/244 2636/1135/1979 2635/1133/2117 2695/1155/243
f 2697/1156/245 2637/1135/1980 2636/1135/1979 2696/1156/244
f 2698/1155/246 2638/1133/2118 2637/1135/1980 2697/1156/245
f 2699/1154/79 2639/1131/2119 2638/1133/2118 2698/1155/246
f 2700/1153/1320 2640/1129/2120 2639/1131/2119 2699/1154/79
f 2701/1152/67 2641/1127/2083 2640/1129/2120 2700/1153/1320
f 2702/1121/68 2642/1123/2085 2641/1127/2083 2701/1152/67
f 2707/1157/1 2703/1158/1 2708/1159/1
f 2706/1160/1 2703/1158/1 2707/1157/1
f 2705/1161/1 2703/1158/1 2706/1160/1
f 2705/1161/1 2704/1162/1 2703/1158/1
f 2713/1157/2 2714/1159/2 2709/1158/2
f 2712/1160/2 2713/1157/2 2709/1158/2
f 2711/1161/2 2712/1160/2 2709/1158/2
f 2711/1161/2 2709/1158/2 2710/1162/2
f 2716/1163/4 2728/1164/220 2727/1162/209 2715/1158/127
f 2717/1165/8 2729/1166/23 2728/1164/220 2716/1163/4
f 2718/1167/706 2730/1168/25 2729/1166/23 2717/1165/8
f 2719/1169/145 2731/1170/1295 2730/1168/25 2718/1167/706
f 2720/1171/178 2732/1172/707 2731/1170/1295 2719/1169/145
f 2721/1171/179 2733/1172/708 2732/1172/707 2720/1171/178
f 2722/1169/151 2734/1170/1296 2733/1172/708 2721/1171/179
f 2723/1167/709 2735/1168/35 2734/1170/1296 2722/1169/151
f 2724/1165/16 2736/1166/36 2735/1168/35 2723/1167/709
f 2725/1163/18 2737/1164/233 2736/1166/36 2724/1165/16
f 2726/1158/140 2738/1162/219 2737/1164/233 2725/1163/18
f 2728/1164/220 2740/1173/2121 2739/1161/2122 2727/1162/209
f 2729/1166/23 2741/1174/2123 2740/1173/2121 2728/1164/220
f 2730/1168/42 2742/1175/2124 2741/1174/2123 2729/1166/23
f 2731/1170/2102 2743/1176/2101 2742/1175/2124 2730/1168/42
f 2732/1172/356 2744/1177/2103 2743/1176/2101 2731/1170/2102
f 2733/1172/358 2745/1177/2104 2744/1177/2103 2732/1172/356
f 2734/1170/2106 2746/1176/2105 2745/1177/2104 2733/1172/358
f 2735/1168/47 2747/1175/2125 2746/1176/2105 2734/1170/2106
f 2736/1166/36 2748/1174/2126 2747/1175/2125 2735/1168/47
f 2737/1164/233 2749/1173/2127 2748/1174/2126 2736/1166/36
f 2738/1162/219 2750/1161/2128 2749/1173/2127 2737/1164/233
f 2740/1173/2121 2752/1178/69 2751/1160/249 2739/1161/2122
f 2741/1174/2129 2753/1179/501 2752/1178/69 2740/1173/2121
f 2742/1175/2130 2754/1180/72 2753/1179/501 2741/1174/2129
f 2743/1176/2131 2755/1181/288 2754/1180/72 2742/1175/2130
f 2744/1177/2019 2756/1182/289 2755/1181/288 2743/1176/2131
f 2745/1177/2020 2757/1182/290 2756/1182/289 2744/1177/2019
f 2746/1176/2132 2758/1181/291 2757/1182/290 2745/1177/2020
f 2747/1175/2133 2759/1180/79 2758/1181/291 2746/1176/2132
f 2748/1174/2134 2760/1179/504 2759/1180/79 2747/1175/2133
f 2749/1173/2127 2761/1178/81 2760/1179/504 2748/1174/2134
f 2750/1161/2128 2762/1160/265 2761/1178/81 2749/1173/2127
f 2752/1178/69 2764/1183/2135 2763/1157/2136 2751/1160/249
f 2753/1179/501 2765/1184/2137 2764/1183/2135 2752/1178/69
f 2754/1180/2138 2766/1185/2139 2765/1184/2137 2753/1179/501
f 2755/1181/1327 2767/1186/2140 2766/1185/2139 2754/1180/2138
f 2756/1182/91 2768/1187/2141 2767/1186/2140 2755/1181/1327
f 2757/1182/93 2769/1187/2142 2768/1187/2141 2756/1182/91
f 2758/1181/1331 2770/1186/2143 2769/1187/2142 2757/1182/93
f 2759/1180/2144 2771/1185/2145 2770/1186/2143 2758/1181/1331
f 2760/1179/504 2772/1184/2146 2771/1185/2145 2759/1180/2144
f 2761/1178/81 2773/1183/2147 2772/1184/2146 2760/1179/504
f 2762/1160/265 2774/1157/2148 2773/1183/2147 2761/1178/81
f 2764/1183/2135 2776/1188/2149 2775/1159/2150 2763/1157/2136
f 2765/1184/2137 2777/1189/2151 2776/1188/2149 2764/1183/2135
f 2766/1185/2152 2778/1190/2153 2777/1189/2151 2765/1184/2137
f 2767/1186/2154 2779/1191/2155 2778/1190/2153 2766/1185/2152
f 2768/1187/2156 2780/1192/2157 2779/1191/2155 2767/1186/2154
f 2769/1187/2158 2781/1192/2159 2780/1192/2157 2768/1187/2156
f 2770/1186/2160 2782/1191/2161 2781/1192/2159 2769/1187/2158
f 2771/1185/2162 2783/1190/2163 2782/1191/2161 2770/1186/2160
f 2772/1184/2146 2784/1189/2164 2783/1190/2163 2771/1185/2162
f 2773/1183/2147 2785/1188/2165 2784/1189/2164 2772/1184/2146
f 2774/1157/2148 2786/1159/2166 2785/1188/2165 2773/1183/2147
f 2776/1188/2149 2716/1163/4 2715/1158/127 2775/1159/2150
f 2777/1189/2167 2717/1165/8 2716/1163/4 2776/1188/2149
f 2778/1190/2168 2718/1167/9 2717/1165/8 2777/1189/2167
f 2779/1191/2169 2719/1169/2170 2718/1167/9 2778/1190/2168
f 2780/1192/1943 2720/1171/132 2719/1169/2170 2779/1191/2169
f 2781/1192/1944 2721/1171/133 2720/1171/132 2780/1192/1943
f 2782/1191/2171 2722/1169/2172 2721/1171/133 2781/1192/1944
f 2783/1190/2173 2723/1167/14 2722/1169/2172 2782/1191/2171
f 2784/1189/2174 2724/1165/16 2723/1167/14 2783/1190/2173
f 2785/1188/2165 2725/1163/18 2724/1165/16 2784/1189/2174
f 2786/1159/2166 2726/1158/140 2725/1163/18 2785/1188/2165
usemtl Card_Panel
f 2789/493/1 2791/1193/1 2790/1194/1
f 2789/493/1 2792/1195/1 2791/1193/1
f 2789/493/1 2787/497/1 2792/1195/1
f 2788/498/1 2787/497/1 2789/493/1
f 2795/493/2 2796/1194/2 2797/1193/2
f 2795/493/2 2797/1193/2 2798/1195/2
f 2795/493/2 2798/1195/2 2793/497/2
f 2794/498/2 2795/493/2 2793/497/2
f 2800/1196/2175 2812/1197/2176 2811/498/2177 2799/497/209
f 2801/1198/2178 2813/1199/2179 2812/1197/2176 2800/1196/2175
f 2802/1200/2180 2814/1201/2181 2813/1199/2179 2801/1198/2178
f 2803/1202/2182 2815/1203/2182 2814/1201/2181 2802/1200/2180
f 2804/1204/2183 2816/1205/2183 2815/1203/2182 2803/1202/2182
f 2805/1204/2184 2817/1205/2184 2816/1205/2183 2804/1204/2183
f 2806/1202/2185 2818/1203/2185 2817/1205/2184 2805/1204/2184
f 2807/1200/2186 2819/1201/2187 2818/1203/2185 2806/1202/2185
f 2808/1198/2188 2820/1199/2189 2819/1201/2187 2807/1200/2186
f 2809/1196/2190 2821/1197/2191 2820/1199/2189 2808/1198/2188
f 2810/497/219 2822/498/2192 2821/1197/2191 2809/1196/2190
f 2812/1197/2176 2824/1206/2193 2823/493/2194 2811/498/2177
f 2813/1199/2179 2825/1207/2195 2824/1206/2193 2812/1197/2176
f 2814/1201/54 2826/1208/2196 2825/1207/2195 2813/1199/2179
f 2815/1203/2197 2827/1209/2198 2826/1208/2196 2814/1201/54
f 2816/1205/2011 2828/1210/2199 2827/1209/2198 2815/1203/2197
f 2817/1205/2012 2829/1210/2200 2828/1210/2199 2816/1205/2011
f 2818/1203/2201 2830/1209/2202 2829/1210/2200 2817/1205/2012
f 2819/1201/64 2831/1208/2203 2830/1209/2202 2818/1203/2201
f 2820/1199/2189 2832/1207/2204 2831/1208/2203 2819/1201/64
f 2821/1197/2191 2833/1206/2205 2832/1207/2204 2820/1199/2189
f 2822/498/2192 2834/493/1195 2833/1206/2205 2821/1197/2191
f 2824/1206/2193 2836/1211/505 2835/1194/84 2823/493/2194
f 2825/1207/2206 2837/1212/2207 2836/1211/505 2824/1206/2193
f 2826/1208/2208 2838/1213/2209 2837/1212/2207 2825/1207/2206
f 2827/1209/2210 2839/1214/297 2838/1213/2209 2826/1208/2208
f 2828/1210/2211 2840/1215/2212 2839/1214/297 2827/1209/2210
f 2829/1210/2213 2841/1215/2214 2840/1215/2212 2828/1210/2211
f 2830/1209/2215 2842/1214/299 2841/1215/2214 2829/1210/2213
f 2831/1208/2216 2843/1213/2217 2842/1214/299 2830/1209/2215
f 2832/1207/2218 2844/1212/2219 2843/1213/2217 2831/1208/2216
f 2833/1206/2205 2845/1211/508 2844/1212/2219 2832/1207/2218
f 2834/493/1195 2846/1194/100 2845/1211/508 2833/1206/2205
f 2836/1211/505 2848/1216/2220 2847/1193/102 2835/1194/84
f 2837/1212/2207 2849/1217/1257 2848/1216/2220 2836/1211/505
f 2838/1213/2221 2850/1218/2221 2849/1217/1257 2837/1212/2207
f 2839/1214/514 2851/1219/2222 2850/1218/2221 2838/1213/2221
f 2840/1215/516 2852/1220/516 2851/1219/2222 2839/1214/514
f 2841/1215/518 2853/1220/518 2852/1220/516 2840/1215/516
f 2842/1214/520 2854/1219/2223 2853/1220/518 2841/1215/518
f 2843/1213/2224 2855/1218/2224 2854/1219/2223 2842/1214/520
f 2844/1212/2219 2856/1217/1260 2855/1218/2224 2843/1213/2224
f 2845/1211/508 2857/1216/2225 2856/1217/1260 2844/1212/2219
f 2846/1194/100 2858/1193/114 2857/1216/2225 2845/1211/508
f 2848/1216/2220 2860/1221/2226 2859/1195/1220 2847/1193/102
f 2849/1217/1257 2861/1222/2227 2860/1221/2226 2848/1216/2220
f 2850/1218/2228 2862/1223/2229 2861/1222/2227 2849/1217/1257
f 2851/1219/2230 2863/1224/2231 2862/1223/2229 2850/1218/2228
f 2852/1220/1153 2864/1225/2232 2863/1224/2231 2851/1219/2230
f 2853/1220/1155 2865/1225/2233 2864/1225/2232 2852/1220/1153
f 2854/1219/2234 2866/1224/2235 2865/1225/2233 2853/1220/1155
f 2855/1218/2236 2867/1223/2237 2866/1224/2235 2854/1219/2234
f 2856/1217/1260 2868/1222/2238 2867/1223/2237 2855/1218/2236
f 2857/1216/2225 2869/1221/2239 2868/1222/2238 2856/1217/1260
f 2858/1193/114 2870/1195/1231 2869/1221/2239 2857/1216/2225
f 2860/1221/2226 2800/1196/2175 2799/497/209 2859/1195/1220
f 2861/1222/2240 2801/1198/2178 2800/1196/2175 2860/1221/2226
f 2862/1223/2241 2802/1200/2242 2801/1198/2178 2861/1222/2240
f 2863/1224/2243 2803/1202/1295 2802/1200/2242 2862/1223/2241
f 2864/1225/2244 2804/1204/226 2803/1202/1295 2863/1224/2243
f 2865/1225/2245 2805/1204/228 2804/1204/226 2864/1225/2244
f 2866/1224/2246 2806/1202/1296 2805/1204/228 2865/1225/2245
f 2867/1223/2247 2807/1200/2248 2806/1202/1296 2866/1224/2246
f 2868/1222/2249 2808/1198/2188 2807/1200/2248 2867/1223/2247
f 2869/1221/2239 2809/1196/2190 2808/1198/2188 2868/1222/2249
f 2870/1195/1231 2810/497/219 2809/1196/2190 2869/1221/2239
f 2877/1226/1 2871/1227/1 2878/1228/1
f 2876/1229/1 2871/1227/1 2877/1226/1
f 2876/1229/1 2872/1230/1 2871/1227/1
f 2875/1231/1 2872/1230/1 2876/1229/1
f 2874/1232/1 2872/1230/1 2875/1231/1
f 2874/1232/1 2873/1233/1 2872/1230/1
f 2885/1226/2 2886/1228/2 2879/1227/2
f 2884/1229/2 2885/1226/2 2879/1227/2
f 2884/1229/2 2879/1227/2 2880/1230/2
f 2883/1231/2 2884/1229/2 2880/1230/2
f 2882/1232/2 2883/1231/2 2880/1230/2
f 2882/1232/2 2880/1230/2 2881/1233/2
f 2888/1234/2250 2900/1235/2251 2899/1230/831 2887/1227/830
f 2889/1236/2252 2901/1237/2253 2900/1235/2251 2888/1234/2250
f 2890/1238/2254 2902/1239/2254 2901/1237/2253 2889/1236/2252
f 2891/1240/2255 2903/1241/2255 2902/1239/2254 2890/1238/2254
f 2892/1242/2256 2904/1243/2256 2903/1241/2255 2891/1240/2255
f 2893/1242/2257 2905/1243/2257 2904/1243/2256 2892/1242/2256
f 2894/1240/2258 2906/1241/2258 2905/1243/2257 2893/1242/2257
f 2895/1238/2259 2907/1239/2259 2906/1241/2258 2894/1240/2258
f 2896/1236/2260 2908/1237/2261 2907/1239/2259 2895/1238/2259
f 2897/1234/2262 2909/1235/2263 2908/1237/2261 2896/1236/2260
f 2898/1227/847 2910/1230/846 2909/1235/2263 2897/1234/2262
f 2900/1235/2251 2912/1244/2264 2911/1233/2265 2899/1230/831
f 2901/1237/2253 2913/1245/2266 2912/1244/2264 2900/1235/2251
f 2902/1239/2267 2914/1246/2268 2913/1245/2266 2901/1237/2253
f 2903/1241/2269 2915/1247/2270 2914/1246/2268 2902/1239/2267
f 2904/1243/2271 2916/1248/2272 2915/1247/2270 2903/1241/2269
f 2905/1243/2273 2917/1248/2274 2916/1248/2272 2904/1243/2271
f 2906/1241/2275 2918/1247/2276 2917/1248/2274 2905/1243/2273
f 2907/1239/2277 2919/1246/2278 2918/1247/2276 2906/1241/2275
f 2908/1237/2261 2920/1245/2279 2919/1246/2278 2907/1239/2277
f 2909/1235/2263 2921/1244/2280 2920/1245/2279 2908/1237/2261
f 2910/1230/846 2922/1233/2281 2921/1244/2280 2909/1235/2263
f 2912/1244/2264 2924/1249/2282 2923/1232/2283 2911/1233/2265
f 2913/1245/2266 2925/1250/2284 2924/1249/2282 2912/1244/2264
f 2914/1246/2268 2926/1251/2285 2925/1250/2284 2913/1245/2266
f 2915/1247/2270 2927/1252/2286 2926/1251/2285 2914/1246/2268
f 2916/1248/2272 2928/1253/2287 2927/1252/2286 2915/1247/2270
f 2917/1248/2274 2929/1253/2288 2928/1253/2287 2916/1248/2272
f 2918/1247/2276 2930/1252/2289 2929/1253/2288 2917/1248/2274
f 2919/1246/2278 2931/1251/2290 2930/1252/2289 2918/1247/2276
f 2920/1245/2279 2932/1250/2291 2931/1251/2290 2919/1246/2278
f 2921/1244/2280 2933/1249/2292 2932/1250/2291 2920/1245/2279
f 2922/1233/2281 2934/1232/2293 2933/1249/2292 2921/1244/2280
f 2924/1249/2282 2936/1254/2294 2935/1231/891 2923/1232/2283
f 2925/1250/2284 2937/1255/2295 2936/1254/2294 2924/1249/2282
f 2926/1251/2285 2938/1256/2296 2937/1255/2295 2925/1250/2284
f 2927/1252/2286 2939/1257/2297 2938/1256/2296 2926/1251/2285
f 2928/1253/2287 2940/1258/2298 2939/1257/2297 2927/1252/2286
f 2929/1253/2288 2941/1258/2299 2940/1258/2298 2928/1253/2287
f 2930/1252/2289 2942/1257/2300 2941/1258/2299 2929/1253/2288
f 2931/1251/2290 2943/1256/2301 2942/1257/2300 2930/1252/2289
f 2932/1250/2291 2944/1255/2302 2943/1256/2301 2931/1251/2290
f 2933/1249/2292 2945/1254/2303 2944/1255/2302 2932/1250/2291
f 2934/1232/2293 2946/1231/901 2945/1254/2303 2933/1249/2292
f 2936/1254/2294 2948/1259/2304 2947/1229/879 2935/1231/891
f 2937/1255/2295 2949/1260/2305 2948/1259/2304 2936/1254/2294
f 2938/1256/2306 2950/1261/2306 2949/1260/2305 2937/1255/2295
f 2939/1257/2307 2951/1262/2307 2950/1261/2306 2938/1256/2306
f 2940/1258/2308 2952/1263/2308 2951/1262/2307 2939/1257/2307
f 2941/1258/2309 2953/1263/2309 2952/1263/2308 2940/1258/2308
f 2942/1257/2310 2954/1262/2310 2953/1263/2309 2941/1258/2309
f 2943/1256/2311 2955/1261/2311 2954/1262/2310 2942/1257/2310
f 2944/1255/2302 2956/1260/2312 2955/1261/2311 2943/1256/2311
f 2945/1254/2303 2957/1259/2313 2956/1260/2312 2944/1255/2302
f 2946/1231/901 2958/1229/889 2957/1259/2313 2945/1254/2303
f 2948/1259/2304 2960/1264/2314 2959/1226/2315 2947/1229/879
f 2949/1260/2305 2961/1265/2316 2960/1264/2314 2948/1259/2304
f 2950/1261/2317 2962/1266/2318 2961/1265/2316 2949/1260/2305
f 2951/1262/2319 2963/1267/2320 2962/1266/2318 2950/1261/2317
f 2952/1263/2321 2964/1268/2322 2963/1267/2320 2951/1262/2319
f 2953/1263/2323 2965/1268/2324 2964/1268/2322 2952/1263/2321
f 2954/1262/2325 2966/1267/2326 2965/1268/2324 2953/1263/2323
f 2955/1261/2327 2967/1266/2328 2966/1267/2326 2954/1262/2325
f 2956/1260/2312 2968/1265/2329 2967/1266/2328 2955/1261/2327
f 2957/1259/2313 2969/1264/2330 2968/1265/2329 2956/1260/2312
f 2958/1229/889 2970/1226/2331 2969/1264/2330 2957/1259/2313
f 2960/1264/2314 2972/1269/2332 2971/1228/2333 2959/1226/2315
f 2961/1265/2316 2973/1270/2334 2972/1269/2332 2960/1264/2314
f 2962/1266/2318 2974/1271/2335 2973/1270/2334 2961/1265/2316
f 2963/1267/2320 2975/1272/2336 2974/1271/2335 2962/1266/2318
f 2964/1268/2322 2976/1273/2337 2975/1272/2336 2963/1267/2320
f 2965/1268/2324 2977/1273/2338 2976/1273/2337 2964/1268/2322
f 2966/1267/2326 2978/1272/2339 2977/1273/2338 2965/1268/2324
f 2967/1266/2328 2979/1271/2340 2978/1272/2339 2966/1267/2326
f 2968/1265/2329 2980/1270/2341 2979/1271/2340 2967/1266/2328
f 2969/1264/2330 2981/1269/2342 2980/1270/2341 2968/1265/2329
f 2970/1226/2331 2982/1228/2343 2981/1269/2342 2969/1264/2330
f 2972/1269/2332 2888/1234/2250 2887/1227/830 2971/1228/2333
f 2973/1270/2334 2889/1236/2252 2888/1234/2250 2972/1269/2332
f 2974/1271/2335 2890/1238/2344 2889/1236/2252 2973/1270/2334
f 2975/1272/2336 2891/1240/2345 2890/1238/2344 2974/1271/2335
f 2976/1273/2337 2892/1242/2346 2891/1240/2345 2975/1272/2336
f 2977/1273/2338 2893/1242/2347 2892/1242/2346 2976/1273/2337
f 2978/1272/2339 2894/1240/2348 2893/1242/2347 2977/1273/2338
f 2979/1271/2340 2895/1238/2349 2894/1240/2348 2978/1272/2339
f 2980/1270/2341 2896/1236/2260 2895/1238/2349 2979/1271/2340
f 2981/1269/2342 2897/1234/2262 2896/1236/2260 2980/1270/2341
f 2982/1228/2343 2898/1227/847 2897/1234/2262 2981/1269/2342
f 2986/757/1 2988/1274/1 2987/758/1
f 2986/757/1 2983/1275/1 2988/1274/1
f 2986/757/1 2984/759/1 2983/1275/1
f 2985/760/1 2984/759/1 2986/757/1
f 2992/757/2 2993/758/2 2994/1274/2
f 2992/757/2 2994/1274/2 2989/1275/2
f 2992/757/2 2989/1275/2 2990/759/2
f 2991/760/2 2992/757/2 2990/759/2
f 2996/1276/3 3008/1277/2350 3007/759/975 2995/1275/6
f 2997/1278/129 3009/1279/634 3008/1277/2350 2996/1276/3
f 2998/1280/9 3010/1281/636 3009/1279/634 2997/1278/129
f 2999/1282/10 3011/1283/2351 3010/1281/636 2998/1280/9
f 3000/1284/11 3012/1285/2352 3011/1283/2351 2999/1282/10
f 3001/1284/12 3013/1285/2353 3012/1285/2352 3000/1284/11
f 3002/1282/13 3014/1283/2354 3013/1285/2353 3001/1284/12
f 3003/1280/14 3015/1281/646 3014/1283/2354 3002/1282/13
f 3004/1278/135 3016/1279/648 3015/1281/646 3003/1280/14
f 3005/1276/17 3017/1277/2355 3016/1279/648 3004/1278/135
f 3006/1275/19 3018/759/993 3017/1277/2355 3005/1276/17
f 3008/1277/2350 3020/1286/2356 3019/760/2122 3007/759/975
f 3009/1279/2357 3021/1287/2123 3020/1286/2356 3008/1277/2350
f 3010/1281/2358 3022/1288/2358 3021/1287/2123 3009/1279/2357
f 3011/1283/2359 3023/1289/2359 3022/1288/2358 3010/1281/2358
f 3012/1285/2360 3024/1290/2360 3023/1289/2359 3011/1283/2359
f 3013/1285/2361 3025/1290/2361 3024/1290/2360 3012/1285/2360
f 3014/1283/2362 3026/1289/2362 3025/1290/2361 3013/1285/2361
f 3015/1281/2363 3027/1288/2363 3026/1289/2362 3014/1283/2362
f 3016/1279/2364 3028/1287/2126 3027/1288/2363 3015/1281/2363
f 3017/1277/2355 3029/1286/2365 3028/1287/2126 3016/1279/2364
f 3018/759/993 3030/760/2128 3029/1286/2365 3017/1277/2355
f 3020/1286/2356 3032/1291/69 3031/757/249 3019/760/2122
f 3021/1287/2129 3033/1292/71 3032/1291/69 3020/1286/2356
f 3022/1288/2130 3034/1293/72 3033/1292/71 3021/1287/2129
f 3023/1289/2131 3035/1294/288 3034/1293/72 3022/1288/2130
f 3024/1290/2019 3036/1295/289 3035/1294/288 3023/1289/2131
f 3025/1290/2020 3037/1295/290 3036/1295/289 3024/1290/2019
f 3026/1289/2132 3038/1294/291 3037/1295/290 3025/1290/2020
f 3027/1288/2133 3039/1293/79 3038/1294/291 3026/1289/2132
f 3028/1287/2134 3040/1292/80 3039/1293/79 3027/1288/2133
f 3029/1286/2365 3041/1291/81 3040/1292/80 3028/1287/2134
f 3030/760/2128 3042/757/265 3041/1291/81 3029/1286/2365
f 3032/1291/69 3044/1296/2366 3043/758/84 3031/757/249
f 3033/1292/71 3045/1297/2367 3044/1296/2366 3032/1291/69
f 3034/1293/295 3046/1298/87 3045/1297/2367 3033/1292/71
f 3035/1294/1327 3047/1299/297 3046/1298/87 3034/1293/295
f 3036/1295/91 3048/1300/255 3047/1299/297 3035/1294/1327
f 3037/1295/93 3049/1300/257 3048/1300/255 3036/1295/91
f 3038/1294/1331 3050/1299/299 3049/1300/257 3037/1295/93
f 3039/1293/300 3051/1298/97 3050/1299/299 3038/1294/1331
f 3040/1292/80 3052/1297/2368 3051/1298/97 3039/1293/300
f 3041/1291/81 3053/1296/2369 3052/1297/2368 3040/1292/80
f 3042/757/265 3054/758/100 3053/1296/2369 3041/1291/81
f 3044/1296/2366 3056/1301/101 3055/1274/102 3043/758/84
f 3045/1297/2367 3057/1302/2370 3056/1301/101 3044/1296/2366
f 3046/1298/2371 3058/1303/2371 3057/1302/2370 3045/1297/2367
f 3047/1299/2372 3059/1304/2373 3058/1303/2371 3046/1298/2371
f 3048/1300/2374 3060/1305/2374 3059/1304/2373 3047/1299/2372
f 3049/1300/2375 3061/1305/2375 3060/1305/2374 3048/1300/2374
f 3050/1299/2376 3062/1304/2377 3061/1305/2375 3049/1300/2375
f 3051/1298/2378 3063/1303/2378 3062/1304/2377 3050/1299/2376
f 3052/1297/2368 3064/1302/2379 3063/1303/2378 3051/1298/2378
f 3053/1296/2369 3065/1301/113 3064/1302/2379 3052/1297/2368
f 3054/758/100 3066/1274/114 3065/1301/113 3053/1296/2369
f 3056/1301/101 2996/1276/3 2995/1275/6 3055/1274/102
f 3057/1302/2370 2997/1278/129 2996/1276/3 3056/1301/101
f 3058/1303/2228 2998/1280/116 2997/1278/129 3057/1302/2370
f 3059/1304/320 2999/1282/1292 2998/1280/116 3058/1303/2228
f 3060/1305/2380 3000/1284/119 2999/1282/1292 3059/1304/320
f 3061/1305/2381 3001/1284/121 3000/1284/119 3060/1305/2380
f 3062/1304/321 3002/1282/1293 3001/1284/121 3061/1305/2381
f 3063/1303/2236 3003/1280/126 3002/1282/1293 3062/1304/321
f 3064/1302/2379 3004/1278/135 3003/1280/126 3063/1303/2236
f 3065/1301/113 3005/1276/17 3004/1278/135 3064/1302/2379
f 3066/1274/114 3006/1275/19 3005/1276/17 3065/1301/113
f 3083/1306/1 3067/1307/1 3084/762/1
f 3083/1306/1 3068/1308/1 3067/1307/1
f 3083/1306/1 3069/1309/1 3068/1308/1
f 3083/1306/1 3070/1310/1 3069/1309/1
f 3083/1306/1 3071/1311/1 3070/1310/1
f 3083/1306/1 3072/1312/1 3071/1311/1
f 3083/1306/1 3073/1313/1 3072/1312/1
f 3083/1306/1 3074/1314/1 3073/1313/1
f 3083/1306/1 3075/1315/1 3074/1314/1
f 3083/1306/1 3076/1316/1 3075/1315/1
f 3083/1306/1 3077/1317/1 3076/1316/1
f 3083/1306/1 3078/1318/1 3077/1317/1
f 3083/1306/1 3079/1319/1 3078/1318/1
f 3082/1320/1 3079/1319/1 3083/1306/1
f 3081/1321/1 3079/1319/1 3082/1320/1
f 3081/1321/1 3080/1322/1 3079/1319/1
f 3101/1306/2 3102/762/2 3085/1307/2
f 3101/1306/2 3085/1307/2 3086/1308/2
f 3101/1306/2 3086/1308/2 3087/1309/2
f 3101/1306/2 3087/1309/2 3088/1310/2
f 3101/1306/2 3088/1310/2 3089/1311/2
f 3101/1306/2 3089/1311/2 3090/1312/2
f 3101/1306/2 3090/1312/2 3091/1313/2
f 3101/1306/2 3091/1313/2 3092/1314/2
f 3101/1306/2 3092/1314/2 3093/1315/2
f 3101/1306/2 3093/1315/2 3094/1316/2
f 3101/1306/2 3094/1316/2 3095/1317/2
f 3101/1306/2 3095/1317/2 3096/1318/2
f 3101/1306/2 3096/1318/2 3097/1319/2
f 3100/1320/2 3101/1306/2 3097/1319/2
f 3099/1321/2 3100/1320/2 3097/1319/2
f 3099/1321/2 3097/1319/2 3098/1322/2
f 3104/1323/2382 3116/1324/2383 3115/1308/2384 3103/1307/2384
f 3105/1325/2385 3117/1326/2386 3116/1324/2383 3104/1323/2382
f 3106/1327/2387 3118/1328/2388 3117/1326/2386 3105/1325/2385
f 3107/1329/2389 3119/1330/2390 3118/1328/2388 3106/1327/2387
f 3108/1331/2391 3120/1332/2392 3119/1330/2390 3107/1329/2389
f 3109/1331/2393 3121/1332/2394 3120/1332/2392 3108/1331/2391
f 3110/1329/2395 3122/1330/2396 3121/1332/2394 3109/1331/2393
f 3111/1327/2397 3123/1328/2398 3122/1330/2396 3110/1329/2395
f 3112/1325/2399 3124/1326/2400 3123/1328/2398 3111/1327/2397
f 3113/1323/2401 3125/1324/2402 3124/1326/2400 3112/1325/2399
f 3114/1307/2403 3126/1308/2403 3125/1324/2402 3113/1323/2401
f 3116/1324/2383 3128/1333/2404 3127/1309/2384 3115/1308/2384
f 3117/1326/2386 3129/1334/2405 3128/1333/2404 3116/1324/2383
f 3118/1328/2388 3130/1335/2406 3129/1334/2405 3117/1326/2386
f 3119/1330/2390 3131/1336/2407 3130/1335/2406 3118/1328/2388
f 3120/1332/2392 3132/1337/2408 3131/1336/2407 3119/1330/2390
f 3121/1332/2394 3133/1337/2409 3132/1337/2408 3120/1332/2392
f 3122/1330/2396 3134/1336/2410 3133/1337/2409 3121/1332/2394
f 3123/1328/2398 3135/1335/2411 3134/1336/2410 3122/1330/2396
f 3124/1326/2400 3136/1334/2412 3135/1335/2411 3123/1328/2398
f 3125/1324/2402 3137/1333/2413 3136/1334/2412 3124/1326/2400
f 3126/1308/2403 3138/1309/2403 3137/1333/2413 3125/1324/2402
f 3128/1333/2404 3140/1338/2414 3139/1310/2415 3127/1309/2384
f 3129/1334/2405 3141/1339/2416 3140/1338/2414 3128/1333/2404
f 3130/1335/2406 3142/1340/2417 3141/1339/2416 3129/1334/2405
f 3131/1336/2407 3143/1341/2418 3142/1340/2417 3130/1335/2406
f 3132/1337/2408 3144/1342/2419 3143/1341/2418 3131/1336/2407
f 3133/1337/2409 3145/1342/2420 3144/1342/2419 3132/1337/2408
f 3134/1336/2410 3146/1341/2421 3145/1342/2420 3133/1337/2409
f 3135/1335/2411 3147/1340/2422 3146/1341/2421 3134/1336/2410
f 3136/1334/2412 3148/1339/2423 3147/1340/2422 3135/1335/2411
f 3137/1333/2413 3149/1338/2424 3148/1339/2423 3136/1334/2412
f 3138/1309/2403 3150/1310/2425 3149/1338/2424 3137/1333/2413
f 3140/1338/2414 3152/1343/2426 3151/1311/2427 3139/1310/2415
f 3141/1339/2416 3153/1344/2428 3152/1343/2426 3140/1338/2414
f 3142/1340/2417 3154/1345/2429 3153/1344/2428 3141/1339/2416
f 3143/1341/2418 3155/1346/2430 3154/1345/2429 3142/1340/2417
f 3144/1342/2419 3156/1347/2431 3155/1346/2430 3143/1341/2418
f 3145/1342/2420 3157/1347/2432 3156/1347/2431 3144/1342/2419
f 3146/1341/2421 3158/1346/2433 3157/1347/2432 3145/1342/2420
f 3147/1340/2422 3159/1345/2434 3158/1346/2433 3146/1341/2421
f 3148/1339/2423 3160/1344/2435 3159/1345/2434 3147/1340/2422
f 3149/1338/2424 3161/1343/2436 3160/1344/2435 3148/1339/2423
f 3150/1310/2425 3162/1311/2437 3161/1343/2436 3149/1338/2424
f 3152/1343/2426 3164/1348/2438 3163/1312/2439 3151/1311/2427
f 3153/1344/2428 3165/1349/2440 3164/1348/2438 3152/1343/2426
f 3154/1345/2429 3166/1350/2441 3165/1349/2440 3153/1344/2428
f 3155/1346/2430 3167/1351/2442 3166/1350/2441 3154/1345/2429
f 3156/1347/2431 3168/1352/2443 3167/1351/2442 3155/1346/2430
f 3157/1347/2432 3169/1352/2444 3168/1352/2443 3156/1347/2431
f 3158/1346/2433 3170/1351/2445 3169/1352/2444 3157/1347/2432
f 3159/1345/2434 3171/1350/2446 3170/1351/2445 3158/1346/2433
f 3160/1344/2435 3172/1349/2447 3171/1350/2446 3159/1345/2434
f 3161/1343/2436 3173/1348/2448 3172/1349/2447 3160/1344/2435
f 3162/1311/2437 3174/1312/2449 3173/1348/2448 3161/1343/2436
f 3164/1348/2438 3176/1353/2450 3175/1313/2451 3163/1312/2439
f 3165/1349/2440 3177/1354/2452 3176/1353/2450 3164/1348/2438
f 3166/1350/2441 3178/1355/2453 3177/1354/2452 3165/1349/2440
f 3167/1351/2442 3179/1356/2454 3178/1355/2453 3166/1350/2441
f 3168/1352/2455 3180/1357/2456 3179/1356/2454 3167/1351/2442
f 3169/1352/2457 3181/1357/2458 3180/1357/2456 3168/1352/2455
f 3170/1351/2445 3182/1356/2459 3181/1357/2458 3169/1352/2457
f 3171/1350/2446 3183/1355/2460 3182/1356/2459 3170/1351/2445
f 3172/1349/2447 3184/1354/2461 3183/1355/2460 3171/1350/2446
f 3173/1348/2448 3185/1353/2462 3184/1354/2461 3172/1349/2447
f 3174/1312/2449 3186/1313/2463 3185/1353/2462 3173/1348/2448
f 3176/1353/2450 3188/1358/2464 3187/1314/2465 3175/1313/2451
f 3177/1354/2452 3189/1359/2466 3188/1358/2464 3176/1353/2450
f 3178/1355/2453 3190/1360/2467 3189/1359/2466 3177/1354/2452
f 3179/1356/2454 3191/1361/2468 3190/1360/2467 3178/1355/2453
f 3180/1357/2456 3192/1362/2469 3191/1361/2468 3179/1356/2454
f 3181/1357/2458 3193/1362/2470 3192/1362/2469 3180/1357/2456
f 3182/1356/2459 3194/1361/2471 3193/1362/2470 3181/1357/2458
f 3183/1355/2460 3195/1360/2472 3194/1361/2471 3182/1356/2459
f 3184/1354/2461 3196/1359/2473 3195/1360/2472 3183/1355/2460
f 3185/1353/2462 3197/1358/2474 3196/1359/2473 3184/1354/2461
f 3186/1313/2463 3198/1314/2475 3197/1358/2474 3185/1353/2462
f 3188/1358/2464 3200/1363/2476 3199/1315/2477 3187/1314/2465
f 3189/1359/2466 3201/1364/2478 3200/1363/2476 3188/1358/2464
f 3190/1360/2467 3202/1365/2479 3201/1364/2478 3189/1359/2466
f 3191/1361/2468 3203/1366/2480 3202/1365/2479 3190/1360/2467
f 3192/1362/2469 3204/1367/2481 3203/1366/2480 3191/1361/2468
f 3193/1362/2470 3205/1367/2482 3204/1367/2481 3192/1362/2469
f 3194/1361/2471 3206/1366/2483 3205/1367/2482 3193/1362/2470
f 3195/1360/2472 3207/1365/2484 3206/1366/2483 3194/1361/2471
f 3196/1359/2473 3208/1364/2485 3207/1365/2484 3195/1360/2472
f 3197/1358/2474 3209/1363/2486 3208/1364/2485 3196/1359/2473
f 3198/1314/2475 3210/1315/2487 3209/1363/2486 3197/1358/2474
f 3200/1363/2476 3212/1368/2488 3211/1316/2489 3199/1315/2477
f 3201/1364/2478 3213/1369/2490 3212/1368/2488 3200/1363/2476
f 3202/1365/2479 3214/1370/2491 3213/1369/2490 3201/1364/2478
f 3203/1366/2480 3215/1371/2492 3214/1370/2491 3202/1365/2479
f 3204/1367/2481 3216/1372/2493 3215/1371/2492 3203/1366/2480
f 3205/1367/2482 3217/1372/2494 3216/1372/2493 3204/1367/2481
f 3206/1366/2483 3218/1371/2495 3217/1372/2494 3205/1367/2482
f 3207/1365/2484 3219/1370/2496 3218/1371/2495 3206/1366/2483
f 3208/1364/2485 3220/1369/2497 3219/1370/2496 3207/1365/2484
f 3209/1363/2486 3221/1368/2498 3220/1369/2497 3208/1364/2485
f 3210/1315/2487 3222/1316/2499 3221/1368/2498 3209/1363/2486
f 3212/1368/2488 3224/1373/2500 3223/1317/2501 3211/1316/2489
f 3213/1369/2490 3225/1374/2502 3224/1373/2500 3212/1368/2488
f 3214/1370/2491 3226/1375/2503 3225/1374/2502 3213/1369/2490
f 3215/1371/2492 3227/1376/2504 3226/1375/2503 3214/1370/2491
f 3216/1372/2493 3228/1377/2505 3227/1376/2504 3215/1371/2492
f 3217/1372/2494 3229/1377/2506 3228/1377/2505 3216/1372/2493
f 3218/1371/2495 3230/1376/2507 3229/1377/2506 3217/1372/2494
f 3219/1370/2496 3231/1375/2508 3230/1376/2507 3218/1371/2495
f 3220/1369/2497 3232/1374/2509 3231/1375/2508 3219/1370/2496
f 3221/1368/2498 3233/1373/2510 3232/1374/2509 3220/1369/2497
f 3222/1316/2499 3234/1317/2511 3233/1373/2510 3221/1368/2498
f 3224/1373/2500 3236/1378/2512 3235/1318/2513 3223/1317/2501
f 3225/1374/2502 3237/1379/2514 3236/1378/2512 3224/1373/2500
f 3226/1375/2503 3238/1380/2515 3237/1379/2514 3225/1374/2502
f 3227/1376/2504 3239/1381/2516 3238/1380/2515 3226/1375/2503
f 3228/1377/2505 3240/1382/2517 3239/1381/2516 3227/1376/2504
f 3229/1377/2506 3241/1382/2518 3240/1382/2517 3228/1377/2505
f 3230/1376/2507 3242/1381/2519 3241/1382/2518 3229/1377/2506
f 3231/1375/2508 3243/1380/2520 3242/1381/2519 3230/1376/2507
f 3232/1374/2509 3244/1379/2521 3243/1380/2520 3231/1375/2508
f 3233/1373/2510 3245/1378/2522 3244/1379/2521 3232/1374/2509
f 3234/1317/2511 3246/1318/2523 3245/1378/2522 3233/1373/2510
f 3236/1378/2512 3248/1383/4 3247/1319/5 3235/1318/2513
f 3237/1379/2514 3249/1384/130 3248/1383/4 3236/1378/2512
f 3238/1380/2524 3250/1385/9 3249/1384/130 3237/1379/2514
f 3239/1381/2525 3251/1386/10 3250/1385/9 3238/1380/2524
f 3240/1382/2256 3252/1387/11 3251/1386/10 3239/1381/2525
f 3241/1382/2257 3253/1387/12 3252/1387/11 3240/1382/2256
f 3242/1381/2526 3254/1386/13 3253/1387/12 3241/1382/2257
f 3243/1380/2527 3255/1385/14 3254/1386/13 3242/1381/2526
f 3244/1379/2521 3256/1384/136 3255/1385/14 3243/1380/2527
f 3245/1378/2522 3257/1383/18 3256/1384/136 3244/1379/2521
f 3246/1318/2523 3258/1319/20 3257/1383/18 3245/1378/2522
f 3248/1383/4 3260/1388/21 3259/1322/22 3247/1319/5
f 3249/1384/130 3261/1389/1312 3260/1388/21 3248/1383/4
f 3250/1385/24 3262/1390/2242 3261/1389/1312 3249/1384/130
f 3251/1386/2528 3263/1391/2529 3262/1390/2242 3250/1385/24
f 3252/1387/2530 3264/1392/2531 3263/1391/2529 3251/1386/2528
f 3253/1387/2532 3265/1392/2533 3264/1392/2531 3252/1387/2530
f 3254/1386/2534 3266/1391/2535 3265/1392/2533 3253/1387/2532
f 3255/1385/34 3267/1390/2248 3266/1391/2535 3254/1386/2534
f 3256/1384/136 3268/1389/1316 3267/1390/2248 3255/1385/34
f 3257/1383/18 3269/1388/37 3268/1389/1316 3256/1384/136
f 3258/1319/20 3270/1322/38 3269/1388/37 3257/1383/18
f 3260/1388/21 3272/1393/39 3271/1321/193 3259/1322/22
f 3261/1389/1312 3273/1394/2536 3272/1393/39 3260/1388/21
f 3262/1390/2537 3274/1395/2537 3273/1394/2536 3261/1389/1312
f 3263/1391/2538 3275/1396/2538 3274/1395/2537 3262/1390/2537
f 3264/1392/2539 3276/1397/2539 3275/1396/2538 3263/1391/2538
f 3265/1392/2540 3277/1397/2540 3276/1397/2539 3264/1392/2539
f 3266/1391/2541 3278/1396/2541 3277/1397/2540 3265/1392/2540
f 3267/1390/2542 3279/1395/2542 3278/1396/2541 3266/1391/2541
f 3268/1389/1316 3280/1394/2543 3279/1395/2542 3267/1390/2542
f 3269/1388/37 3281/1393/49 3280/1394/2543 3268/1389/1316
f 3270/1322/38 3282/1321/236 3281/1393/49 3269/1388/37
f 3272/1393/39 3284/1398/51 3283/1320/237 3271/1321/193
f 3273/1394/2536 3285/1399/2544 3284/1398/51 3272/1393/39
f 3274/1395/2545 3286/1400/55 3285/1399/2544 3273/1394/2536
f 3275/1396/2546 3287/1401/2547 3286/1400/55 3274/1395/2545
f 3276/1397/2548 3288/1402/2549 3287/1401/2547 3275/1396/2546
f 3277/1397/2550 3289/1402/2551 3288/1402/2549 3276/1397/2548
f 3278/1396/2552 3290/1401/2553 3289/1402/2551 3277/1397/2550
f 3279/1395/2554 3291/1400/65 3290/1401/2553 3278/1396/2552
f 3280/1394/2543 3292/1399/2555 3291/1400/65 3279/1395/2554
f 3281/1393/49 3293/1398/67 3292/1399/2555 3280/1394/2543
f 3282/1321/236 3294/1320/241 3293/1398/67 3281/1393/49
f 3284/1398/51 3296/1403/69 3295/1306/249 3283/1320/237
f 3285/1399/2544 3297/1404/501 3296/1403/69 3284/1398/51
f 3286/1400/72 3298/1405/72 3297/1404/501 3285/1399/2544
f 3287/1401/288 3299/1406/288 3298/1405/72 3286/1400/72
f 3288/1402/289 3300/1407/289 3299/1406/288 3287/1401/288
f 3289/1402/290 3301/1407/290 3300/1407/289 3288/1402/289
f 3290/1401/291 3302/1406/291 3301/1407/290 3289/1402/290
f 3291/1400/79 3303/1405/79 3302/1406/291 3290/1401/291
f 3292/1399/2555 3304/1404/504 3303/1405/79 3291/1400/79
f 3293/1398/67 3305/1403/81 3304/1404/504 3292/1399/2555
f 3294/1320/241 3306/1306/265 3305/1403/81 3293/1398/67
f 3296/1403/69 3308/1408/2556 3307/762/2557 3295/1306/249
f 3297/1404/501 3309/1409/2558 3308/1408/2556 3296/1403/69
f 3298/1405/2559 3310/1410/2560 3309/1409/2558 3297/1404/501
f 3299/1406/2561 3311/1411/1515 3310/1410/2560 3298/1405/2559
f 3300/1407/2141 3312/1412/2562 3311/1411/1515 3299/1406/2561
f 3301/1407/2142 3313/1412/2563 3312/1412/2562 3300/1407/2141
f 3302/1406/2564 3314/1411/1516 3313/1412/2563 3301/1407/2142
f 3303/1405/2565 3315/1410/2566 3314/1411/1516 3302/1406/2564
f 3304/1404/504 3316/1409/2567 3315/1410/2566 3303/1405/2565
f 3305/1403/81 3317/1408/2568 3316/1409/2567 3304/1404/504
f 3306/1306/265 3318/762/2569 3317/1408/2568 3305/1403/81
f 3308/1408/2556 3104/1323/2382 3103/1307/2384 3307/762/2557
f 3309/1409/2558 3105/1325/2385 3104/1323/2382 3308/1408/2556
f 3310/1410/2570 3106/1327/2387 3105/1325/2385 3309/1409/2558
f 3311/1411/2571 3107/1329/2389 3106/1327/2387 3310/1410/2570
f 3312/1412/2572 3108/1331/2391 3107/1329/2389 3311/1411/2571
f 3313/1412/2573 3109/1331/2393 3108/1331/2391 3312/1412/2572
f 3314/1411/2574 3110/1329/2395 3109/1331/2393 3313/1412/2573
f 3315/1410/2575 3111/1327/2397 3110/1329/2395 3314/1411/2574
f 3316/1409/2567 3112/1325/2399 3111/1327/2397 3315/1410/2575
f 3317/1408/2568 3113/1323/2401 3112/1325/2399 3316/1409/2567
f 3318/762/2569 3114/1307/2403 3113/1323/2401 3317/1408/2568
f 3326/1413/1 3320/1414/1 3319/1415/1
f 3326/1413/1 3321/1416/1 3320/1414/1
f 3325/1417/1 3321/1416/1 3326/1413/1
f 3325/1417/1 3322/1418/1 3321/1416/1
f 3325/1417/1 3323/1419/1 3322/1418/1
f 3324/1420/1 3323/1419/1 3325/1417/1
f 3334/1413/2 3327/1415/2 3328/1414/2
f 3334/1413/2 3328/1414/2 3329/1416/2
f 3333/1417/2 3334/1413/2 3329/1416/2
f 3333/1417/2 3329/1416/2 3330/1418/2
f 3333/1417/2 3330/1418/2 3331/1419/2
f 3332/1420/2 3333/1417/2 3331/1419/2
f 3336/1421/2576 3348/1422/2577 3347/1414/2578 3335/1415/2579
f 3337/1423/2580 3349/1424/1353 3348/1422/2577 3336/1421/2576
f 3338/1425/2581 3350/1426/2582 3349/1424/1353 3337/1423/2580
f 3339/1427/2583 3351/1428/2584 3350/1426/2582 3338/1425/2581
f 3340/1429/2585 3352/1430/2586 3351/1428/2584 3339/1427/2583
f 3341/1429/2587 3353/1430/2588 3352/1430/2586 3340/1429/2585
f 3342/1427/2589 3354/1428/2590 3353/1430/2588 3341/1429/2587
f 3343/1425/2591 3355/1426/2592 3354/1428/2590 3342/1427/2589
f 3344/1423/2593 3356/1424/1366 3355/1426/2592 3343/1425/2591
f 3345/1421/2594 3357/1422/2595 3356/1424/1366 3344/1423/2593
f 3346/1415/2596 3358/1414/1368 3357/1422/2595 3345/1421/2594
f 3348/1422/2577 3360/1431/3 3359/1416/6 3347/1414/2578
f 3349/1424/1353 3361/1432/7 3360/1431/3 3348/1422/2577
f 3350/1426/115 3362/1433/116 3361/1432/7 3349/1424/1353
f 3351/1428/2597 3363/1434/1292 3362/1433/116 3350/1426/115
f 3352/1430/119 3364/1435/120 3363/1434/1292 3351/1428/2597
f 3353/1430/121 3365/1435/122 3364/1435/120 3352/1430/119
f 3354/1428/2598 3366/1434/1293 3365/1435/122 3353/1430/121
f 3355/1426/125 3367/1433/126 3366/1434/1293 3354/1428/2598
f 3356/1424/1366 3368/1432/2599 3367/1433/126 3355/1426/125
f 3357/1422/2595 3369/1431/17 3368/1432/2599 3356/1424/1366
f 3358/1414/1368 3370/1416/19 3369/1431/17 3357/1422/2595
f 3360/1431/3 3372/1436/4 3371/1418/5 3359/1416/6
f 3361/1432/7 3373/1437/130 3372/1436/4 3360/1431/3
f 3362/1433/9 3374/1438/9 3373/1437/130 3361/1432/7
f 3363/1434/10 3375/1439/10 3374/1438/9 3362/1433/9
f 3364/1435/11 3376/1440/11 3375/1439/10 3363/1434/10
f 3365/1435/12 3377/1440/12 3376/1440/11 3364/1435/11
f 3366/1434/13 3378/1439/13 3377/1440/12 3365/1435/12
f 3367/1433/14 3379/1438/14 3378/1439/13 3366/1434/13
f 3368/1432/2599 3380/1437/136 3379/1438/14 3367/1433/14
f 3369/1431/17 3381/1436/18 3380/1437/136 3368/1432/2599
f 3370/1416/19 3382/1418/20 3381/1436/18 3369/1431/17
f 3372/1436/4 3384/1441/2600 3383/1419/209 3371/1418/5
f 3373/1437/130 3385/1442/1312 3384/1441/2600 3372/1436/4
f 3374/1438/143 3386/1443/176 3385/1442/1312 3373/1437/130
f 3375/1439/1951 3387/1444/27 3386/1443/176 3374/1438/143
f 3376/1440/28 3388/1445/226 3387/1444/27 3375/1439/1951
f 3377/1440/30 3389/1445/228 3388/1445/226 3376/1440/28
f 3378/1439/1953 3390/1444/33 3389/1445/228 3377/1440/30
f 3379/1438/153 3391/1443/181 3390/1444/33 3378/1439/1953
f 3380/1437/136 3392/1442/1316 3391/1443/181 3379/1438/153
f 3381/1436/18 3393/1441/2601 3392/1442/1316 3380/1437/136
f 3382/1418/20 3394/1419/219 3393/1441/2601 3381/1436/18
f 3384/1441/2600 3396/1446/2602 3395/1420/2283 3383/1419/209
f 3385/1442/1312 3397/1447/2603 3396/1446/2602 3384/1441/2600
f 3386/1443/184 3398/1448/2604 3397/1447/2603 3385/1442/1312
f 3387/1444/2605 3399/1449/2606 3398/1448/2604 3386/1443/184
f 3388/1445/2607 3400/1450/2608 3399/1449/2606 3387/1444/2605
f 3389/1445/2609 3401/1450/2610 3400/1450/2608 3388/1445/2607
f 3390/1444/2611 3402/1449/2612 3401/1450/2610 3389/1445/2609
f 3391/1443/189 3403/1448/2613 3402/1449/2612 3390/1444/2611
f 3392/1442/1316 3404/1447/2614 3403/1448/2613 3391/1443/189
f 3393/1441/2601 3405/1446/2615 3404/1447/2614 3392/1442/1316
f 3394/1419/219 3406/1420/2293 3405/1446/2615 3393/1441/2601
f 3396/1446/2602 3408/1451/2294 3407/1417/891 3395/1420/2283
f 3397/1447/2603 3409/1452/2616 3408/1451/2294 3396/1446/2602
f 3398/1448/2604 3410/1453/2617 3409/1452/2616 3397/1447/2603
f 3399/1449/2606 3411/1454/2618 3410/1453/2617 3398/1448/2604
f 3400/1450/2608 3412/1455/2619 3411/1454/2618 3399/1449/2606
f 3401/1450/2610 3413/1455/2620 3412/1455/2619 3400/1450/2608
f 3402/1449/2612 3414/1454/2621 3413/1455/2620 3401/1450/2610
f 3403/1448/2613 3415/1453/2622 3414/1454/2621 3402/1449/2612
f 3404/1447/2614 3416/1452/2623 3415/1453/2622 3403/1448/2613
f 3405/1446/2615 3417/1451/2303 3416/1452/2623 3404/1447/2614
f 3406/1420/2293 3418/1417/901 3417/1451/2303 3405/1446/2615
f 3408/1451/2294 3420/1456/2624 3419/1413/2625 3407/1417/891
f 3409/1452/2616 3421/1457/2626 3420/1456/2624 3408/1451/2294
f 3410/1453/2627 3422/1458/2628 3421/1457/2626 3409/1452/2616
f 3411/1454/2629 3423/1459/2630 3422/1458/2628 3410/1453/2627
f 3412/1455/2631 3424/1460/2632 3423/1459/2630 3411/1454/2629
f 3413/1455/2633 3425/1460/2634 3424/1460/2632 3412/1455/2631
f 3414/1454/2635 3426/1459/2636 3425/1460/2634 3413/1455/2633
f 3415/1453/2637 3427/1458/2638 3426/1459/2636 3414/1454/2635
f 3416/1452/2623 3428/1457/2639 3427/1458/2638 3415/1453/2637
f 3417/1451/2303 3429/1456/2640 3428/1457/2639 3416/1452/2623
f 3418/1417/901 3430/1413/2641 3429/1456/2640 3417/1451/2303
f 3420/1456/2624 3336/1421/2576 3335/1415/2579 3419/1413/2625
f 3421/1457/2626 3337/1423/2580 3336/1421/2576 3420/1456/2624
f 3422/1458/2628 3338/1425/2642 3337/1423/2580 3421/1457/2626
f 3423/1459/2630 3339/1427/2643 3338/1425/2642 3422/1458/2628
f 3424/1460/2644 3340/1429/2645 3339/1427/2643 3423/1459/2630
f 3425/1460/2646 3341/1429/2647 3340/1429/2645 3424/1460/2644
f 3426/1459/2636 3342/1427/2648 3341/1429/2647 3425/1460/2646
f 3427/1458/2638 3343/1425/2649 3342/1427/2648 3426/1459/2636
f 3428/1457/2639 3344/1423/2593 3343/1425/2649 3427/1458/2638
f 3429/1456/2640 3345/1421/2594 3344/1423/2593 3428/1457/2639
f 3430/1413/2641 3346/1415/2596 3345/1421/2594 3429/1456/2640
usemtl Card_Trim
f 3433/1461/1 3431/1462/1 3434/1463/1
f 3432/1464/1 3431/1462/1 3433/1461/1
f 3437/1461/2 3438/1463/2 3435/1462/2
f 3436/1464/2 3437/1461/2 3435/1462/2
f 3440/1465/2650 3452/1466/2651 3451/1464/2652 3439/1462/2653
f 3441/1467/2240 3453/1468/2654 3452/1466/2651 3440/1465/2650
f 3442/1469/2655 3454/1470/2656 3453/1468/2654 3441/1467/2240
f 3443/1471/2657 3455/1472/2658 3454/1470/2656 3442/1469/2655
f 3444/1473/2244 3456/1474/2659 3455/1472/2658 3443/1471/2657
f 3445/1473/2245 3457/1474/2660 3456/1474/2659 3444/1473/2244
f 3446/1471/2661 3458/1472/2662 3457/1474/2660 3445/1473/2245
f 3447/1469/2663 3459/1470/2664 3458/1472/2662 3446/1471/2661
f 3448/1467/2249 3460/1468/2665 3459/1470/2664 3447/1469/2663
f 3449/1465/2666 3461/1466/2667 3460/1468/2665 3448/1467/2249
f 3450/1462/2668 3462/1464/2669 3461/1466/2667 3449/1465/2666
f 3452/1466/2651 3464/1475/2670 3463/1461/2671 3451/1464/2652
f 3453/1468/2672 3465/1476/2673 3464/1475/2670 3452/1466/2651
f 3454/1470/2674 3466/1477/2675 3465/1476/2673 3453/1468/2672
f 3455/1472/2676 3467/1478/2677 3466/1477/2675 3454/1470/2674
f 3456/1474/2678 3468/1479/2679 3467/1478/2677 3455/1472/2676
f 3457/1474/2680 3469/1479/2681 3468/1479/2679 3456/1474/2678
f 3458/1472/2682 3470/1478/2683 3469/1479/2681 3457/1474/2680
f 3459/1470/2684 3471/1477/2685 3470/1478/2683 3458/1472/2682
f 3460/1468/2686 3472/1476/2687 3471/1477/2685 3459/1470/2684
f 3461/1466/2667 3473/1475/2688 3472/1476/2687 3460/1468/2686
f 3462/1464/2669 3474/1461/2689 3473/1475/2688 3461/1466/2667
f 3464/1475/2670 3476/1480/2690 3475/1463/2691 3463/1461/2671
f 3465/1476/2692 3477/1481/2693 3476/1480/2690 3464/1475/2670
f 3466/1477/2694 3478/1482/2695 3477/1481/2693 3465/1476/2692
f 3467/1478/2696 3479/1483/2697 3478/1482/2695 3466/1477/2694
f 3468/1479/2698 3480/1484/2699 3479/1483/2697 3467/1478/2696
f 3469/1479/2700 3481/1484/2701 3480/1484/2699 3468/1479/2698
f 3470/1478/2702 3482/1483/2703 3481/1484/2701 3469/1479/2700
f 3471/1477/2704 3483/1482/2705 3482/1483/2703 3470/1478/2702
f 3472/1476/2706 3484/1481/2707 3483/1482/2705 3471/1477/2704
f 3473/1475/2688 3485/1480/2708 3484/1481/2707 3472/1476/2706
f 3474/1461/2689 3486/1463/2709 3485/1480/2708 3473/1475/2688
f 3476/1480/2690 3440/1465/2650 3439/1462/2653 3475/1463/2691
f 3477/1481/2710 3441/1467/2227 3440/1465/2650 3476/1480/2690
f 3478/1482/2711 3442/1469/2712 3441/1467/2227 3477/1481/2710
f 3479/1483/2713 3443/1471/2714 3442/1469/2712 3478/1482/2711
f 3480/1484/2715 3444/1473/1154 3443/1471/2714 3479/1483/2713
f 3481/1484/2716 3445/1473/1156 3444/1473/1154 3480/1484/2715
f 3482/1483/2717 3446/1471/2718 3445/1473/1156 3481/1484/2716
f 3483/1482/2719 3447/1469/2720 3446/1471/2718 3482/1483/2717
f 3484/1481/2721 3448/1467/2238 3447/1469/2720 3483/1482/2719
f 3485/1480/2708 3449/1465/2666 3448/1467/2238 3484/1481/2721
f 3486/1463/2709 3450/1462/2668 3449/1465/2666 3485/1480/2708
f 3488/1485/1 3490/1486/1 3489/1487/1
f 3488/1485/1 3487/1488/1 3490/1486/1
f 3492/1485/2 3493/1487/2 3494/1486/2
f 3492/1485/2 3494/1486/2 3491/1488/2
f 3496/1489/2722 3508/1490/2723 3507/1485/2724 3495/1488/2725
f 3497/1491/2726 3509/1492/2727 3508/1490/2723 3496/1489/2722
f 3498/1493/2728 3510/1494/2729 3509/1492/2727 3497/1491/2726
f 3499/1495/2730 3511/1496/2731 3510/1494/2729 3498/1493/2728
f 3500/1497/2732 3512/1498/2733 3511/1496/2731 3499/1495/2730
f 3501/1497/2734 3513/1498/2735 3512/1498/2733 3500/1497/2732
f 3502/1495/2736 3514/1496/2737 3513/1498/2735 3501/1497/2734
f 3503/1493/2738 3515/1494/2739 3514/1496/2737 3502/1495/2736
f 3504/1491/2740 3516/1492/2741 3515/1494/2739 3503/1493/2738
f 3505/1489/2742 3517/1490/2743 3516/1492/2741 3504/1491/2740
f 3506/1488/2744 3518/1485/2745 3517/1490/2743 3505/1489/2742
f 3508/1490/2723 3520/1499/2746 3519/1487/2747 3507/1485/2724
f 3509/1492/2748 3521/1500/2749 3520/1499/2746 3508/1490/2723
f 3510/1494/2750 3522/1501/2751 3521/1500/2749 3509/1492/2748
f 3511/1496/2752 3523/1502/2753 3522/1501/2751 3510/1494/2750
f 3512/1498/2754 3524/1503/2755 3523/1502/2753 3511/1496/2752
f 3513/1498/2756 3525/1503/2757 3524/1503/2755 3512/1498/2754
f 3514/1496/2758 3526/1502/2759 3525/1503/2757 3513/1498/2756
f 3515/1494/2760 3527/1501/2761 3526/1502/2759 3514/1496/2758
f 3516/1492/2762 3528/1500/2763 3527/1501/2761 3515/1494/2760
f 3517/1490/2743 3529/1499/2764 3528/1500/2763 3516/1492/2762
f 3518/1485/2745 3530/1487/2765 3529/1499/2764 3517/1490/2743
f 3520/1499/2746 3532/1504/2766 3531/1486/1220 3519/1487/2747
f 3521/1500/2767 3533/1505/2768 3532/1504/2766 3520/1499/2746
f 3522/1501/2769 3534/1506/2711 3533/1505/2768 3521/1500/2767
f 3523/1502/2770 3535/1507/2771 3534/1506/2711 3522/1501/2769
f 3524/1503/2772 3536/1508/2232 3535/1507/2771 3523/1502/2770
f 3525/1503/2773 3537/1508/2233 3536/1508/2232 3524/1503/2772
f 3526/1502/2774 3538/1507/2775 3537/1508/2233 3525/1503/2773
f 3527/1501/2776 3539/1506/2719 3538/1507/2775 3526/1502/2774
f 3528/1500/2777 3540/1505/2778 3539/1506/2719 3527/1501/2776
f 3529/1499/2764 3541/1504/2779 3540/1505/2778 3528/1500/2777
f 3530/1487/2765 3542/1486/2668 3541/1504/2779 3529/1499/2764
f 3532/1504/2766 3496/1489/2722 3495/1488/2725 3531/1486/1220
f 3533/1505/2780 3497/1491/2781 3496/1489/2722 3532/1504/2766
f 3534/1506/2782 3498/1493/2783 3497/1491/2781 3533/1505/2780
f 3535/1507/2657 3499/1495/2784 3498/1493/2783 3534/1506/2782
f 3536/1508/2244 3500/1497/2785 3499/1495/2784 3535/1507/2657
f 3537/1508/2245 3501/1497/2786 3500/1497/2785 3536/1508/2244
f 3538/1507/2661 3502/1495/2787 3501/1497/2786 3537/1508/2245
f 3539/1506/2788 3503/1493/2789 3502/1495/2787 3538/1507/2661
f 3540/1505/2790 3504/1491/2791 3503/1493/2789 3539/1506/2788
f 3541/1504/2779 3505/1489/2742 3504/1491/2791 3540/1505/2790
f 3542/1486/2668 3506/1488/2744 3505/1489/2742 3541/1504/2779
f 3545/1509/1 3543/1510/1 3546/1511/1
f 3544/1512/1 3543/1510/1 3545/1509/1
f 3549/1509/2 3550/1511/2 3547/1510/2
f 3548/1512/2 3549/1509/2 3547/1510/2
f 3552/1513/2095 3564/1514/2792 3563/1512/2122 3551/1510/975
f 3553/1515/2357 3565/1516/2357 3564/1514/2792 3552/1513/2095
f 3554/1517/2124 3566/1518/2124 3565/1516/2357 3553/1515/2357
f 3555/1519/2793 3567/1520/2793 3566/1518/2124 3554/1517/2124
f 3556/1521/2360 3568/1522/2360 3567/1520/2793 3555/1519/2793
f 3557/1521/2361 3569/1522/2361 3568/1522/2360 3556/1521/2360
f 3558/1519/2794 3570/1520/2794 3569/1522/2361 3557/1521/2361
f 3559/1517/2125 3571/1518/2125 3570/1520/2794 3558/1519/2794
f 3560/1515/2364 3572/1516/2364 3571/1518/2125 3559/1517/2125
f 3561/1513/2096 3573/1514/2795 3572/1516/2364 3560/1515/2364
f 3562/1510/993 3574/1512/2128 3573/1514/2795 3561/1513/2096
f 3564/1514/2792 3576/1523/2796 3575/1509/2797 3563/1512/2122
f 3565/1516/2129 3577/1524/2798 3576/1523/2796 3564/1514/2792
f 3566/1518/2130 3578/1525/2799 3577/1524/2798 3565/1516/2129
f 3567/1520/2800 3579/1526/2801 3578/1525/2799 3566/1518/2130
f 3568/1522/2802 3580/1527/2802 3579/1526/2801 3567/1520/2800
f 3569/1522/2803 3581/1527/2803 3580/1527/2802 3568/1522/2802
f 3570/1520/2804 3582/1526/2805 3581/1527/2803 3569/1522/2803
f 3571/1518/2133 3583/1525/2806 3582/1526/2805 3570/1520/2804
f 3572/1516/2023 3584/1524/2807 3583/1525/2806 3571/1518/2133
f 3573/1514/2795 3585/1523/2808 3584/1524/2807 3572/1516/2023
f 3574/1512/2128 3586/1509/2809 3585/1523/2808 3573/1514/2795
f 3576/1523/2796 3588/1528/2810 3587/1511/2811 3575/1509/2797
f 3577/1524/2812 3589/1529/2813 3588/1528/2810 3576/1523/2796
f 3578/1525/2814 3590/1530/2815 3589/1529/2813 3577/1524/2812
f 3579/1526/2816 3591/1531/2817 3590/1530/2815 3578/1525/2814
f 3580/1527/2818 3592/1532/2819 3591/1531/2817 3579/1526/2816
f 3581/1527/2820 3593/1532/2821 3592/1532/2819 3580/1527/2818
f 3582/1526/2822 3594/1531/2823 3593/1532/2821 3581/1527/2820
f 3583/1525/2824 3595/1530/2825 3594/1531/2823 3582/1526/2822
f 3584/1524/2826 3596/1529/2827 3595/1530/2825 3583/1525/2824
f 3585/1523/2808 3597/1528/2828 3596/1529/2827 3584/1524/2826
f 3586/1509/2809 3598/1511/2166 3597/1528/2828 3585/1523/2808
f 3588/1528/2810 3552/1513/2095 3551/1510/975 3587/1511/2811
f 3589/1529/2829 3553/1515/634 3552/1513/2095 3588/1528/2810
f 3590/1530/2168 3554/1517/636 3553/1515/634 3589/1529/2829
f 3591/1531/2830 3555/1519/2351 3554/1517/636 3590/1530/2168
f 3592/1532/640 3556/1521/2352 3555/1519/2351 3591/1531/2830
f 3593/1532/642 3557/1521/2353 3556/1521/2352 3592/1532/640
f 3594/1531/2831 3558/1519/2354 3557/1521/2353 3593/1532/642
f 3595/1530/2173 3559/1517/646 3558/1519/2354 3594/1531/2831
f 3596/1529/2832 3560/1515/648 3559/1517/646 3595/1530/2173
f 3597/1528/2828 3561/1513/2096 3560/1515/648 3596/1529/2832
f 3598/1511/2166 3562/1510/993 3561/1513/2096 3597/1528/2828
f 3602/1533/1 3600/1534/1 3599/1535/1
f 3601/1536/1 3600/1534/1 3602/1533/1
f 3606/1533/2 3603/1535/2 3604/1534/2
f 3605/1536/2 3606/1533/2 3604/1534/2
f 3608/1537/2833 3620/1538/2834 3619/1534/2835 3607/1535/2836
f 3609/1539/2837 3621/1540/2838 3620/1538/2834 3608/1537/2833
f 3610/1541/2839 3622/1542/2840 3621/1540/2838 3609/1539/2837
f 3611/1543/2841 3623/1544/2842 3622/1542/2840 3610/1541/2839
f 3612/1545/2843 3624/1546/2844 3623/1544/2842 3611/1543/2841
f 3613/1545/2845 3625/1546/2846 3624/1546/2844 3612/1545/2843
f 3614/1543/2847 3626/1544/2848 3625/1546/2846 3613/1545/2845
f 3615/1541/2849 3627/1542/2850 3626/1544/2848 3614/1543/2847
f 3616/1539/2851 3628/1540/2852 3627/1542/2850 3615/1541/2849
f 3617/1537/2853 3629/1538/2854 3628/1540/2852 3616/1539/2851
f 3618/1535/2855 3630/1534/2856 3629/1538/2854 3617/1537/2853
f 3620/1538/2834 3632/1547/2857 3631/1536/2652 3619/1534/2835
f 3621/1540/2858 3633/1548/2654 3632/1547/2857 3620/1538/2834
f 3622/1542/2859 3634/1549/2860 3633/1548/2654 3621/1540/2858
f 3623/1544/2861 3635/1550/2862 3634/1549/2860 3622/1542/2859
f 3624/1546/2244 3636/1551/2863 3635/1550/2862 3623/1544/2861
f 3625/1546/2245 3637/1551/2864 3636/1551/2863 3624/1546/2244
f 3626/1544/2865 3638/1550/2866 3637/1551/2864 3625/1546/2245
f 3627/1542/2867 3639/1549/2868 3638/1550/2866 3626/1544/2865
f 3628/1540/2869 3640/1548/2665 3639/1549/2868 3627/1542/2867
f 3629/1538/2854 3641/1547/2870 3640/1548/2665 3628/1540/2869
f 3630/1534/2856 3642/1536/2669 3641/1547/2870 3629/1538/2854
f 3632/1547/2857 3644/1552/2193 3643/1533/2194 3631/1536/2652
f 3633/1548/2871 3645/1553/2872 3644/1552/2193 3632/1547/2857
f 3634/1549/2873 3646/1554/2874 3645/1553/2872 3633/1548/2871
f 3635/1550/2677 3647/1555/2875 3646/1554/2874 3634/1549/2873
f 3636/1551/2876 3648/1556/2199 3647/1555/2875 3635/1550/2677
f 3637/1551/2877 3649/1556/2200 3648/1556/2199 3636/1551/2876
f 3638/1550/2683 3650/1555/2878 3649/1556/2200 3637/1551/2877
f 3639/1549/2879 3651/1554/2880 3650/1555/2878 3638/1550/2683
f 3640/1548/2881 3652/1553/2882 3651/1554/2880 3639/1549/2879
f 3641/1547/2870 3653/1552/2205 3652/1553/2882 3640/1548/2881
f 3642/1536/2669 3654/1533/1195 3653/1552/2205 3641/1547/2870
f 3644/1552/2193 3608/1537/2833 3607/1535/2836 3643/1533/2194
f 3645/1553/2206 3609/1539/2883 3608/1537/2833 3644/1552/2193
f 3646/1554/2208 3610/1541/2884 3609/1539/2883 3645/1553/2206
f 3647/1555/2210 3611/1543/2885 3610/1541/2884 3646/1554/2208
f 3648/1556/2211 3612/1545/2886 3611/1543/2885 3647/1555/2210
f 3649/1556/2213 3613/1545/2887 3612/1545/2886 3648/1556/2211
f 3650/1555/2215 3614/1543/2888 3613/1545/2887 3649/1556/2213
f 3651/1554/2216 3615/1541/2889 3614/1543/2888 3650/1555/2215
f 3652/1553/2218 3616/1539/2890 3615/1541/2889 3651/1554/2216
f 3653/1552/2205 3617/1537/2853 3616/1539/2890 3652/1553/2218
f 3654/1533/1195 3618/1535/2855 3617/1537/2853 3653/1552/2205
f 3655/1557/1 3657/1558/1 3656/1559/1
f 3655/1557/1 3658/1560/1 3657/1558/1
f 3659/1557/2 3660/1559/2 3661/1558/2
f 3659/1557/2 3661/1558/2 3662/1560/2
f 3664/1561/2891 3676/1562/2892 3675/1559/2893 3663/1557/2894
f 3665/1563/2895 3677/1564/2896 3676/1562/2892 3664/1561/2891
f 3666/1565/2897 3678/1566/2898 3677/1564/2896 3665/1563/2895
f 3667/1567/2899 3679/1568/2900 3678/1566/2898 3666/1565/2897
f 3668/1569/2901 3680/1570/2902 3679/1568/2900 3667/1567/2899
f 3669/1569/2903 3681/1570/2904 3680/1570/2902 3668/1569/2901
f 3670/1567/2905 3682/1568/2906 3681/1570/2904 3669/1569/2903
f 3671/1565/2907 3683/1566/2908 3682/1568/2906 3670/1567/2905
f 3672/1563/2909 3684/1564/2910 3683/1566/2908 3671/1565/2907
f 3673/1561/2911 3685/1562/2912 3684/1564/2910 3672/1563/2909
f 3674/1557/2913 3686/1559/2914 3685/1562/2912 3673/1561/2911
f 3676/1562/2892 3688/1571/2226 3687/1558/1220 3675/1559/2893
f 3677/1564/2915 3689/1572/2916 3688/1571/2226 3676/1562/2892
f 3678/1566/2917 3690/1573/2229 3689/1572/2916 3677/1564/2915
f 3679/1568/2918 3691/1574/2714 3690/1573/2229 3678/1566/2917
f 3680/1570/2919 3692/1575/1154 3691/1574/2714 3679/1568/2918
f 3681/1570/2920 3693/1575/1156 3692/1575/1154 3680/1570/2919
f 3682/1568/2921 3694/1574/2718 3693/1575/1156 3681/1570/2920
f 3683/1566/2922 3695/1573/2237 3694/1574/2718 3682/1568/2921
f 3684/1564/2923 3696/1572/2924 3695/1573/2237 3683/1566/2922
f 3685/1562/2912 3697/1571/2239 3696/1572/2924 3684/1564/2923
f 3686/1559/2914 3698/1558/1231 3697/1571/2239 3685/1562/2912
f 3688/1571/2226 3700/1576/2857 3699/1560/2652 3687/1558/1220
f 3689/1572/2925 3701/1577/2654 3700/1576/2857 3688/1571/2226
f 3690/1573/2782 3702/1578/2926 3701/1577/2654 3689/1572/2925
f 3691/1574/2657 3703/1579/2862 3702/1578/2926 3690/1573/2782
f 3692/1575/2244 3704/1580/2659 3703/1579/2862 3691/1574/2657
f 3693/1575/2245 3705/1580/2660 3704/1580/2659 3692/1575/2244
f 3694/1574/2661 3706/1579/2927 3705/1580/2660 3693/1575/2245
f 3695/1573/2788 3707/1578/2928 3706/1579/2927 3694/1574/2661
f 3696/1572/2929 3708/1577/2665 3707/1578/2928 3695/1573/2788
f 3697/1571/2239 3709/1576/2870 3708/1577/2665 3696/1572/2929
f 3698/1558/1231 3710/1560/2669 3709/1576/2870 3697/1571/2239
f 3700/1576/2857 3664/1561/2891 3663/1557/2894 3699/1560/2652
f 3701/1577/2930 3665/1563/2931 3664/1561/2891 3700/1576/2857
f 3702/1578/2873 3666/1565/2932 3665/1563/2931 3701/1577/2930
f 3703/1579/2933 3667/1567/2934 3666/1565/2932 3702/1578/2873
f 3704/1580/2935 3668/1569/2936 3667/1567/2934 3703/1579/2933
f 3705/1580/2937 3669/1569/2938 3668/1569/2936 3704/1580/2935
f 3706/1579/2939 3670/1567/2940 3669/1569/2938 3705/1580/2937
f 3707/1578/2879 3671/1565/2941 3670/1567/2940 3706/1579/2939
f 3708/1577/2942 3672/1563/2943 3671/1565/2941 3707/1578/2879
f 3709/1576/2870 3673/1561/2911 3672/1563/2943 3708/1577/2942
f 3710/1560/2669 3674/1557/2913 3673/1561/2911 3709/1576/2870
f 3714/1581/1 3711/1582/1 3715/1583/1
f 3714/1581/1 3712/1584/1 3711/1582/1
f 3714/1581/1 3713/1585/1 3712/1584/1
f 3719/1581/2 3720/1583/2 3716/1582/2
f 3719/1581/2 3716/1582/2 3717/1584/2
f 3719/1581/2 3717/1584/2 3718/1585/2
f 3722/1586/2944 3734/1587/2945 3733/1584/2946 3721/1582/2947
f 3723/1588/2948 3735/1589/2949 3734/1587/2945 3722/1586/2944
f 3724/1590/2950 3736/1591/2951 3735/1589/2949 3723/1588/2948
f 3725/1592/2952 3737/1593/2953 3736/1591/2951 3724/1590/2950
f 3726/1594/2954 3738/1595/2955 3737/1593/2953 3725/1592/2952
f 3727/1594/2956 3739/1595/2957 3738/1595/2955 3726/1594/2954
f 3728/1592/2958 3740/1593/2959 3739/1595/2957 3727/1594/2956
f 3729/1590/2960 3741/1591/2961 3740/1593/2959 3728/1592/2958
f 3730/1588/2962 3742/1589/2963 3741/1591/2961 3729/1590/2960
f 3731/1586/2964 3743/1587/2965 3742/1589/2963 3730/1588/2962
f 3732/1582/2966 3744/1584/2967 3743/1587/2965 3731/1586/2964
f 3734/1587/2945 3746/1596/2095 3745/1585/975 3733/1584/2946
f 3735/1589/2949 3747/1597/634 3746/1596/2095 3734/1587/2945
f 3736/1591/2951 3748/1598/2968 3747/1597/634 3735/1589/2949
f 3737/1593/2953 3749/1599/638 3748/1598/2968 3736/1591/2951
f 3738/1595/2955 3750/1600/640 3749/1599/638 3737/1593/2953
f 3739/1595/2957 3751/1600/642 3750/1600/640 3738/1595/2955
f 3740/1593/2959 3752/1599/644 3751/1600/642 3739/1595/2957
f 3741/1591/2961 3753/1598/2969 3752/1599/644 3740/1593/2959
f 3742/1589/2963 3754/1597/1946 3753/1598/2969 3741/1591/2961
f 3743/1587/2965 3755/1596/2096 3754/1597/1946 3742/1589/2963
f 3744/1584/2967 3756/1585/993 3755/1596/2096 3743/1587/2965
f 3746/1596/2095 3758/1601/2792 3757/1581/2122 3745/1585/975
f 3747/1597/2357 3759/1602/2357 3758/1601/2792 3746/1596/2095
f 3748/1598/2124 3760/1603/2124 3759/1602/2357 3747/1597/2357
f 3749/1599/2359 3761/1604/2359 3760/1603/2124 3748/1598/2124
f 3750/1600/2360 3762/1605/2360 3761/1604/2359 3749/1599/2359
f 3751/1600/2361 3763/1605/2361 3762/1605/2360 3750/1600/2360
f 3752/1599/2362 3764/1604/2362 3763/1605/2361 3751/1600/2361
f 3753/1598/2125 3765/1603/2125 3764/1604/2362 3752/1599/2362
f 3754/1597/2364 3766/1602/2364 3765/1603/2125 3753/1598/2125
f 3755/1596/2096 3767/1601/2795 3766/1602/2364 3754/1597/2364
f 3756/1585/993 3768/1581/2128 3767/1601/2795 3755/1596/2096
f 3758/1601/2792 3770/1606/2015 3769/1583/941 3757/1581/2122
f 3759/1602/2016 3771/1607/2016 3770/1606/2015 3758/1601/2792
f 3760/1603/2970 3772/1608/2970 3771/1607/2016 3759/1602/2016
f 3761/1604/2018 3773/1609/2018 3772/1608/2970 3760/1603/2970
f 3762/1605/1979 3774/1610/1979 3773/1609/2018 3761/1604/2018
f 3763/1605/1980 3775/1610/1980 3774/1610/1979 3762/1605/1979
f 3764/1604/2021 3776/1609/2021 3775/1610/1980 3763/1605/1980
f 3765/1603/2971 3777/1608/2971 3776/1609/2021 3764/1604/2021
f 3766/1602/2134 3778/1607/2134 3777/1608/2971 3765/1603/2971
f 3767/1601/2795 3779/1606/2024 3778/1607/2134 3766/1602/2134
f 3768/1581/2128 3780/1583/960 3779/1606/2024 3767/1601/2795
f 3770/1606/2015 3722/1586/2944 3721/1582/2947 3769/1583/941
f 3771/1607/616 3723/1588/2972 3722/1586/2944 3770/1606/2015
f 3772/1608/618 3724/1590/2973 3723/1588/2972 3771/1607/616
f 3773/1609/620 3725/1592/2974 3724/1590/2973 3772/1608/618
f 3774/1610/622 3726/1594/2975 3725/1592/2974 3773/1609/620
f 3775/1610/624 3727/1594/2976 3726/1594/2975 3774/1610/622
f 3776/1609/626 3728/1592/2977 3727/1594/2976 3775/1610/624
f 3777/1608/628 3729/1590/2978 3728/1592/2977 3776/1609/626
f 3778/1607/629 3730/1588/2979 3729/1590/2978 3777/1608/628
f 3779/1606/2024 3731/1586/2964 3730/1588/2979 3778/1607/629
f 3780/1583/960 3732/1582/2966 3731/1586/2964 3779/1606/2024
f 3782/1611/1 3784/1612/1 3783/1613/1
f 3782/1611/1 3781/1614/1 3784/1612/1
f 3786/1611/2 3787/1613/2 3788/1612/2
f 3786/1611/2 3788/1612/2 3785/1614/2
f 3790/1615/220 3802/1616/182 3801/1611/193 3789/1614/209
f 3791/1617/2980 3803/1618/2098 3802/1616/182 3790/1615/220
f 3792/1619/42 3804/1620/42 3803/1618/2098 3791/1617/2980
f 3793/1621/1298 3805/1622/1298 3804/1620/42 3792/1619/42
f 3794/1623/2539 3806/1624/2539 3805/1622/1298 3793/1621/1298
f 3795/1623/2540 3807/1624/2540 3806/1624/2539 3794/1623/2539
f 3796/1621/1317 3808/1622/1317 3807/1624/2540 3795/1623/2540
f 3797/1619/47 3809/1620/47 3808/1622/1317 3796/1621/1317
f 3798/1617/2981 3810/1618/2110 3809/1620/47 3797/1619/47
f 3799/1615/233 3811/1616/191 3810/1618/2110 3798/1617/2981
f 3800/1614/219 3812/1611/236 3811/1616/191 3799/1615/233
f 3802/1616/182 3814/1625/2982 3813/1613/2983 3801/1611/193
f 3803/1618/2098 3815/1626/2984 3814/1625/2982 3802/1616/182
f 3804/1620/195 3816/1627/2985 3815/1626/2984 3803/1618/2098
f 3805/1622/197 3817/1628/2986 3816/1627/2985 3804/1620/195
f 3806/1624/199 3818/1629/2987 3817/1628/2986 3805/1622/197
f 3807/1624/2113 3819/1629/2988 3818/1629/2987 3806/1624/199
f 3808/1622/202 3820/1628/2989 3819/1629/2988 3807/1624/2113
f 3809/1620/204 3821/1627/2990 3820/1628/2989 3808/1622/202
f 3810/1618/2110 3822/1626/2991 3821/1627/2990 3809/1620/204
f 3811/1616/191 3823/1625/2992 3822/1626/2991 3810/1618/2110
f 3812/1611/236 3824/1613/2993 3823/1625/2992 3811/1616/191
f 3814/1625/2982 3826/1630/2994 3825/1612/2995 3813/1613/2983
f 3815/1626/2996 3827/1631/2997 3826/1630/2994 3814/1625/2982
f 3816/1627/2998 3828/1632/2999 3827/1631/2997 3815/1626/2996
f 3817/1628/3000 3829/1633/3001 3828/1632/2999 3816/1627/2998
f 3818/1629/3002 3830/1634/3003 3829/1633/3001 3817/1628/3000
f 3819/1629/3004 3831/1634/3005 3830/1634/3003 3818/1629/3002
f 3820/1628/3006 3832/1633/3007 3831/1634/3005 3819/1629/3004
f 3821/1627/3008 3833/1632/3009 3832/1633/3007 3820/1628/3006
f 3822/1626/3010 3834/1631/3011 3833/1632/3009 3821/1627/3008
f 3823/1625/2992 3835/1630/3012 3834/1631/3011 3822/1626/3010
f 3824/1613/2993 3836/1612/3013 3835/1630/3012 3823/1625/2992
f 3826/1630/2994 3790/1615/220 3789/1614/209 3825/1612/2995
f 3827/1631/3014 3791/1617/2980 3790/1615/220 3826/1630/2994
f 3828/1632/3015 3792/1619/25 3791/1617/2980 3827/1631/3014
f 3829/1633/3016 3793/1621/1295 3792/1619/25 3828/1632/3015
f 3830/1634/3017 3794/1623/3018 3793/1621/1295 3829/1633/3016
f 3831/1634/3019 3795/1623/3020 3794/1623/3018 3830/1634/3017
f 3832/1633/3021 3796/1621/1296 3795/1623/3020 3831/1634/3019
f 3833/1632/3022 3797/1619/1297 3796/1621/1296 3832/1633/3021
f 3834/1631/3023 3798/1617/2981 3797/1619/1297 3833/1632/3022
f 3835/1630/3012 3799/1615/233 3798/1617/2981 3834/1631/3023
f 3836/1612/3013 3800/1614/219 3799/1615/233 3835/1630/3012
usemtl Card_Tab
f 3838/1635/1 3840/1636/1 3839/1637/1
f 3838/1635/1 3837/1638/1 3840/1636/1
f 3842/1635/2 3843/1637/2 3844/1636/2
f 3842/1635/2 3844/1636/2 3841/1638/2
f 3846/1639/4 3858/1640/3024 3857/1635/3025 3845/1638/5
f 3847/1641/130 3859/1642/3026 3858/1640/3024 3846/1639/4
f 3848/1643/3027 3860/1644/3028 3859/1642/3026 3847/1641/130
f 3849/1645/26 3861/1646/3029 3860/1644/3028 3848/1643/3027
f 3850/1647/707 3862/1648/3030 3861/1646/3029 3849/1645/26
f 3851/1647/708 3863/1648/3031 3862/1648/3030 3850/1647/707
f 3852/1645/32 3864/1646/3032 3863/1648/3031 3851/1647/708
f 3853/1643/3033 3865/1644/3034 3864/1646/3032 3852/1645/32
f 3854/1641/136 3866/1642/3035 3865/1644/3034 3853/1643/3033
f 3855/1639/18 3867/1640/3036 3866/1642/3035 3854/1641/136
f 3856/1638/20 3868/1635/3037 3867/1640/3036 3855/1639/18
f 3858/1640/3024 3870/1649/3038 3869/1637/3039 3857/1635/3025
f 3859/1642/3040 3871/1650/3041 3870/1649/3038 3858/1640/3024
f 3860/1644/3042 3872/1651/3043 3871/1650/3041 3859/1642/3040
f 3861/1646/3044 3873/1652/3045 3872/1651/3043 3860/1644/3042
f 3862/1648/3046 3874/1653/3047 3873/1652/3045 3861/1646/3044
f 3863/1648/3048 3875/1653/3049 3874/1653/3047 3862/1648/3046
f 3864/1646/3050 3876/1652/3051 3875/1653/3049 3863/1648/3048
f 3865/1644/3052 3877/1651/3053 3876/1652/3051 3864/1646/3050
f 3866/1642/3054 3878/1650/3055 3877/1651/3053 3865/1644/3052
f 3867/1640/3036 3879/1649/3056 3878/1650/3055 3866/1642/3054
f 3868/1635/3037 3880/1637/3057 3879/1649/3056 3867/1640/3036
f 3870/1649/3038 3882/1654/3058 3881/1636/3059 3869/1637/3039
f 3871/1650/3060 3883/1655/3061 3882/1654/3058 3870/1649/3038
f 3872/1651/3062 3884/1656/3063 3883/1655/3061 3871/1650/3060
f 3873/1652/3064 3885/1657/3065 3884/1656/3063 3872/1651/3062
f 3874/1653/3066 3886/1658/3067 3885/1657/3065 3873/1652/3064
f 3875/1653/3068 3887/1658/3069 3886/1658/3067 3874/1653/3066
f 3876/1652/3070 3888/1657/3071 3887/1658/3069 3875/1653/3068
f 3877/1651/3072 3889/1656/3073 3888/1657/3071 3876/1652/3070
f 3878/1650/3074 3890/1655/3075 3889/1656/3073 3877/1651/3072
f 3879/1649/3056 3891/1654/3076 3890/1655/3075 3878/1650/3074
f 3880/1637/3057 3892/1636/3077 3891/1654/3076 3879/1649/3056
f 3882/1654/3058 3846/1639/4 3845/1638/5 3881/1636/3059
f 3883/1655/3061 3847/1641/130 3846/1639/4 3882/1654/3058
f 3884/1656/3078 3848/1643/3079 3847/1641/130 3883/1655/3061
f 3885/1657/3080 3849/1645/10 3848/1643/3079 3884/1656/3078
f 3886/1658/11 3850/1647/2054 3849/1645/10 3885/1657/3080
f 3887/1658/12 3851/1647/2056 3850/1647/2054 3886/1658/11
f 3888/1657/3081 3852/1645/13 3851/1647/2056 3887/1658/12
f 3889/1656/3082 3853/1643/3083 3852/1645/13 3888/1657/3081
f 3890/1655/3075 3854/1641/136 3853/1643/3083 3889/1656/3082
f 3891/1654/3076 3855/1639/18 3854/1641/136 3890/1655/3075
f 3892/1636/3077 3856/1638/20 3855/1639/18 3891/1654/3076
f 3894/1659/1 3896/1660/1 3895/1661/1
f 3893/1662/1 3896/1660/1 3894/1659/1
f 3898/1659/2 3899/1661/2 3900/1660/2
f 3897/1662/2 3898/1659/2 3900/1660/2
f 3902/1663/51 3914/1664/69 3913/1659/70 3901/1662/52
f 3903/1665/53 3915/1666/3084 3914/1664/69 3902/1663/51
f 3904/1667/72 3916/1668/72 3915/1666/3084 3903/1665/53
f 3905/1669/243 3917/1670/243 3916/1668/72 3904/1667/72
f 3906/1671/244 3918/1672/244 3917/1670/243 3905/1669/243
f 3907/1671/245 3919/1672/245 3918/1672/244 3906/1671/244
f 3908/1669/246 3920/1670/246 3919/1672/245 3907/1671/245
f 3909/1667/79 3921/1668/79 3920/1670/246 3908/1669/246
f 3910/1665/66 3922/1666/3085 3921/1668/79 3909/1667/79
f 3911/1663/67 3923/1664/81 3922/1666/3085 3910/1665/66
f 3912/1662/68 3924/1659/82 3923/1664/81 3911/1663/67
f 3914/1664/69 3926/1673/3086 3925/1661/3087 3913/1659/70
f 3915/1666/3084 3927/1674/3088 3926/1673/3086 3914/1664/69
f 3916/1668/86 3928/1675/3089 3927/1674/3088 3915/1666/3084
f 3917/1670/2561 3929/1676/3090 3928/1675/3089 3916/1668/86
f 3918/1672/91 3930/1677/3091 3929/1676/3090 3917/1670/2561
f 3919/1672/93 3931/1677/3092 3930/1677/3091 3918/1672/91
f 3920/1670/2564 3932/1676/3093 3931/1677/3092 3919/1672/93
f 3921/1668/96 3933/1675/3094 3932/1676/3093 3920/1670/2564
f 3922/1666/3085 3934/1674/3095 3933/1675/3094 3921/1668/96
f 3923/1664/81 3935/1673/3096 3934/1674/3095 3922/1666/3085
f 3924/1659/82 3936/1661/3097 3935/1673/3096 3923/1664/81
f 3926/1673/3086 3938/1678/3098 3937/1660/3099 3925/1661/3087
f 3927/1674/3100 3939/1679/3101 3938/1678/3098 3926/1673/3086
f 3928/1675/3102 3940/1680/3103 3939/1679/3101 3927/1674/3100
f 3929/1676/3104 3941/1681/3105 3940/1680/3103 3928/1675/3102
f 3930/1677/3106 3942/1682/3107 3941/1681/3105 3929/1676/3104
f 3931/1677/3108 3943/1682/3109 3942/1682/3107 3930/1677/3106
f 3932/1676/3110 3944/1681/3111 3943/1682/3109 3931/1677/3108
f 3933/1675/3112 3945/1680/3113 3944/1681/3111 3932/1676/3110
f 3934/1674/3114 3946/1679/3115 3945/1680/3113 3933/1675/3112
f 3935/1673/3096 3947/1678/3116 3946/1679/3115 3934/1674/3114
f 3936/1661/3097 3948/1660/3117 3947/1678/3116 3935/1673/3096
f 3938/1678/3098 3902/1663/51 3901/1662/52 3937/1660/3099
f 3939/1679/3118 3903/1665/53 3902/1663/51 3938/1678/3098
f 3940/1680/3119 3904/1667/2009 3903/1665/53 3939/1679/3118
f 3941/1681/3120 3905/1669/238 3904/1667/2009 3940/1680/3119
f 3942/1682/3121 3906/1671/2011 3905/1669/238 3941/1681/3120
f 3943/1682/3122 3907/1671/2012 3906/1671/2011 3942/1682/3121
f 3944/1681/3123 3908/1669/240 3907/1671/2012 3943/1682/3122
f 3945/1680/3124 3909/1667/3125 3908/1669/240 3944/1681/3123
f 3946/1679/3126 3910/1665/66 3909/1667/3125 3945/1680/3124
f 3947/1678/3116 3911/1663/67 3910/1665/66 3946/1679/3126
f 3948/1660/3117 3912/1662/68 3911/1663/67 3947/1678/3116
f 3950/1683/1 3952/1684/1 3951/1685/1
f 3950/1683/1 3949/1686/1 3952/1684/1
f 3954/1683/2 3955/1685/2 3956/1684/2
f 3954/1683/2 3956/1684/2 3953/1686/2
f 3958/1687/220 3970/1688/39 3969/1683/193 3957/1686/209
f 3959/1689/23 3971/1690/2098 3970/1688/39 3958/1687/220
f 3960/1691/3127 3972/1692/3127 3971/1690/2098 3959/1689/23
f 3961/1693/2102 3973/1694/2102 3972/1692/3127 3960/1691/3127
f 3962/1695/356 3974/1696/356 3973/1694/2102 3961/1693/2102
f 3963/1695/358 3975/1696/358 3974/1696/356 3962/1695/356
f 3964/1693/2106 3976/1694/2106 3975/1696/358 3963/1695/358
f 3965/1691/3128 3977/1692/3128 3976/1694/2106 3964/1693/2106
f 3966/1689/36 3978/1690/2110 3977/1692/3128 3965/1691/3128
f 3967/1687/233 3979/1688/49 3978/1690/2110 3966/1689/36
f 3968/1686/219 3980/1683/236 3979/1688/49 3967/1687/233
f 3970/1688/39 3982/1697/3129 3981/1685/3130 3969/1683/193
f 3971/1690/2098 3983/1698/3131 3982/1697/3129 3970/1688/39
f 3972/1692/2545 3984/1699/3132 3983/1698/3131 3971/1690/2098
f 3973/1694/197 3985/1700/3133 3984/1699/3132 3972/1692/2545
f 3974/1696/58 3986/1701/3134 3985/1700/3133 3973/1694/197
f 3975/1696/60 3987/1701/3135 3986/1701/3134 3974/1696/58
f 3976/1694/202 3988/1700/3136 3987/1701/3135 3975/1696/60
f 3977/1692/2554 3989/1699/3137 3988/1700/3136 3976/1694/202
f 3978/1690/2110 3990/1698/3138 3989/1699/3137 3977/1692/2554
f 3979/1688/49 3991/1697/3139 3990/1698/3138 3978/1690/2110
f 3980/1683/236 3992/1685/3140 3991/1697/3139 3979/1688/49
f 3982/1697/3129 3994/1702/3141 3993/1684/3142 3981/1685/3130
f 3983/1698/3143 3995/1703/3144 3994/1702/3141 3982/1697/3129
f 3984/1699/3145 3996/1704/3146 3995/1703/3144 3983/1698/3143
f 3985/1700/3147 3997/1705/3147 3996/1704/3146 3984/1699/3145
f 3986/1701/3148 3998/1706/3148 3997/1705/3147 3985/1700/3147
f 3987/1701/3149 3999/1706/3149 3998/1706/3148 3986/1701/3148
f 3988/1700/3150 4000/1705/3150 3999/1706/3149 3987/1701/3149
f 3989/1699/3151 4001/1704/3152 4000/1705/3150 3988/1700/3150
f 3990/1698/3153 4002/1703/3154 4001/1704/3152 3989/1699/3151
f 3991/1697/3139 4003/1702/3155 4002/1703/3154 3990/1698/3153
f 3992/1685/3140 4004/1684/3156 4003/1702/3155 3991/1697/3139
f 3994/1702/3141 3958/1687/220 3957/1686/209 3993/1684/3142
f 3995/1703/3157 3959/1689/23 3958/1687/220 3994/1702/3141
f 3996/1704/3158 3960/1691/25 3959/1689/23 3995/1703/3157
f 3997/1705/3159 3961/1693/27 3960/1691/25 3996/1704/3158
f 3998/1706/535 3962/1695/3018 3961/1693/27 3997/1705/3159
f 3999/1706/537 3963/1695/3020 3962/1695/3018 3998/1706/535
f 4000/1705/3160 3964/1693/33 3963/1695/3020 3999/1706/537
f 4001/1704/3161 3965/1691/35 3964/1693/33 4000/1705/3160
f 4002/1703/3162 3966/1689/36 3965/1691/35 4001/1704/3161
f 4003/1702/3155 3967/1687/233 3966/1689/36 4002/1703/3162
f 4004/1684/3156 3968/1686/219 3967/1687/233 4003/1702/3155
f 4006/1707/1 4008/1708/1 4007/1709/1
f 4006/1707/1 4005/1710/1 4008/1708/1
f 4010/1707/2 4011/1709/2 4012/1708/2
f 4010/1707/2 4012/1708/2 4009/1710/2
f 4014/1711/3163 4026/1712/3164 4025/1707/3165 4013/1710/3166
f 4015/1713/3167 4027/1714/3168 4026/1712/3164 4014/1711/3163
f 4016/1715/3169 4028/1716/3170 4027/1714/3168 4015/1713/3167
f 4017/1717/3171 4029/1718/3172 4028/1716/3170 4016/1715/3169
f 4018/1719/3173 4030/1720/3173 4029/1718/3172 4017/1717/3171
f 4019/1719/3174 4031/1720/3174 4030/1720/3173 4018/1719/3173
f 4020/1717/3175 4032/1718/3176 4031/1720/3174 4019/1719/3174
f 4021/1715/3177 4033/1716/3178 4032/1718/3176 4020/1717/3175
f 4022/1713/3179 4034/1714/3180 4033/1716/3178 4021/1715/3177
f 4023/1711/3181 4035/1712/3182 4034/1714/3180 4022/1713/3179
f 4024/1710/3183 4036/1707/3184 4035/1712/3182 4023/1711/3181
f 4026/1712/3164 4038/1721/505 4037/1709/1162 4025/1707/3165
f 4027/1714/3185 4039/1722/506 4038/1721/505 4026/1712/3164
f 4028/1716/3186 4040/1723/3187 4039/1722/506 4027/1714/3185
f 4029/1718/3188 4041/1724/1515 4040/1723/3187 4028/1716/3186
f 4030/1720/3189 4042/1725/2562 4041/1724/1515 4029/1718/3188
f 4031/1720/3190 4043/1725/2563 4042/1725/2562 4030/1720/3189
f 4032/1718/3191 4044/1724/1516 4043/1725/2563 4031/1720/3190
f 4033/1716/3192 4045/1723/3193 4044/1724/1516 4032/1718/3191
f 4034/1714/3194 4046/1722/507 4045/1723/3193 4033/1716/3192
f 4035/1712/3182 4047/1721/508 4046/1722/507 4034/1714/3194
f 4036/1707/3184 4048/1709/1177 4047/1721/508 4035/1712/3182
f 4038/1721/505 4050/1726/2220 4049/1708/599 4037/1709/1162
f 4039/1722/506 4051/1727/3195 4050/1726/2220 4038/1721/505
f 4040/1723/512 4052/1728/512 4051/1727/3195 4039/1722/506
f 4041/1724/2222 4053/1729/2222 4052/1728/512 4040/1723/512
f 4042/1725/1258 4054/1730/3196 4053/1729/2222 4041/1724/2222
f 4043/1725/1259 4055/1730/3197 4054/1730/3196 4042/1725/1258
f 4044/1724/2223 4056/1729/2223 4055/1730/3197 4043/1725/1259
f 4045/1723/522 4057/1728/522 4056/1729/2223 4044/1724/2223
f 4046/1722/507 4058/1727/3198 4057/1728/522 4045/1723/522
f 4047/1721/508 4059/1726/2225 4058/1727/3198 4046/1722/507
f 4048/1709/1177 4060/1708/613 4059/1726/2225 4047/1721/508
f 4050/1726/2220 4014/1711/3163 4013/1710/3166 4049/1708/599
f 4051/1727/3195 4015/1713/3199 4014/1711/3163 4050/1726/2220
f 4052/1728/319 4016/1715/3200 4015/1713/3199 4051/1727/3195
f 4053/1729/320 4017/1717/3201 4016/1715/3200 4052/1728/319
f 4054/1730/120 4018/1719/3202 4017/1717/3201 4053/1729/320
f 4055/1730/122 4019/1719/3203 4018/1719/3202 4054/1730/120
f 4056/1729/321 4020/1717/3204 4019/1719/3203 4055/1730/122
f 4057/1728/322 4021/1715/3205 4020/1717/3204 4056/1729/321
f 4058/1727/3198 4022/1713/3206 4021/1715/3205 4057/1728/322
f 4059/1726/2225 4023/1711/3181 4022/1713/3206 4058/1727/3198
f 4060/1708/613 4024/1710/3183 4023/1711/3181 4059/1726/2225
usemtl Card_Outer
f 4567/1947/1 4565/1948/1 4568/1949/1
f 4566/1950/1 4565/1948/1 4567/1947/1
f 4571/1947/2 4572/1949/2 4569/1948/2
f 4570/1950/2 4571/1947/2 4569/1948/2
f 4574/1951/2095 4586/1952/39 4585/1950/193 4573/1948/975
f 4575/1953/2097 4587/1954/183 4586/1952/39 4574/1951/2095
f 4576/1955/3552 4588/1956/2100 4587/1954/183 4575/1953/2097
f 4577/1957/2359 4589/1958/1298 4588/1956/2100 4576/1955/3552
f 4578/1959/3553 4590/1960/2539 4589/1958/1298 4577/1957/2359
f 4579/1959/3554 4591/1960/2540 4590/1960/2539 4578/1959/3553
f 4580/1957/2362 4592/1958/1317 4591/1960/2540 4579/1959/3554
f 4581/1955/3555 4593/1956/2108 4592/1958/1317 4580/1957/2362
f 4582/1953/2109 4594/1954/190 4593/1956/2108 4581/1955/3555
f 4583/1951/2096 4595/1952/49 4594/1954/190 4582/1953/2109
f 4584/1948/993 4596/1950/236 4595/1952/49 4583/1951/2096
f 4586/1952/39 4598/1961/3556 4597/1947/3557 4585/1950/193
f 4587/1954/183 4599/1962/3558 4598/1961/3556 4586/1952/39
f 4588/1956/195 4600/1963/3559 4599/1962/3558 4587/1954/183
f 4589/1958/197 4601/1964/3560 4600/1963/3559 4588/1956/195
f 4590/1960/59 4602/1965/3134 4601/1964/3560 4589/1958/197
f 4591/1960/61 4603/1965/3135 4602/1965/3134 4590/1960/59
f 4592/1958/202 4604/1964/3561 4603/1965/3135 4591/1960/61
f 4593/1956/204 4605/1963/3562 4604/1964/3561 4592/1958/202
f 4594/1954/190 4606/1962/3563 4605/1963/3562 4593/1956/204
f 4595/1952/49 4607/1961/3564 4606/1962/3563 4594/1954/190
f 4596/1950/236 4608/1947/3565 4607/1961/3564 4595/1952/49
f 4598/1961/3556 4610/1966/3566 4609/1949/3567 4597/1947/3557
f 4599/1962/3568 4611/1967/3569 4610/1966/3566 4598/1961/3556
f 4600/1963/3570 4612/1968/3571 4611/1967/3569 4599/1962/3568
f 4601/1964/3572 4613/1969/3573 4612/1968/3571 4600/1963/3570
f 4602/1965/3574 4614/1970/3575 4613/1969/3573 4601/1964/3572
f 4603/1965/3576 4615/1970/3577 4614/1970/3575 4602/1965/3574
f 4604/1964/3578 4616/1969/3579 4615/1970/3577 4603/1965/3576
f 4605/1963/3580 4617/1968/3581 4616/1969/3579 4604/1964/3578
f 4606/1962/3582 4618/1967/3583 4617/1968/3581 4605/1963/3580
f 4607/1961/3564 4619/1966/3584 4618/1967/3583 4606/1962/3582
f 4608/1947/3565 4620/1949/3585 4619/1966/3584 4607/1961/3564
f 4610/1966/3566 4574/1951/2095 4573/1948/975 4609/1949/3567
f 4611/1967/3586 4575/1953/634 4574/1951/2095 4610/1966/3566
f 4612/1968/3587 4576/1955/636 4575/1953/634 4611/1967/3586
f 4613/1969/2830 4577/1957/2351 4576/1955/636 4612/1968/3587
f 4614/1970/2352 4578/1959/2352 4577/1957/2351 4613/1969/2830
f 4615/1970/2353 4579/1959/2353 4578/1959/2352 4614/1970/2352
f 4616/1969/2831 4580/1957/2354 4579/1959/2353 4615/1970/2353
f 4617/1968/3588 4581/1955/646 4580/1957/2354 4616/1969/2831
f 4618/1967/3589 4582/1953/648 4581/1955/646 4617/1968/3588
f 4619/1966/3584 4583/1951/2096 4582/1953/648 4618/1967/3589
f 4620/1949/3585 4584/1948/993 4583/1951/2096 4619/1966/3584
f 4624/1971/1 4622/1972/1 4621/1973/1
f 4624/1971/1 4623/1974/1 4622/1972/1
f 4628/1971/2 4625/1973/2 4626/1972/2
f 4628/1971/2 4626/1972/2 4627/1974/2
f 4630/1975/3590 4642/1976/3591 4641/1972/3592 4629/1973/3593
f 4631/1977/3594 4643/1978/3595 4642/1976/3591 4630/1975/3590
f 4632/1979/3596 4644/1980/3597 4643/1978/3595 4631/1977/3594
f 4633/1981/3598 4645/1982/3599 4644/1980/3597 4632/1979/3596
f 4634/1983/3600 4646/1984/3601 4645/1982/3599 4633/1981/3598
f 4635/1983/3602 4647/1984/3603 4646/1984/3601 4634/1983/3600
f 4636/1981/3604 4648/1982/3605 4647/1984/3603 4635/1983/3602
f 4637/1979/3606 4649/1980/3607 4648/1982/3605 4636/1981/3604
f 4638/1977/3608 4650/1978/3609 4649/1980/3607 4637/1979/3606
f 4639/1975/3610 4651/1976/3611 4650/1978/3609 4638/1977/3608
f 4640/1973/3612 4652/1972/3613 4651/1976/3611 4639/1975/3610
f 4642/1976/3591 4654/1985/220 4653/1974/209 4641/1972/3592
f 4643/1978/3614 4655/1986/1312 4654/1985/220 4642/1976/3591
f 4644/1980/3615 4656/1987/25 4655/1986/1312 4643/1978/3614
f 4645/1982/3616 4657/1988/27 4656/1987/25 4644/1980/3615
f 4646/1984/3017 4658/1989/28 4657/1988/27 4645/1982/3616
f 4647/1984/3019 4659/1989/30 4658/1989/28 4646/1984/3017
f 4648/1982/3617 4660/1988/33 4659/1989/30 4647/1984/3019
f 4649/1980/3618 4661/1987/35 4660/1988/33 4648/1982/3617
f 4650/1978/3619 4662/1986/1316 4661/1987/35 4649/1980/3618
f 4651/1976/3611 4663/1985/233 4662/1986/1316 4650/1978/3619
f 4652/1972/3613 4664/1974/219 4663/1985/233 4651/1976/3611
f 4654/1985/220 4666/1990/2792 4665/1971/2122 4653/1974/209
f 4655/1986/1312 4667/1991/2357 4666/1990/2792 4654/1985/220
f 4656/1987/42 4668/1992/2124 4667/1991/2357 4655/1986/1312
f 4657/1988/3620 4669/1993/3621 4668/1992/2124 4656/1987/42
f 4658/1989/356 4670/1994/2103 4669/1993/3621 4657/1988/3620
f 4659/1989/358 4671/1994/2104 4670/1994/2103 4658/1989/356
f 4660/1988/3622 4672/1993/3623 4671/1994/2104 4659/1989/358
f 4661/1987/47 4673/1992/2125 4672/1993/3623 4660/1988/3622
f 4662/1986/1316 4674/1991/2364 4673/1992/2125 4661/1987/47
f 4663/1985/233 4675/1990/2795 4674/1991/2364 4662/1986/1316
f 4664/1974/219 4676/1971/2128 4675/1990/2795 4663/1985/233
f 4666/1990/2792 4630/1975/3590 4629/1973/3593 4665/1971/2122
f 4667/1991/2129 4631/1977/3624 4630/1975/3590 4666/1990/2792
f 4668/1992/2970 4632/1979/3625 4631/1977/3624 4667/1991/2129
f 4669/1993/2131 4633/1981/3626 4632/1979/3625 4668/1992/2970
f 4670/1994/2019 4634/1983/2019 4633/1981/3626 4669/1993/2131
f 4671/1994/2020 4635/1983/2020 4634/1983/2019 4670/1994/2019
f 4672/1993/2132 4636/1981/3627 4635/1983/2020 4671/1994/2020
f 4673/1992/2971 4637/1979/3628 4636/1981/3627 4672/1993/2132
f 4674/1991/2134 4638/1977/3629 4637/1979/3628 4673/1992/2971
f 4675/1990/2795 4639/1975/3610 4638/1977/3629 4674/1991/2134
f 4676/1971/2128 4640/1973/3612 4639/1975/3610 4675/1990/2795
f 4689/1995/1 4678/1996/1 4677/1997/1
f 4687/1998/1 4689/1995/1 4688/1999/1
f 4687/1998/1 4681/2000/1 4689/1995/1
f 4681/2000/1 4678/1996/1 4689/1995/1
f 4681/2000/1 4679/2001/1 4678/1996/1
f 4681/2000/1 4680/2002/1 4679/2001/1
f 4687/1998/1 4682/2003/1 4681/2000/1
f 4687/1998/1 4683/2004/1 4682/2003/1
f 4687/1998/1 4685/2005/1 4683/2004/1
f 4685/2005/1 4684/2006/1 4683/2004/1
f 4687/1998/1 4686/2007/1 4685/2005/1
f 4702/1995/2 4690/1997/2 4691/1996/2
f 4700/1998/2 4701/1999/2 4702/1995/2
f 4700/1998/2 4702/1995/2 4694/2000/2
f 4694/2000/2 4702/1995/2 4691/1996/2
f 4694/2000/2 4691/1996/2 4692/2001/2
f 4694/2000/2 4692/2001/2 4693/2002/2
f 4700/1998/2 4694/2000/2 4695/2003/2
f 4700/1998/2 4695/2003/2 4696/2004/2
f 4700/1998/2 4696/2004/2 4698/2005/2
f 4698/2005/2 4696/2004/2 4697/2006/2
f 4700/1998/2 4698/2005/2 4699/2007/2
f 4704/2008/3630 4716/2009/3631 4715/1996/3632 4703/1997/3633
f 4705/2010/3634 4717/2011/3635 4716/2009/3631 4704/2008/3630
f 4706/2012/3636 4718/2013/3637 4717/2011/3635 4705/2010/3634
f 4707/2014/3638 4719/2015/3375 4718/2013/3637 4706/2012/3636
f 4708/2016/3639 4720/2017/3433 4719/2015/3375 4707/2014/3638
f 4709/2016/3640 4721/2017/3434 4720/2017/3433 4708/2016/3639
f 4710/2014/3641 4722/2015/3379 4721/2017/3434 4709/2016/3640
f 4711/2012/3642 4723/2013/3643 4722/2015/3379 4710/2014/3641
f 4712/2010/3644 4724/2011/3645 4723/2013/3643 4711/2012/3642
f 4713/2008/3646 4725/2009/3647 4724/2011/3645 4712/2010/3644
f 4714/1997/3648 4726/1996/3649 4725/2009/3647 4713/2008/3646
f 4716/2009/3631 4728/2018/3650 4727/2001/3632 4715/1996/3632
f 4717/2011/3635 4729/2019/3651 4728/2018/3650 4716/2009/3631
f 4718/2013/3637 4730/2020/3652 4729/2019/3651 4717/2011/3635
f 4719/2015/3653 4731/2021/3654 4730/2020/3652 4718/2013/3637
f 4720/2017/3655 4732/2022/3656 4731/2021/3654 4719/2015/3653
f 4721/2017/3657 4733/2022/3658 4732/2022/3656 4720/2017/3655
f 4722/2015/3659 4734/2021/3660 4733/2022/3658 4721/2017/3657
f 4723/2013/3643 4735/2020/3661 4734/2021/3660 4722/2015/3659
f 4724/2011/3645 4736/2019/3662 4735/2020/3661 4723/2013/3643
f 4725/2009/3647 4737/2018/3663 4736/2019/3662 4724/2011/3645
f 4726/1996/3649 4738/2001/3649 4737/2018/3663 4725/2009/3647
f 4728/2018/3650 4740/2023/3664 4739/2002/3665 4727/2001/3632
f 4729/2019/3651 4741/2024/3666 4740/2023/3664 4728/2018/3650
f 4730/2020/3652 4742/2025/3667 4741/2024/3666 4729/2019/3651
f 4731/2021/3668 4743/2026/3669 4742/2025/3667 4730/2020/3652
f 4732/2022/3670 4744/2027/3405 4743/2026/3669 4731/2021/3668
f 4733/2022/3671 4745/2027/3406 4744/2027/3405 4732/2022/3670
f 4734/2021/3672 4746/2026/3673 4745/2027/3406 4733/2022/3671
f 4735/2020/3661 4747/2025/3674 4746/2026/3673 4734/2021/3672
f 4736/2019/3662 4748/2024/3675 4747/2025/3674 4735/2020/3661
f 4737/2018/3663 4749/2023/3676 4748/2024/3675 4736/2019/3662
f 4738/2001/3649 4750/2002/3677 4749/2023/3676 4737/2018/3663
f 4740/2023/3664 4752/2028/3678 4751/2000/3665 4739/2002/3665
f 4741/2024/3666 4753/2029/3679 4752/2028/3678 4740/2023/3664
f 4742/2025/3667 4754/2030/3680 4753/2029/3679 4741/2024/3666
f 4743/2026/3681 4755/2031/3682 4754/2030/3680 4742/2025/3667
f 4744/2027/3683 4756/2032/3684 4755/2031/3682 4743/2026/3681
f 4745/2027/3685 4757/2032/3686 4756/2032/3684 4744/2027/3683
f 4746/2026/3687 4758/2031/3688 4757/2032/3686 4745/2027/3685
f 4747/2025/3674 4759/2030/3689 4758/2031/3688 4746/2026/3687
f 4748/2024/3675 4760/2029/3690 4759/2030/3689 4747/2025/3674
f 4749/2023/3676 4761/2028/3691 4760/2029/3690 4748/2024/3675
f 4750/2002/3677 4762/2000/3677 4761/2028/3691 4749/2023/3676
f 4752/2028/3678 4764/2033/3692 4763/2003/3693 4751/2000/3665
f 4753/2029/3679 4765/2034/3694 4764/2033/3692 4752/2028/3678
f 4754/2030/3680 4766/2035/3695 4765/2034/3694 4753/2029/3679
f 4755/2031/3696 4767/2036/3697 4766/2035/3695 4754/2030/3680
f 4756/2032/3377 4768/2037/711 4767/2036/3697 4755/2031/3696
f 4757/2032/3378 4769/2037/712 4768/2037/711 4756/2032/3377
f 4758/2031/3698 4770/2036/3699 4769/2037/712 4757/2032/3378
f 4759/2030/3689 4771/2035/3700 4770/2036/3699 4758/2031/3698
f 4760/2029/3690 4772/2034/3701 4771/2035/3700 4759/2030/3689
f 4761/2028/3691 4773/2033/3702 4772/2034/3701 4760/2029/3690
f 4762/2000/3677 4774/2003/3703 4773/2033/3702 4761/2028/3691
f 4764/2033/3692 4776/2038/3704 4775/2004/3693 4763/2003/3693
f 4765/2034/3694 4777/2039/3705 4776/2038/3704 4764/2033/3692
f 4766/2035/3695 4778/2040/3706 4777/2039/3705 4765/2034/3694
f 4767/2036/3707 4779/2041/3708 4778/2040/3706 4766/2035/3695
f 4768/2037/3709 4780/2042/3710 4779/2041/3708 4767/2036/3707
f 4769/2037/3711 4781/2042/3712 4780/2042/3710 4768/2037/3709
f 4770/2036/3713 4782/2041/3714 4781/2042/3712 4769/2037/3711
f 4771/2035/3700 4783/2040/3715 4782/2041/3714 4770/2036/3713
f 4772/2034/3701 4784/2039/3716 4783/2040/3715 4771/2035/3700
f 4773/2033/3702 4785/2038/3717 4784/2039/3716 4772/2034/3701
f 4774/2003/3703 4786/2004/3703 4785/2038/3717 4773/2033/3702
f 4776/2038/3704 4788/2043/3718 4787/2006/3719 4775/2004/3693
f 4777/2039/3705 4789/2044/3720 4788/2043/3718 4776/2038/3704
f 4778/2040/3706 4790/2045/3721 4789/2044/3720 4777/2039/3705
f 4779/2041/3722 4791/2046/3723 4790/2045/3721 4778/2040/3706
f 4780/2042/1544 4792/2047/3670 4791/2046/3723 4779/2041/3722
f 4781/2042/1545 4793/2047/3671 4792/2047/3670 4780/2042/1544
f 4782/2041/3724 4794/2046/3725 4793/2047/3671 4781/2042/1545
f 4783/2040/3715 4795/2045/3726 4794/2046/3725 4782/2041/3724
f 4784/2039/3716 4796/2044/3727 4795/2045/3726 4783/2040/3715
f 4785/2038/3717 4797/2043/3728 4796/2044/3727 4784/2039/3716
f 4786/2004/3703 4798/2006/3729 4797/2043/3728 4785/2038/3717
f 4788/2043/3718 4800/2048/3730 4799/2005/3719 4787/2006/3719
f 4789/2044/3720 4801/2049/3731 4800/2048/3730 4788/2043/3718
f 4790/2045/3721 4802/2050/3732 4801/2049/3731 4789/2044/3720
f 4791/2046/3733 4803/2051/3734 4802/2050/3732 4790/2045/3721
f 4792/2047/3735 4804/2052/3736 4803/2051/3734 4791/2046/3733
f 4793/2047/3737 4805/2052/3738 4804/2052/3736 4792/2047/3735
f 4794/2046/3739 4806/2051/3740 4805/2052/3738 4793/2047/3737
f 4795/2045/3726 4807/2050/3741 4806/2051/3740 4794/2046/3739
f 4796/2044/3727 4808/2049/3742 4807/2050/3741 4795/2045/3726
f 4797/2043/3728 4809/2048/3743 4808/2049/3742 4796/2044/3727
f 4798/2006/3729 4810/2005/3729 4809/2048/3743 4797/2043/3728
f 4800/2048/3730 4812/2053/2095 4811/2007/975 4799/2005/3719
f 4801/2049/3731 4813/2054/1941 4812/2053/2095 4800/2048/3730
f 4802/2050/3732 4814/2055/2968 4813/2054/1941 4801/2049/3731
f 4803/2051/3432 4815/2056/1942 4814/2055/2968 4802/2050/3732
f 4804/2052/3433 4816/2057/1943 4815/2056/1942 4803/2051/3432
f 4805/2052/3434 4817/2057/1944 4816/2057/1943 4804/2052/3433
f 4806/2051/3436 4818/2056/1945 4817/2057/1944 4805/2052/3434
f 4807/2050/3741 4819/2055/2969 4818/2056/1945 4806/2051/3436
f 4808/2049/3742 4820/2054/1946 4819/2055/2969 4807/2050/3741
f 4809/2048/3743 4821/2053/2096 4820/2054/1946 4808/2049/3742
f 4810/2005/3729 4822/2007/993 4821/2053/2096 4809/2048/3743
f 4812/2053/2095 4824/2058/2792 4823/1998/2122 4811/2007/975
f 4813/2054/2357 4825/2059/2357 4824/2058/2792 4812/2053/2095
f 4814/2055/2099 4826/2060/2124 4825/2059/2357 4813/2054/2357
f 4815/2056/2101 4827/2061/2101 4826/2060/2124 4814/2055/2099
f 4816/2057/2103 4828/2062/2103 4827/2061/2101 4815/2056/2101
f 4817/2057/2104 4829/2062/2104 4828/2062/2103 4816/2057/2103
f 4818/2056/2105 4830/2061/2105 4829/2062/2104 4817/2057/2104
f 4819/2055/2107 4831/2060/2125 4830/2061/2105 4818/2056/2105
f 4820/2054/2364 4832/2059/2364 4831/2060/2125 4819/2055/2107
f 4821/2053/2096 4833/2058/2795 4832/2059/2364 4820/2054/2364
f 4822/2007/993 4834/1998/2128 4833/2058/2795 4821/2053/2096
f 4824/2058/2792 4836/2063/3744 4835/1999/3745 4823/1998/2122
f 4825/2059/2016 4837/2064/3746 4836/2063/3744 4824/2058/2792
f 4826/2060/2017 4838/2065/3747 4837/2064/3746 4825/2059/2016
f 4827/2061/2018 4839/2066/3510 4838/2065/3747 4826/2060/2017
f 4828/2062/2019 4840/2067/2019 4839/2066/3510 4827/2061/2018
f 4829/2062/2020 4841/2067/2020 4840/2067/2019 4828/2062/2019
f 4830/2061/2021 4842/2066/3511 4841/2067/2020 4829/2062/2020
f 4831/2060/2022 4843/2065/3748 4842/2066/3511 4830/2061/2021
f 4832/2059/2023 4844/2064/3749 4843/2065/3748 4831/2060/2022
f 4833/2058/2795 4845/2063/3750 4844/2064/3749 4832/2059/2023
f 4834/1998/2128 4846/1999/3751 4845/2063/3750 4833/2058/2795
f 4836/2063/3744 4848/2068/3752 4847/1995/3753 4835/1999/3745
f 4837/2064/3754 4849/2069/3755 4848/2068/3752 4836/2063/3744
f 4838/2065/3756 4850/2070/3757 4849/2069/3755 4837/2064/3754
f 4839/2066/3758 4851/2071/3759 4850/2070/3757 4838/2065/3756
f 4840/2067/3760 4852/2072/3761 4851/2071/3759 4839/2066/3758
f 4841/2067/3762 4853/2072/3763 4852/2072/3761 4840/2067/3760
f 4842/2066/3764 4854/2071/3765 4853/2072/3763 4841/2067/3762
f 4843/2065/3766 4855/2070/3767 4854/2071/3765 4842/2066/3764
f 4844/2064/3768 4856/2069/3769 4855/2070/3767 4843/2065/3766
f 4845/2063/3750 4857/2068/3770 4856/2069/3769 4844/2064/3768
f 4846/1999/3751 4858/1995/3771 4857/2068/3770 4845/2063/3750
f 4848/2068/3752 4704/2008/3630 4703/1997/3633 4847/1995/3753
f 4849/2069/3755 4705/2010/3772 4704/2008/3630 4848/2068/3752
f 4850/2070/3773 4706/2012/3774 4705/2010/3772 4849/2069/3755
f 4851/2071/3273 4707/2014/3775 4706/2012/3774 4850/2070/3773
f 4852/2072/1185 4708/2016/3776 4707/2014/3775 4851/2071/3273
f 4853/2072/1187 4709/2016/3777 4708/2016/3776 4852/2072/1185
f 4854/2071/3277 4710/2014/3778 4709/2016/3777 4853/2072/1187
f 4855/2070/3779 4711/2012/3780 4710/2014/3778 4854/2071/3277
f 4856/2069/3769 4712/2010/3781 4711/2012/3780 4855/2070/3779
f 4857/2068/3770 4713/2008/3646 4712/2010/3781 4856/2069/3769
f 4858/1995/3771 4714/1997/3648 4713/2008/3646 4857/2068/3770
f 4870/2073/1 4859/2074/1 4871/2075/1
f 4859/2074/1 4861/2076/1 4860/2077/1
f 4870/2073/1 4867/2078/1 4859/2074/1
f 4867/2078/1 4861/2076/1 4859/2074/1
f 4869/2079/1 4867/2078/1 4870/2073/1
f 4868/2080/1 4867/2078/1 4869/2079/1
f 4866/2081/1 4861/2076/1 4867/2078/1
f 4865/2082/1 4861/2076/1 4866/2081/1
f 4864/2083/1 4863/2084/1 4865/2082/1
f 4863/2084/1 4861/2076/1 4865/2082/1
f 4862/2085/1 4861/2076/1 4863/2084/1
f 4883/2073/2 4884/2075/2 4872/2074/2
f 4872/2074/2 4873/2077/2 4874/2076/2
f 4883/2073/2 4872/2074/2 4880/2078/2
f 4880/2078/2 4872/2074/2 4874/2076/2
f 4882/2079/2 4883/2073/2 4880/2078/2
f 4881/2080/2 4882/2079/2 4880/2078/2
f 4879/2081/2 4880/2078/2 4874/2076/2
f 4878/2082/2 4879/2081/2 4874/2076/2
f 4877/2083/2 4878/2082/2 4876/2084/2
f 4876/2084/2 4878/2082/2 4874/2076/2
f 4875/2085/2 4876/2084/2 4874/2076/2
f 4886/2086/3782 4898/2087/3783 4897/2077/3784 4885/2074/3785
f 4887/2088/3786 4899/2089/3787 4898/2087/3783 4886/2086/3782
f 4888/2090/3788 4900/2091/3789 4899/2089/3787 4887/2088/3786
f 4889/2092/3790 4901/2093/3791 4900/2091/3789 4888/2090/3788
f 4890/2094/3792 4902/2095/3793 4901/2093/3791 4889/2092/3790
f 4891/2094/3794 4903/2095/3795 4902/2095/3793 4890/2094/3792
f 4892/2092/3796 4904/2093/3797 4903/2095/3795 4891/2094/3794
f 4893/2090/3798 4905/2091/3799 4904/2093/3797 4892/2092/3796
f 4894/2088/3800 4906/2089/3801 4905/2091/3799 4893/2090/3798
f 4895/2086/3802 4907/2087/3803 4906/2089/3801 4894/2088/3800
f 4896/2074/3804 4908/2077/3805 4907/2087/3803 4895/2086/3802
f 4898/2087/3783 4910/2096/2095 4909/2076/975 4897/2077/3784
f 4899/2089/3806 4911/2097/1941 4910/2096/2095 4898/2087/3783
f 4900/2091/3807 4912/2098/636 4911/2097/1941 4899/2089/3806
f 4901/2093/3808 4913/2099/1942 4912/2098/636 4900/2091/3807
f 4902/2095/1943 4914/2100/1943 4913/2099/1942 4901/2093/3808
f 4903/2095/1944 4915/2100/1944 4914/2100/1943 4902/2095/1943
f 4904/2093/3809 4916/2099/1945 4915/2100/1944 4903/2095/1944
f 4905/2091/3810 4917/2098/646 4916/2099/1945 4904/2093/3809
f 4906/2089/3811 4918/2097/1946 4917/2098/646 4905/2091/3810
f 4907/2087/3803 4919/2096/2096 4918/2097/1946 4906/2089/3811
f 4908/2077/3805 4920/2076/993 4919/2096/2096 4907/2087/3803
f 4910/2096/2095 4922/2101/2792 4921/2085/2122 4909/2076/975
f 4911/2097/2097 4923/2102/2097 4922/2101/2792 4910/2096/2095
f 4912/2098/2124 4924/2103/2124 4923/2102/2097 4911/2097/2097
f 4913/2099/3621 4925/2104/3621 4924/2103/2124 4912/2098/2124
f 4914/2100/2103 4926/2105/2103 4925/2104/3621 4913/2099/3621
f 4915/2100/2104 4927/2105/2104 4926/2105/2103 4914/2100/2103
f 4916/2099/3623 4928/2104/3623 4927/2105/2104 4915/2100/2104
f 4917/2098/2125 4929/2103/2125 4928/2104/3623 4916/2099/3623
f 4918/2097/2109 4930/2102/2109 4929/2103/2125 4917/2098/2125
f 4919/2096/2096 4931/2101/2795 4930/2102/2109 4918/2097/2109
f 4920/2076/993 4932/2085/2128 4931/2101/2795 4919/2096/2096
f 4922/2101/2792 4934/2106/3812 4933/2084/3813 4921/2085/2122
f 4923/2102/2129 4935/2107/3814 4934/2106/3812 4922/2101/2792
f 4924/2103/2130 4936/2108/3815 4935/2107/3814 4923/2102/2129
f 4925/2104/2131 4937/2109/3816 4936/2108/3815 4924/2103/2130
f 4926/2105/2019 4938/2110/419 4937/2109/3816 4925/2104/2131
f 4927/2105/2020 4939/2110/420 4938/2110/419 4926/2105/2019
f 4928/2104/2132 4940/2109/3817 4939/2110/420 4927/2105/2020
f 4929/2103/2133 4941/2108/3818 4940/2109/3817 4928/2104/2132
f 4930/2102/2134 4942/2107/3819 4941/2108/3818 4929/2103/2133
f 4931/2101/2795 4943/2106/3820 4942/2107/3819 4930/2102/2134
f 4932/2085/2128 4944/2084/3821 4943/2106/3820 4931/2101/2795
f 4934/2106/3812 4946/2111/3822 4945/2083/3813 4933/2084/3813
f 4935/2107/3814 4947/2112/3823 4946/2111/3822 4934/2106/3812
f 4936/2108/3815 4948/2113/3824 4947/2112/3823 4935/2107/3814
f 4937/2109/3825 4949/2114/3826 4948/2113/3824 4936/2108/3815
f 4938/2110/3827 4950/2115/3828 4949/2114/3826 4937/2109/3825
f 4939/2110/3829 4951/2115/3830 4950/2115/3828 4938/2110/3827
f 4940/2109/3831 4952/2114/3832 4951/2115/3830 4939/2110/3829
f 4941/2108/3818 4953/2113/3833 4952/2114/3832 4940/2109/3831
f 4942/2107/3819 4954/2112/3834 4953/2113/3833 4941/2108/3818
f 4943/2106/3820 4955/2111/3835 4954/2112/3834 4942/2107/3819
f 4944/2084/3821 4956/2083/3821 4955/2111/3835 4943/2106/3820
f 4946/2111/3822 4958/2116/3836 4957/2082/3837 4945/2083/3813
f 4947/2112/3823 4959/2117/3838 4958/2116/3836 4946/2111/3822
f 4948/2113/3824 4960/2118/3839 4959/2117/3838 4947/2112/3823
f 4949/2114/3840 4961/2119/3841 4960/2118/3839 4948/2113/3824
f 4950/2115/447 4962/2120/448 4961/2119/3841 4949/2114/3840
f 4951/2115/449 4963/2120/450 4962/2120/448 4950/2115/447
f 4952/2114/3842 4964/2119/3843 4963/2120/450 4951/2115/449
f 4953/2113/3833 4965/2118/3844 4964/2119/3843 4952/2114/3842
f 4954/2112/3834 4966/2117/3845 4965/2118/3844 4953/2113/3833
f 4955/2111/3835 4967/2116/3846 4966/2117/3845 4954/2112/3834
f 4956/2083/3821 4968/2082/3847 4967/2116/3846 4955/2111/3835
f 4958/2116/3836 4970/2121/3848 4969/2081/3837 4957/2082/3837
f 4959/2117/3838 4971/2122/3849 4970/2121/3848 4958/2116/3836
f 4960/2118/3839 4972/2123/3850 4971/2122/3849 4959/2117/3838
f 4961/2119/3851 4973/2124/3852 4972/2123/3850 4960/2118/3839
f 4962/2120/3853 4974/2125/3854 4973/2124/3852 4961/2119/3851
f 4963/2120/3855 4975/2125/3856 4974/2125/3854 4962/2120/3853
f 4964/2119/3857 4976/2124/3858 4975/2125/3856 4963/2120/3855
f 4965/2118/3844 4977/2123/3859 4976/2124/3858 4964/2119/3857
f 4966/2117/3845 4978/2122/3860 4977/2123/3859 4965/2118/3844
f 4967/2116/3846 4979/2121/3861 4978/2122/3860 4966/2117/3845
f 4968/2082/3847 4980/2081/3847 4979/2121/3861 4967/2116/3846
f 4970/2121/3848 4982/2126/3862 4981/2078/3863 4969/2081/3837
f 4971/2122/3849 4983/2127/3864 4982/2126/3862 4970/2121/3848
f 4972/2123/3850 4984/2128/3865 4983/2127/3864 4971/2122/3849
f 4973/2124/418 4985/2129/3507 4984/2128/3865 4972/2123/3850
f 4974/2125/419 4986/2130/478 4985/2129/3507 4973/2124/418
f 4975/2125/420 4987/2130/480 4986/2130/478 4974/2125/419
f 4976/2124/422 4988/2129/3508 4987/2130/480 4975/2125/420
f 4977/2123/3859 4989/2128/3866 4988/2129/3508 4976/2124/422
f 4978/2122/3860 4990/2127/3867 4989/2128/3866 4977/2123/3859
f 4979/2121/3861 4991/2126/3868 4990/2127/3867 4978/2122/3860
f 4980/2081/3847 4992/2078/3869 4991/2126/3868 4979/2121/3861
f 4982/2126/3862 4994/2131/3870 4993/2080/3863 4981/2078/3863
f 4983/2127/3864 4995/2132/3871 4994/2131/3870 4982/2126/3862
f 4984/2128/3865 4996/2133/3872 4995/2132/3871 4983/2127/3864
f 4985/2129/3873 4997/2134/3874 4996/2133/3872 4984/2128/3865
f 4986/2130/3875 4998/2135/3876 4997/2134/3874 4985/2129/3873
f 4987/2130/3877 4999/2135/3878 4998/2135/3876 4986/2130/3875
f 4988/2129/3879 5000/2134/3880 4999/2135/3878 4987/2130/3877
f 4989/2128/3866 5001/2133/3881 5000/2134/3880 4988/2129/3879
f 4990/2127/3867 5002/2132/3882 5001/2133/3881 4989/2128/3866
f 4991/2126/3868 5003/2131/3883 5002/2132/3882 4990/2127/3867
f 4992/2078/3869 5004/2080/3869 5003/2131/3883 4991/2126/3868
f 4994/2131/3870 5006/2136/3884 5005/2079/3885 4993/2080/3863
f 4995/2132/3871 5007/2137/3886 5006/2136/3884 4994/2131/3870
f 4996/2133/3872 5008/2138/3887 5007/2137/3886 4995/2132/3871
f 4997/2134/446 5009/2139/3888 5008/2138/3887 4996/2133/3872
f 4998/2135/447 5010/2140/3889 5009/2139/3888 4997/2134/446
f 4999/2135/449 5011/2140/3890 5010/2140/3889 4998/2135/447
f 5000/2134/452 5012/2139/3891 5011/2140/3890 4999/2135/449
f 5001/2133/3881 5013/2138/3892 5012/2139/3891 5000/2134/452
f 5002/2132/3882 5014/2137/3893 5013/2138/3892 5001/2133/3881
f 5003/2131/3883 5015/2136/3894 5014/2137/3893 5002/2132/3882
f 5004/2080/3869 5016/2079/3895 5015/2136/3894 5003/2131/3883
f 5006/2136/3884 5018/2141/3896 5017/2073/3885 5005/2079/3885
f 5007/2137/3886 5019/2142/3897 5018/2141/3896 5006/2136/3884
f 5008/2138/3887 5020/2143/3898 5019/2142/3897 5007/2137/3886
f 5009/2139/3899 5021/2144/3900 5020/2143/3898 5008/2138/3887
f 5010/2140/3901 5022/2145/3902 5021/2144/3900 5009/2139/3899
f 5011/2140/3903 5023/2145/3904 5022/2145/3902 5010/2140/3901
f 5012/2139/3905 5024/2144/3906 5023/2145/3904 5011/2140/3903
f 5013/2138/3892 5025/2143/3907 5024/2144/3906 5012/2139/3905
f 5014/2137/3893 5026/2142/3908 5025/2143/3907 5013/2138/3892
f 5015/2136/3894 5027/2141/3909 5026/2142/3908 5014/2137/3893
f 5016/2079/3895 5028/2073/3895 5027/2141/3909 5015/2136/3894
f 5018/2141/3896 5030/2146/3910 5029/2075/3911 5017/2073/3885
f 5019/2142/3897 5031/2147/3912 5030/2146/3910 5018/2141/3896
f 5020/2143/3898 5032/2148/3042 5031/2147/3912 5019/2142/3897
f 5021/2144/3913 5033/2149/3044 5032/2148/3042 5020/2143/3898
f 5022/2145/3914 5034/2150/3046 5033/2149/3044 5021/2144/3913
f 5023/2145/3915 5035/2150/3048 5034/2150/3046 5022/2145/3914
f 5024/2144/3916 5036/2149/3050 5035/2150/3048 5023/2145/3915
f 5025/2143/3907 5037/2148/3052 5036/2149/3050 5024/2144/3916
f 5026/2142/3908 5038/2147/3917 5037/2148/3052 5025/2143/3907
f 5027/2141/3909 5039/2146/3918 5038/2147/3917 5026/2142/3908
f 5028/2073/3895 5040/2075/3919 5039/2146/3918 5027/2141/3909
f 5030/2146/3910 4886/2086/3782 4885/2074/3785 5029/2075/3911
f 5031/2147/3920 4887/2088/3786 4886/2086/3782 5030/2146/3910
f 5032/2148/3921 4888/2090/3922 4887/2088/3786 5031/2147/3920
f 5033/2149/3923 4889/2092/3924 4888/2090/3922 5032/2148/3921
f 5034/2150/3925 4890/2094/3926 4889/2092/3924 5033/2149/3923
f 5035/2150/3927 4891/2094/3928 4890/2094/3926 5034/2150/3925
f 5036/2149/3929 4892/2092/3930 4891/2094/3928 5035/2150/3927
f 5037/2148/3931 4893/2090/3932 4892/2092/3930 5036/2149/3929
f 5038/2147/3933 4894/2088/3800 4893/2090/3932 5037/2148/3931
f 5039/2146/3918 4895/2086/3802 4894/2088/3800 5038/2147/3933
f 5040/2075/3919 4896/2074/3804 4895/2086/3802 5039/2146/3918
f 5041/2151/1 5043/2152/1 5042/2153/1
f 5041/2151/1 5044/2154/1 5043/2152/1
f 5045/2151/2 5046/2153/2 5047/2152/2
f 5045/2151/2 5047/2152/2 5048/2154/2
f 5050/2155/3934 5062/2156/83 5061/2153/84 5049/2151/3935
f 5051/2157/3185 5063/2158/1252 5062/2156/83 5050/2155/3934
f 5052/2159/3936 5064/2160/2209 5063/2158/1252 5051/2157/3185
f 5053/2161/3937 5065/2162/3938 5064/2160/2209 5052/2159/3936
f 5054/2163/3939 5066/2164/255 5065/2162/3938 5053/2161/3937
f 5055/2163/3940 5067/2164/257 5066/2164/255 5054/2163/3939
f 5056/2161/3941 5068/2162/3942 5067/2164/257 5055/2163/3940
f 5057/2159/3943 5069/2160/97 5068/2162/3942 5056/2161/3941
f 5058/2157/3944 5070/2158/1255 5069/2160/97 5057/2159/3943
f 5059/2155/3945 5071/2156/99 5070/2158/1255 5058/2157/3944
f 5060/2151/3946 5072/2153/100 5071/2156/99 5059/2155/3945
f 5062/2156/83 5074/2165/3947 5073/2152/3948 5061/2153/84
f 5063/2158/1252 5075/2166/3949 5074/2165/3947 5062/2156/83
f 5064/2160/3336 5076/2167/3950 5075/2166/3949 5063/2158/1252
f 5065/2162/3951 5077/2168/3952 5076/2167/3950 5064/2160/3336
f 5066/2164/1258 5078/2169/3953 5077/2168/3952 5065/2162/3951
f 5067/2164/1259 5079/2169/3954 5078/2169/3953 5066/2164/1258
f 5068/2162/3955 5080/2168/3956 5079/2169/3954 5067/2164/1259
f 5069/2160/3338 5081/2167/3957 5080/2168/3956 5068/2162/3955
f 5070/2158/1255 5082/2166/3958 5081/2167/3957 5069/2160/3338
f 5071/2156/99 5083/2165/3959 5082/2166/3958 5070/2158/1255
f 5072/2153/100 5084/2152/3960 5083/2165/3959 5071/2156/99
f 5074/2165/3947 5086/2170/3961 5085/2154/3962 5073/2152/3948
f 5075/2166/3963 5087/2171/3964 5086/2170/3961 5074/2165/3947
f 5076/2167/3965 5088/2172/3966 5087/2171/3964 5075/2166/3963
f 5077/2168/3967 5089/2173/3968 5088/2172/3966 5076/2167/3965
f 5078/2169/3969 5090/2174/3970 5089/2173/3968 5077/2168/3967
f 5079/2169/3971 5091/2174/3972 5090/2174/3970 5078/2169/3969
f 5080/2168/3973 5092/2173/3974 5091/2174/3972 5079/2169/3971
f 5081/2167/3975 5093/2172/3976 5092/2173/3974 5080/2168/3973
f 5082/2166/3977 5094/2171/3978 5093/2172/3976 5081/2167/3975
f 5083/2165/3959 5095/2170/3979 5094/2171/3978 5082/2166/3977
f 5084/2152/3960 5096/2154/3980 5095/2170/3979 5083/2165/3959
f 5086/2170/3961 5050/2155/3934 5049/2151/3935 5085/2154/3962
f 5087/2171/3981 5051/2157/3982 5050/2155/3934 5086/2170/3961
f 5088/2172/3983 5052/2159/3984 5051/2157/3982 5087/2171/3981
f 5089/2173/3985 5053/2161/3986 5052/2159/3984 5088/2172/3983
f 5090/2174/3987 5054/2163/3988 5053/2161/3986 5089/2173/3985
f 5091/2174/3989 5055/2163/3990 5054/2163/3988 5090/2174/3987
f 5092/2173/3991 5056/2161/3992 5055/2163/3990 5091/2174/3989
f 5093/2172/3993 5057/2159/3994 5056/2161/3992 5092/2173/3991
f 5094/2171/3995 5058/2157/3996 5057/2159/3994 5093/2172/3993
f 5095/2170/3979 5059/2155/3945 5058/2157/3996 5094/2171/3995
f 5096/2154/3980 5060/2151/3946 5059/2155/3945 5095/2170/3979
f 5097/2175/1 5099/2176/1 5098/2177/1
f 5097/2175/1 5100/2178/1 5099/2176/1
f 5101/2175/2 5102/2177/2 5103/2176/2
f 5101/2175/2 5103/2176/2 5104/2178/2
f 5106/2179/3997 5118/2180/3998 5117/2177/3999 5105/2175/4000
f 5107/2181/4001 5119/2182/4002 5118/2180/3998 5106/2179/3997
f 5108/2183/4003 5120/2184/4004 5119/2182/4002 5107/2181/4001
f 5109/2185/4005 5121/2186/4006 5120/2184/4004 5108/2183/4003
f 5110/2187/4007 5122/2188/4008 5121/2186/4006 5109/2185/4005
f 5111/2187/4009 5123/2188/4010 5122/2188/4008 5110/2187/4007
f 5112/2185/4011 5124/2186/4012 5123/2188/4010 5111/2187/4009
f 5113/2183/4013 5125/2184/4014 5124/2186/4012 5112/2185/4011
f 5114/2181/4015 5126/2182/4016 5125/2184/4014 5113/2183/4013
f 5115/2179/4017 5127/2180/4018 5126/2182/4016 5114/2181/4015
f 5116/2175/4019 5128/2177/4020 5127/2180/4018 5115/2179/4017
f 5118/2180/3998 5130/2189/101 5129/2176/102 5117/2177/3999
f 5119/2182/4021 5131/2190/4022 5130/2189/101 5118/2180/3998
f 5120/2184/4023 5132/2191/512 5131/2190/4022 5119/2182/4021
f 5121/2186/4024 5133/2192/4025 5132/2191/512 5120/2184/4023
f 5122/2188/1932 5134/2193/4026 5133/2192/4025 5121/2186/4024
f 5123/2188/1934 5135/2193/4027 5134/2193/4026 5122/2188/1932
f 5124/2186/4028 5136/2192/4029 5135/2193/4027 5123/2188/1934
f 5125/2184/4030 5137/2191/522 5136/2192/4029 5124/2186/4028
f 5126/2182/4031 5138/2190/112 5137/2191/522 5125/2184/4030
f 5127/2180/4018 5139/2189/113 5138/2190/112 5126/2182/4031
f 5128/2177/4020 5140/2176/114 5139/2189/113 5127/2180/4018
f 5130/2189/101 5142/2194/4032 5141/2178/4033 5129/2176/102
f 5131/2190/4022 5143/2195/3199 5142/2194/4032 5130/2189/101
f 5132/2191/4034 5144/2196/4035 5143/2195/3199 5131/2190/4022
f 5133/2192/320 5145/2197/4036 5144/2196/4035 5132/2191/4034
f 5134/2193/2380 5146/2198/4037 5145/2197/4036 5133/2192/320
f 5135/2193/2381 5147/2198/4038 5146/2198/4037 5134/2193/2380
f 5136/2192/321 5148/2197/4039 5147/2198/4038 5135/2193/2381
f 5137/2191/4040 5149/2196/4041 5148/2197/4039 5136/2192/321
f 5138/2190/112 5150/2195/4042 5149/2196/4041 5137/2191/4040
f 5139/2189/113 5151/2194/4043 5150/2195/4042 5138/2190/112
f 5140/2176/114 5152/2178/4044 5151/2194/4043 5139/2189/113
f 5142/2194/4032 5106/2179/3997 5105/2175/4000 5141/2178/4033
f 5143/2195/4045 5107/2181/4046 5106/2179/3997 5142/2194/4032
f 5144/2196/3984 5108/2183/4047 5107/2181/4046 5143/2195/4045
f 5145/2197/3986 5109/2185/3985 5108/2183/4047 5144/2196/3984
f 5146/2198/3988 5110/2187/3987 5109/2185/3985 5145/2197/3986
f 5147/2198/3990 5111/2187/3989 5110/2187/3987 5146/2198/3988
f 5148/2197/3992 5112/2185/3991 5111/2187/3989 5147/2198/3990
f 5149/2196/3994 5113/2183/4048 5112/2185/3991 5148/2197/3992
f 5150/2195/4049 5114/2181/4050 5113/2183/4048 5149/2196/3994
f 5151/2194/4043 5115/2179/4017 5114/2181/4050 5150/2195/4049
f 5152/2178/4044 5116/2175/4019 5115/2179/4017 5151/2194/4043
